_source_row,product_id,warehouse_country,stock_quantity,last_stock_update,product_id_raw,warehouse_country_raw,stock_quantity_raw,last_stock_update_raw,warehouse_country_unrecognized_flag,warehouse_country_missing_flag,stock_invalid_format_flag,stock_fractional_flag,stock_zero_flag,stock_negative_flag,last_stock_update_status,last_stock_update_format,last_stock_update_ambiguous_flag,days_since_stock_update,stock_update_after_reference_flag,stale_stock_update_review_flag,missing_product_reference_flag,stock_review_flag
1,1,Germany,430,2024-10-11,1,Germany,430,11-10-2024,False,False,False,False,False,False,valid,DD-MM-YYYY,True,81.0,False,False,False,True
2,1,Czech Republic,129,2024-09-17,1,Czech,129,2024-09-17,False,False,False,False,False,False,valid,YYYY-MM-DD,False,105.0,False,True,False,True
3,2,Poland,0,2024-07-06,2,Polska,0,2024-07-06,False,False,False,False,True,False,valid,YYYY-MM-DD,False,178.0,False,True,False,True
4,2,Czech Republic,143,2023-10-13,2,Czechia,143,2023-10-13,False,False,False,False,False,False,valid,YYYY-MM-DD,False,445.0,False,True,False,True
5,3,Germany,46,2024-01-25,3,GER,46,2024-01-25,False,False,False,False,False,False,valid,YYYY-MM-DD,False,341.0,False,True,False,True
6,4,Poland,21,2024-04-04,4,POL,21,2024/04/04,False,False,False,False,False,False,valid,YYYY-MM-DD,False,271.0,False,True,False,True
7,5,Poland,212,2024-10-20,5,Polska,212,2024/10/20,False,False,False,False,False,False,valid,YYYY-MM-DD,False,72.0,False,False,False,True
8,5,Czech Republic,237,2024-09-14,5,CZ,237,2024-09-14,False,False,False,False,False,False,valid,YYYY-MM-DD,False,108.0,False,True,False,True
9,6,Czech Republic,177,2023-12-28,6,Czech,177,2023-12-28,False,False,False,False,False,False,valid,YYYY-MM-DD,False,369.0,False,True,False,True
10,7,Czech Republic,62,2024-08-31,7,Czech,62,2024-08-31,False,False,False,False,False,False,valid,YYYY-MM-DD,False,122.0,False,True,False,True
11,8,Poland,134,2024-04-26,8,pl,134,2024-04-26,False,False,False,False,False,False,valid,YYYY-MM-DD,False,249.0,False,True,False,True
12,9,Poland,156,2023-09-07,9,Polska,156,2023.09.07,False,False,False,False,False,False,valid,YYYY-MM-DD,False,481.0,False,True,False,True
13,10,Poland,145,2023-07-17,10,pl,145,2023-07-17,False,False,False,False,False,False,valid,YYYY-MM-DD,False,533.0,False,True,False,True
14,11,Germany,299,2024-08-09,11,germany,299,2024-08-09,False,False,False,False,False,False,valid,YYYY-MM-DD,False,144.0,False,True,False,True
15,11,Czech Republic,0,2024-02-17,11,Czech Republic,0,2024/02/17,False,False,False,False,True,False,valid,YYYY-MM-DD,False,318.0,False,True,False,True
16,12,Germany,136,2024-06-07,12,Germany,136,2024-06-07,False,False,False,False,False,False,valid,YYYY-MM-DD,False,207.0,False,True,False,True
17,13,Czech Republic,59,2024-01-19,13,Czechia,59,2024-01-19,False,False,False,False,False,False,valid,YYYY-MM-DD,False,347.0,False,True,False,True
18,14,Germany,441,2024-03-10,14,DE,441,2024-03-10,False,False,False,False,False,False,valid,YYYY-MM-DD,False,296.0,False,True,False,True
19,15,Germany,0,2024-11-27,15,Deutschland,0,2024/11/27,False,False,False,False,True,False,valid,YYYY-MM-DD,False,34.0,False,False,False,True
20,16,Czech Republic,183,2023-05-28,16,czechia,183,2023/05/28,False,False,False,False,False,False,valid,YYYY-MM-DD,False,583.0,False,True,False,True
21,17,Germany,138,2024-11-23,17,Deutschland,138,2024/11/23,False,False,False,False,False,False,valid,YYYY-MM-DD,False,38.0,False,False,False,True
22,18,Germany,308,2023-07-09,18,GER,308,2023-07-09,False,False,False,False,False,False,valid,YYYY-MM-DD,False,541.0,False,True,False,True
23,19,Poland,164,2024-06-13,19,POL,164,2024-06-13,False,False,False,False,False,False,valid,YYYY-MM-DD,False,201.0,False,True,False,True
24,20,Czech Republic,22,2023-07-12,20,CZ,22,12/07/2023,False,False,False,False,False,False,valid,DD-MM-YYYY,True,538.0,False,True,False,True
25,20,Germany,197,2024-06-24,20,Germany,197,2024/06/24,False,False,False,False,False,False,valid,YYYY-MM-DD,False,190.0,False,True,False,True
26,21,Poland,146,2024-03-05,21,Polska,146,2024-03-05,False,False,False,False,False,False,valid,YYYY-MM-DD,False,301.0,False,True,False,True
27,22,Czech Republic,325,2024-05-25,22,czechia,325,25-05-2024,False,False,False,False,False,False,valid,DD-MM-YYYY,False,220.0,False,True,False,True
28,23,Czech Republic,102,2024-08-13,23,Czech,102,2024-08-13,False,False,False,False,False,False,valid,YYYY-MM-DD,False,140.0,False,True,False,True
29,24,Czech Republic,160,2024-09-17,24,Czechia,160,2024-09-17,False,False,False,False,False,False,valid,YYYY-MM-DD,False,105.0,False,True,False,True
30,24,Poland,217,2024-01-23,24,POL,217,2024-01-23,False,False,False,False,False,False,valid,YYYY-MM-DD,False,343.0,False,True,False,True
31,25,Czech Republic,105,2024-10-16,25,CZ,105,2024.10.16,False,False,False,False,False,False,valid,YYYY-MM-DD,False,76.0,False,False,False,True
32,26,Czech Republic,193,2024-09-25,26,Czech,193,2024/09/25,False,False,False,False,False,False,valid,YYYY-MM-DD,False,97.0,False,True,False,True
33,26,Poland,309,2023-06-17,26,poland,309,2023-06-17,False,False,False,False,False,False,valid,YYYY-MM-DD,False,563.0,False,True,False,True
34,27,Czech Republic,204,2023-12-03,27,czechia,204,2023-12-03,False,False,False,False,False,False,valid,YYYY-MM-DD,False,394.0,False,True,False,True
35,28,Czech Republic,290,2023-06-03,28,Czech,290,2023-06-03,False,False,False,False,False,False,valid,YYYY-MM-DD,False,577.0,False,True,False,True
36,28,Poland,14,2023-11-17,28,pl,14,2023-11-17,False,False,False,False,False,False,valid,YYYY-MM-DD,False,410.0,False,True,False,True
37,29,Czech Republic,282,2023-11-11,29,Czechia,282,2023-11-11,False,False,False,False,False,False,valid,YYYY-MM-DD,False,416.0,False,True,False,True
38,30,Poland,97,2024-05-09,30,PL,97,2024-05-09,False,False,False,False,False,False,valid,YYYY-MM-DD,False,236.0,False,True,False,True
39,30,Germany,254,2024-02-23,30,GER,254,2024/02/23,False,False,False,False,False,False,valid,YYYY-MM-DD,False,312.0,False,True,False,True
40,31,Poland,90,2024-02-04,31,Polska,90,2024-02-04,False,False,False,False,False,False,valid,YYYY-MM-DD,False,331.0,False,True,False,True
41,31,Germany,263,2024-11-01,31,Germany,263,2024-11-01,False,False,False,False,False,False,valid,YYYY-MM-DD,False,60.0,False,False,False,True
42,32,Germany,180,2023-08-29,32,Deutschland,180,29-08-2023,False,False,False,False,False,False,valid,DD-MM-YYYY,False,490.0,False,True,False,True
43,32,Poland,268,2024-04-04,32,Polska,268,2024-04-04,False,False,False,False,False,False,valid,YYYY-MM-DD,False,271.0,False,True,False,True
44,33,Czech Republic,0,2023-12-14,33,czechia,0,2023/12/14,False,False,False,False,True,False,valid,YYYY-MM-DD,False,383.0,False,True,False,True
45,34,Czech Republic,139,2023-05-18,34,Czech Republic,139,2023-05-18,False,False,False,False,False,False,valid,YYYY-MM-DD,False,593.0,False,True,False,True
46,34,Germany,111,2024-05-01,34,DE,111,2024-05-01,False,False,False,False,False,False,valid,YYYY-MM-DD,False,244.0,False,True,False,True
47,35,Poland,71,2024-05-26,35,POL,71,2024-05-26,False,False,False,False,False,False,valid,YYYY-MM-DD,False,219.0,False,True,False,True
48,36,Czech Republic,44,2024-08-20,36,Czech,44,2024-08-20,False,False,False,False,False,False,valid,YYYY-MM-DD,False,133.0,False,True,False,True
49,36,Poland,84,2024-08-26,36,poland,84,2024-08-26,False,False,False,False,False,False,valid,YYYY-MM-DD,False,127.0,False,True,False,True
50,37,Germany,188,2024-04-20,37,Germany,188,2024/04/20,False,False,False,False,False,False,valid,YYYY-MM-DD,False,255.0,False,True,False,True
51,38,Czech Republic,392,2023-10-10,38,czechia,392,2023-10-10,False,False,False,False,False,False,valid,YYYY-MM-DD,False,448.0,False,True,False,True
52,38,Germany,211,2024-08-18,38,Germany,211,2024-08-18,False,False,False,False,False,False,valid,YYYY-MM-DD,False,135.0,False,True,False,True
53,39,Poland,104,2024-08-17,39,Poland,104,2024-08-17,False,False,False,False,False,False,valid,YYYY-MM-DD,False,136.0,False,True,False,True
54,40,Czech Republic,209,2024-08-02,40,Czech,209,2024-08-02,False,False,False,False,False,False,valid,YYYY-MM-DD,False,151.0,False,True,False,True
55,41,Poland,244,2024-09-23,41,Poland,244,2024-09-23,False,False,False,False,False,False,valid,YYYY-MM-DD,False,99.0,False,True,False,True
56,41,Germany,252,2024-10-16,41,DE,252,2024-10-16,False,False,False,False,False,False,valid,YYYY-MM-DD,False,76.0,False,False,False,True
57,42,Germany,287,2024-06-20,42,GER,287,20/06/2024,False,False,False,False,False,False,valid,DD-MM-YYYY,False,194.0,False,True,False,True
58,43,Poland,125,2024-04-30,43,poland,125,2024-04-30,False,False,False,False,False,False,valid,YYYY-MM-DD,False,245.0,False,True,False,True
59,44,Germany,173,2024-01-17,44,Deutschland,173,2024-01-17,False,False,False,False,False,False,valid,YYYY-MM-DD,False,349.0,False,True,False,True
60,45,Poland,182,2024-05-17,45,pl,182,2024-05-17,False,False,False,False,False,False,valid,YYYY-MM-DD,False,228.0,False,True,False,True
61,46,Poland,365,2024-08-25,46,Poland,365,2024-08-25,False,False,False,False,False,False,valid,YYYY-MM-DD,False,128.0,False,True,False,True
62,46,Czech Republic,241,2024-02-16,46,Czech,241,2024-02-16,False,False,False,False,False,False,valid,YYYY-MM-DD,False,319.0,False,True,False,True
63,47,Czech Republic,120,2024-06-30,47,CZ,120,2024-06-30,False,False,False,False,False,False,valid,YYYY-MM-DD,False,184.0,False,True,False,True
64,47,Germany,220,2024-06-12,47,DE,220,2024/06/12,False,False,False,False,False,False,valid,YYYY-MM-DD,False,202.0,False,True,False,True
65,48,Poland,53,2023-08-04,48,pl,53,2023-08-04,False,False,False,False,False,False,valid,YYYY-MM-DD,False,515.0,False,True,False,True
66,48,Germany,226,2024-03-29,48,Germany,226,2024-03-29,False,False,False,False,False,False,valid,YYYY-MM-DD,False,277.0,False,True,False,True
67,49,Germany,308,2024-06-23,49,DE,308,2024-06-23,False,False,False,False,False,False,valid,YYYY-MM-DD,False,191.0,False,True,False,True
68,49,Czech Republic,205,2023-08-08,49,Czech Republic,205,08/08/2023,False,False,False,False,False,False,valid,DD-MM-YYYY,True,511.0,False,True,False,True
69,50,Germany,43,2024-08-14,50,Germany,43,2024-08-14,False,False,False,False,False,False,valid,YYYY-MM-DD,False,139.0,False,True,False,True
70,51,Poland,311,2024-07-10,51,POL,311,2024-07-10,False,False,False,False,False,False,valid,YYYY-MM-DD,False,174.0,False,True,False,True
71,51,Germany,447,2023-10-24,51,germany,447,2023-10-24,False,False,False,False,False,False,valid,YYYY-MM-DD,False,434.0,False,True,False,True
72,52,Poland,314,2023-06-30,52,PL,314,30-06-2023,False,False,False,False,False,False,valid,DD-MM-YYYY,False,550.0,False,True,False,True
73,53,Germany,106,2024-12-31,53,DE,106,31-12-2024,False,False,False,False,False,False,valid,DD-MM-YYYY,False,0.0,False,False,False,True
74,53,Poland,103,2024-01-03,53,PL,103,2024-01-03,False,False,False,False,False,False,valid,YYYY-MM-DD,False,363.0,False,True,False,True
75,54,Poland,272,2024-03-28,54,Polska,272,2024-03-28,False,False,False,False,False,False,valid,YYYY-MM-DD,False,278.0,False,True,False,True
76,54,Germany,72,2024-03-08,54,GER,72,2024-03-08,False,False,False,False,False,False,valid,YYYY-MM-DD,False,298.0,False,True,False,True
77,55,Poland,431,2023-07-19,55,Poland,431,2023-07-19,False,False,False,False,False,False,valid,YYYY-MM-DD,False,531.0,False,True,False,True
78,55,Czech Republic,299,2023-06-04,55,Czech Republic,299,2023.06.04,False,False,False,False,False,False,valid,YYYY-MM-DD,False,576.0,False,True,False,True
79,56,Germany,111,2023-08-23,56,GER,111,2023-08-23,False,False,False,False,False,False,valid,YYYY-MM-DD,False,496.0,False,True,False,True
80,57,Germany,257,2023-09-06,57,Germany,257,2023-09-06,False,False,False,False,False,False,valid,YYYY-MM-DD,False,482.0,False,True,False,True
81,58,Poland,226,2024-09-08,58,Polska,226,2024-09-08,False,False,False,False,False,False,valid,YYYY-MM-DD,False,114.0,False,True,False,True
82,59,Czech Republic,371,2023-12-22,59,Czech,371,2023-12-22,False,False,False,False,False,False,valid,YYYY-MM-DD,False,375.0,False,True,False,True
83,59,Germany,116,2023-12-31,59,GER,116,2023-12-31,False,False,False,False,False,False,valid,YYYY-MM-DD,False,366.0,False,True,False,True
84,60,Germany,164,2024-12-21,60,Germany,164,2024-12-21,False,False,False,False,False,False,valid,YYYY-MM-DD,False,10.0,False,False,False,True
85,61,Czech Republic,291,2023-11-27,61,CZ,291,2023/11/27,False,False,False,False,False,False,valid,YYYY-MM-DD,False,400.0,False,True,False,True
86,61,Poland,98,2024-01-09,61,PL,98,09/01/2024,False,False,False,False,False,False,valid,DD-MM-YYYY,True,357.0,False,True,False,True
87,62,Czech Republic,109,2024-02-17,62,CZ,109,2024-02-17,False,False,False,False,False,False,valid,YYYY-MM-DD,False,318.0,False,True,False,True
88,62,Germany,287,2024-02-07,62,Germany,287,2024-02-07,False,False,False,False,False,False,valid,YYYY-MM-DD,False,328.0,False,True,False,True
89,63,Poland,369,2024-11-23,63,Polska,369,2024-11-23,False,False,False,False,False,False,valid,YYYY-MM-DD,False,38.0,False,False,False,True
90,64,Germany,297,2024-03-21,64,Germany,297,2024-03-21,False,False,False,False,False,False,valid,YYYY-MM-DD,False,285.0,False,True,False,True
91,65,Germany,167,2023-09-26,65,germany,167,2023/09/26,False,False,False,False,False,False,valid,YYYY-MM-DD,False,462.0,False,True,False,True
92,66,Czech Republic,100,2024-06-11,66,Czech,100,2024-06-11,False,False,False,False,False,False,valid,YYYY-MM-DD,False,203.0,False,True,False,True
93,67,Germany,106,2023-06-23,67,GER,106,2023-06-23,False,False,False,False,False,False,valid,YYYY-MM-DD,False,557.0,False,True,False,True
94,68,Czech Republic,248,2024-05-07,68,Czech Republic,248,2024-05-07,False,False,False,False,False,False,valid,YYYY-MM-DD,False,238.0,False,True,False,True
95,68,Germany,179,2023-10-17,68,germany,179,2023-10-17,False,False,False,False,False,False,valid,YYYY-MM-DD,False,441.0,False,True,False,True
96,69,Czech Republic,229,2023-10-15,69,Czech Republic,229,2023-10-15,False,False,False,False,False,False,valid,YYYY-MM-DD,False,443.0,False,True,False,True
97,70,Poland,122,2024-09-09,70,Poland,122,2024-09-09,False,False,False,False,False,False,valid,YYYY-MM-DD,False,113.0,False,True,False,True
98,71,Czech Republic,119,2024-12-29,71,Czechia,119,29-12-2024,False,False,False,False,False,False,valid,DD-MM-YYYY,False,2.0,False,False,False,True
99,72,Czech Republic,15,2024-01-20,72,CZ,15,2024-01-20,False,False,False,False,False,False,valid,YYYY-MM-DD,False,346.0,False,True,False,True
100,73,Czech Republic,0,2024-08-01,73,Czech Republic,0,2024-08-01,False,False,False,False,True,False,valid,YYYY-MM-DD,False,152.0,False,True,False,True
101,74,Germany,210,2024-06-02,74,Germany,210,02-06-2024,False,False,False,False,False,False,valid,DD-MM-YYYY,True,212.0,False,True,False,True
102,75,Germany,0,2023-11-22,75,Germany,0,2023-11-22,False,False,False,False,True,False,valid,YYYY-MM-DD,False,405.0,False,True,False,True
103,76,Czech Republic,62,2024-03-12,76,Czech,62,12-03-2024,False,False,False,False,False,False,valid,DD-MM-YYYY,True,294.0,False,True,False,True
104,77,Germany,338,2024-03-14,77,DE,338,2024/03/14,False,False,False,False,False,False,valid,YYYY-MM-DD,False,292.0,False,True,False,True
105,78,Germany,342,2024-10-05,78,GER,342,2024-10-05,False,False,False,False,False,False,valid,YYYY-MM-DD,False,87.0,False,False,False,True
106,78,Czech Republic,0,2023-06-27,78,CZ,0,2023/06/27,False,False,False,False,True,False,valid,YYYY-MM-DD,False,553.0,False,True,False,True
107,79,Czech Republic,0,2024-06-08,79,czechia,0,2024-06-08,False,False,False,False,True,False,valid,YYYY-MM-DD,False,206.0,False,True,False,True
108,80,Poland,163,2024-07-20,80,Polska,163,2024/07/20,False,False,False,False,False,False,valid,YYYY-MM-DD,False,164.0,False,True,False,True
109,81,Germany,165,2024-10-20,81,Deutschland,165,2024-10-20,False,False,False,False,False,False,valid,YYYY-MM-DD,False,72.0,False,False,False,True
110,81,Poland,41,2024-12-01,81,POL,41,2024-12-01,False,False,False,False,False,False,valid,YYYY-MM-DD,False,30.0,False,False,False,True
111,82,Germany,96,2024-02-10,82,GER,96,2024/02/10,False,False,False,False,False,False,valid,YYYY-MM-DD,False,325.0,False,True,False,True
112,82,Czech Republic,198,2024-07-30,82,Czech Republic,198,2024-07-30,False,False,False,False,False,False,valid,YYYY-MM-DD,False,154.0,False,True,False,True
113,83,Czech Republic,97,2024-11-10,83,Czech Republic,97,2024-11-10,False,False,False,False,False,False,valid,YYYY-MM-DD,False,51.0,False,False,False,True
114,84,Germany,62,2023-12-12,84,Deutschland,62,2023/12/12,False,False,False,False,False,False,valid,YYYY-MM-DD,False,385.0,False,True,False,True
115,85,Czech Republic,29,2023-11-14,85,CZ,29,2023-11-14,False,False,False,False,False,False,valid,YYYY-MM-DD,False,413.0,False,True,False,True
116,86,Germany,265,2024-09-25,86,GER,265,2024-09-25,False,False,False,False,False,False,valid,YYYY-MM-DD,False,97.0,False,True,False,True
117,86,Czech Republic,122,2024-01-16,86,Czech,122,16-01-2024,False,False,False,False,False,False,valid,DD-MM-YYYY,False,350.0,False,True,False,True
118,87,Germany,304,2024-07-19,87,Deutschland,304,2024-07-19,False,False,False,False,False,False,valid,YYYY-MM-DD,False,165.0,False,True,False,True
119,87,Poland,59,2024-07-09,87,PL,59,2024-07-09,False,False,False,False,False,False,valid,YYYY-MM-DD,False,175.0,False,True,False,True
120,88,Germany,131,2024-05-26,88,germany,131,2024-05-26,False,False,False,False,False,False,valid,YYYY-MM-DD,False,219.0,False,True,False,True
121,88,Czech Republic,104,2023-07-04,88,Czechia,104,2023-07-04,False,False,False,False,False,False,valid,YYYY-MM-DD,False,546.0,False,True,False,True
122,89,Germany,215,2023-09-25,89,Germany,215,25-09-2023,False,False,False,False,False,False,valid,DD-MM-YYYY,False,463.0,False,True,False,True
123,90,Poland,210,2023-07-27,90,pl,210,2023-07-27,False,False,False,False,False,False,valid,YYYY-MM-DD,False,523.0,False,True,False,True
124,90,Czech Republic,294,2024-06-21,90,czechia,294,2024-06-21,False,False,False,False,False,False,valid,YYYY-MM-DD,False,193.0,False,True,False,True
125,91,Czech Republic,276,2023-12-20,91,Czech Republic,276,2023-12-20,False,False,False,False,False,False,valid,YYYY-MM-DD,False,377.0,False,True,False,True
126,92,Germany,352,2024-03-08,92,germany,352,2024-03-08,False,False,False,False,False,False,valid,YYYY-MM-DD,False,298.0,False,True,False,True
127,93,Czech Republic,0,2024-11-05,93,czechia,0,2024.11.05,False,False,False,False,True,False,valid,YYYY-MM-DD,False,56.0,False,False,False,True
128,93,Poland,146,2024-12-14,93,poland,146,2024-12-14,False,False,False,False,False,False,valid,YYYY-MM-DD,False,17.0,False,False,False,True
129,94,Poland,181,2023-10-09,94,poland,181,2023-10-09,False,False,False,False,False,False,valid,YYYY-MM-DD,False,449.0,False,True,False,True
130,95,Czech Republic,0,2024-07-20,95,Czech Republic,0,2024-07-20,False,False,False,False,True,False,valid,YYYY-MM-DD,False,164.0,False,True,False,True
131,96,Germany,96,2024-08-21,96,germany,96,2024-08-21,False,False,False,False,False,False,valid,YYYY-MM-DD,False,132.0,False,True,False,True
132,96,Poland,489,2024-08-15,96,pl,489,2024.08.15,False,False,False,False,False,False,valid,YYYY-MM-DD,False,138.0,False,True,False,True
133,97,Poland,153,2024-07-16,97,poland,153,2024.07.16,False,False,False,False,False,False,valid,YYYY-MM-DD,False,168.0,False,True,False,True
134,97,Czech Republic,254,2023-08-06,97,Czechia,254,06-08-2023,False,False,False,False,False,False,valid,DD-MM-YYYY,True,513.0,False,True,False,True
135,98,Poland,0,2023-09-27,98,poland,0,2023-09-27,False,False,False,False,True,False,valid,YYYY-MM-DD,False,461.0,False,True,False,True
136,98,Czech Republic,193,2024-09-25,98,czechia,193,25-09-2024,False,False,False,False,False,False,valid,DD-MM-YYYY,False,97.0,False,True,False,True
137,99,Czech Republic,323,2024-03-05,99,CZ,323,2024-03-05,False,False,False,False,False,False,valid,YYYY-MM-DD,False,301.0,False,True,False,True
138,99,Poland,163,2024-08-02,99,POL,163,2024-08-02,False,False,False,False,False,False,valid,YYYY-MM-DD,False,151.0,False,True,False,True
139,100,Germany,0,2023-10-13,100,germany,0,2023-10-13,False,False,False,False,True,False,valid,YYYY-MM-DD,False,445.0,False,True,False,True
140,100,Poland,201,2023-07-12,100,pl,201,2023.07.12,False,False,False,False,False,False,valid,YYYY-MM-DD,False,538.0,False,True,False,True
141,101,Czech Republic,92,2023-06-22,101,Czech,92,2023-06-22,False,False,False,False,False,False,valid,YYYY-MM-DD,False,558.0,False,True,False,True
142,101,Poland,1,2024-12-28,101,poland,1,28-12-2024,False,False,False,False,False,False,valid,DD-MM-YYYY,False,3.0,False,False,False,True
143,102,Germany,193,2023-05-18,102,DE,193,2023/05/18,False,False,False,False,False,False,valid,YYYY-MM-DD,False,593.0,False,True,False,True
144,102,Czech Republic,419,2024-01-28,102,Czech Republic,419,2024-01-28,False,False,False,False,False,False,valid,YYYY-MM-DD,False,338.0,False,True,False,True
145,103,Poland,190,2023-08-12,103,poland,190,2023-08-12,False,False,False,False,False,False,valid,YYYY-MM-DD,False,507.0,False,True,False,True
146,103,Czech Republic,204,2024-12-06,103,Czech Republic,204,2024-12-06,False,False,False,False,False,False,valid,YYYY-MM-DD,False,25.0,False,False,False,True
147,104,Czech Republic,51,2024-06-23,104,Czech Republic,51,2024-06-23,False,False,False,False,False,False,valid,YYYY-MM-DD,False,191.0,False,True,False,True
148,104,Germany,148,2024-06-09,104,Germany,148,2024-06-09,False,False,False,False,False,False,valid,YYYY-MM-DD,False,205.0,False,True,False,True
149,105,Germany,88,2024-05-26,105,GER,88,2024/05/26,False,False,False,False,False,False,valid,YYYY-MM-DD,False,219.0,False,True,False,True
150,106,Germany,0,2024-03-08,106,DE,0,2024-03-08,False,False,False,False,True,False,valid,YYYY-MM-DD,False,298.0,False,True,False,True
151,106,Czech Republic,84,2024-12-08,106,czechia,84,2024/12/08,False,False,False,False,False,False,valid,YYYY-MM-DD,False,23.0,False,False,False,True
152,107,Poland,182,2024-02-13,107,Poland,182,2024.02.13,False,False,False,False,False,False,valid,YYYY-MM-DD,False,322.0,False,True,False,True
153,108,Germany,210,2024-05-24,108,germany,210,24-05-2024,False,False,False,False,False,False,valid,DD-MM-YYYY,False,221.0,False,True,False,True
154,109,Poland,55,2024-08-29,109,pl,55,2024-08-29,False,False,False,False,False,False,valid,YYYY-MM-DD,False,124.0,False,True,False,True
155,110,Poland,0,2023-07-01,110,POL,0,01-07-2023,False,False,False,False,True,False,valid,DD-MM-YYYY,True,549.0,False,True,False,True
156,110,Germany,63,2024-11-12,110,DE,63,2024-11-12,False,False,False,False,False,False,valid,YYYY-MM-DD,False,49.0,False,False,False,True
157,111,Czech Republic,296,2024-12-27,111,czechia,296,27-12-2024,False,False,False,False,False,False,valid,DD-MM-YYYY,False,4.0,False,False,False,True
158,112,Germany,0,2023-07-29,112,GER,0,2023/07/29,False,False,False,False,True,False,valid,YYYY-MM-DD,False,521.0,False,True,False,True
159,112,Czech Republic,195,2023-11-29,112,Czech Republic,195,2023-11-29,False,False,False,False,False,False,valid,YYYY-MM-DD,False,398.0,False,True,False,True
160,113,Poland,70,2024-11-13,113,Polska,70,2024-11-13,False,False,False,False,False,False,valid,YYYY-MM-DD,False,48.0,False,False,False,True
161,114,Germany,241,2024-11-23,114,Germany,241,2024-11-23,False,False,False,False,False,False,valid,YYYY-MM-DD,False,38.0,False,False,False,True
162,115,Poland,248,2024-08-01,115,Poland,248,01-08-2024,False,False,False,False,False,False,valid,DD-MM-YYYY,True,152.0,False,True,False,True
163,116,Czech Republic,336,2024-08-15,116,Czech,336,2024-08-15,False,False,False,False,False,False,valid,YYYY-MM-DD,False,138.0,False,True,False,True
164,116,Germany,234,2023-06-20,116,Deutschland,234,2023-06-20,False,False,False,False,False,False,valid,YYYY-MM-DD,False,560.0,False,True,False,True
165,117,Poland,211,2024-04-03,117,poland,211,2024/04/03,False,False,False,False,False,False,valid,YYYY-MM-DD,False,272.0,False,True,False,True
166,117,Czech Republic,259,2024-05-20,117,Czech,259,2024-05-20,False,False,False,False,False,False,valid,YYYY-MM-DD,False,225.0,False,True,False,True
167,118,Czech Republic,187,2023-11-28,118,Czech,187,2023-11-28,False,False,False,False,False,False,valid,YYYY-MM-DD,False,399.0,False,True,False,True
168,119,Poland,94,2024-05-06,119,Polska,94,2024-05-06,False,False,False,False,False,False,valid,YYYY-MM-DD,False,239.0,False,True,False,True
169,120,Poland,246,2024-04-07,120,pl,246,07/04/2024,False,False,False,False,False,False,valid,DD-MM-YYYY,True,268.0,False,True,False,True
170,121,Germany,33,2024-04-11,121,DE,33,2024-04-11,False,False,False,False,False,False,valid,YYYY-MM-DD,False,264.0,False,True,False,True
171,122,Germany,200,2023-05-29,122,GER,200,2023-05-29,False,False,False,False,False,False,valid,YYYY-MM-DD,False,582.0,False,True,False,True
172,123,Poland,92,2024-04-06,123,Poland,92,2024/04/06,False,False,False,False,False,False,valid,YYYY-MM-DD,False,269.0,False,True,False,True
173,123,Germany,240,2024-12-17,123,GER,240,2024.12.17,False,False,False,False,False,False,valid,YYYY-MM-DD,False,14.0,False,False,False,True
174,124,Germany,170,2024-10-31,124,Deutschland,170,2024-10-31,False,False,False,False,False,False,valid,YYYY-MM-DD,False,61.0,False,False,False,True
175,124,Poland,418,2023-10-13,124,PL,418,2023-10-13,False,False,False,False,False,False,valid,YYYY-MM-DD,False,445.0,False,True,False,True
176,125,Germany,400,2023-11-18,125,DE,400,18-11-2023,False,False,False,False,False,False,valid,DD-MM-YYYY,False,409.0,False,True,False,True
177,126,Czech Republic,253,2024-04-08,126,Czech Republic,253,08/04/2024,False,False,False,False,False,False,valid,DD-MM-YYYY,True,267.0,False,True,False,True
178,127,Germany,299,2024-08-12,127,DE,299,2024-08-12,False,False,False,False,False,False,valid,YYYY-MM-DD,False,141.0,False,True,False,True
179,127,Poland,159,2024-07-18,127,Polska,159,18/07/2024,False,False,False,False,False,False,valid,DD-MM-YYYY,False,166.0,False,True,False,True
180,128,Germany,85,2024-11-28,128,Deutschland,85,2024-11-28,False,False,False,False,False,False,valid,YYYY-MM-DD,False,33.0,False,False,False,True
181,128,Poland,44,2024-11-15,128,PL,44,2024.11.15,False,False,False,False,False,False,valid,YYYY-MM-DD,False,46.0,False,False,False,True
182,129,Poland,88,2023-08-31,129,poland,88,2023-08-31,False,False,False,False,False,False,valid,YYYY-MM-DD,False,488.0,False,True,False,True
183,130,Poland,109,2023-06-11,130,PL,109,2023-06-11,False,False,False,False,False,False,valid,YYYY-MM-DD,False,569.0,False,True,False,True
184,131,Poland,0,2024-02-22,131,poland,0,2024-02-22,False,False,False,False,True,False,valid,YYYY-MM-DD,False,313.0,False,True,False,True
185,132,Poland,0,2023-09-18,132,poland,0,2023/09/18,False,False,False,False,True,False,valid,YYYY-MM-DD,False,470.0,False,True,False,True
186,133,Poland,147,2024-12-26,133,PL,147,26-12-2024,False,False,False,False,False,False,valid,DD-MM-YYYY,False,5.0,False,False,False,True
187,133,Germany,338,2023-11-06,133,Deutschland,338,2023-11-06,False,False,False,False,False,False,valid,YYYY-MM-DD,False,421.0,False,True,False,True
188,134,Poland,361,2023-08-13,134,Poland,361,2023/08/13,False,False,False,False,False,False,valid,YYYY-MM-DD,False,506.0,False,True,False,True
189,135,Poland,81,2024-03-11,135,Poland,81,2024-03-11,False,False,False,False,False,False,valid,YYYY-MM-DD,False,295.0,False,True,False,True
190,135,Czech Republic,0,2023-10-03,135,czechia,0,2023-10-03,False,False,False,False,True,False,valid,YYYY-MM-DD,False,455.0,False,True,False,True
191,136,Germany,54,2024-06-08,136,Germany,54,2024-06-08,False,False,False,False,False,False,valid,YYYY-MM-DD,False,206.0,False,True,False,True
192,137,Czech Republic,221,2023-11-16,137,Czech Republic,221,2023/11/16,False,False,False,False,False,False,valid,YYYY-MM-DD,False,411.0,False,True,False,True
193,138,Czech Republic,31,2024-05-13,138,Czech Republic,31,2024/05/13,False,False,False,False,False,False,valid,YYYY-MM-DD,False,232.0,False,True,False,True
194,138,Poland,238,2024-05-29,138,pl,238,2024.05.29,False,False,False,False,False,False,valid,YYYY-MM-DD,False,216.0,False,True,False,True
195,139,Czech Republic,169,2024-04-28,139,CZ,169,2024.04.28,False,False,False,False,False,False,valid,YYYY-MM-DD,False,247.0,False,True,False,True
196,140,Germany,170,2024-07-01,140,DE,170,2024-07-01,False,False,False,False,False,False,valid,YYYY-MM-DD,False,183.0,False,True,False,True
197,141,Germany,168,2024-06-20,141,Germany,168,2024-06-20,False,False,False,False,False,False,valid,YYYY-MM-DD,False,194.0,False,True,False,True
198,142,Poland,69,2023-09-17,142,pl,69,2023-09-17,False,False,False,False,False,False,valid,YYYY-MM-DD,False,471.0,False,True,False,True
199,143,Poland,206,2024-07-02,143,PL,206,2024-07-02,False,False,False,False,False,False,valid,YYYY-MM-DD,False,182.0,False,True,False,True
200,143,Germany,89,2024-08-06,143,germany,89,2024-08-06,False,False,False,False,False,False,valid,YYYY-MM-DD,False,147.0,False,True,False,True
201,144,Czech Republic,131,2024-06-22,144,czechia,131,22/06/2024,False,False,False,False,False,False,valid,DD-MM-YYYY,False,192.0,False,True,False,True
202,145,Czech Republic,169,2024-11-01,145,CZ,169,2024-11-01,False,False,False,False,False,False,valid,YYYY-MM-DD,False,60.0,False,False,False,True
203,146,Czech Republic,66,2023-09-09,146,Czechia,66,2023/09/09,False,False,False,False,False,False,valid,YYYY-MM-DD,False,479.0,False,True,False,True
204,146,Germany,0,2024-08-31,146,DE,0,2024-08-31,False,False,False,False,True,False,valid,YYYY-MM-DD,False,122.0,False,True,False,True
205,147,Poland,337,2023-05-13,147,Polska,337,2023-05-13,False,False,False,False,False,False,valid,YYYY-MM-DD,False,598.0,False,True,False,True
206,147,Czech Republic,301,2023-11-29,147,Czechia,301,2023-11-29,False,False,False,False,False,False,valid,YYYY-MM-DD,False,398.0,False,True,False,True
207,148,Germany,209,2024-12-12,148,DE,209,2024-12-12,False,False,False,False,False,False,valid,YYYY-MM-DD,False,19.0,False,False,False,True
208,148,Czech Republic,319,2023-07-07,148,Czech Republic,319,2023-07-07,False,False,False,False,False,False,valid,YYYY-MM-DD,False,543.0,False,True,False,True
209,149,Czech Republic,171,2024-04-04,149,Czech Republic,171,2024-04-04,False,False,False,False,False,False,valid,YYYY-MM-DD,False,271.0,False,True,False,True
210,150,Germany,119,2023-05-29,150,Germany,119,29-05-2023,False,False,False,False,False,False,valid,DD-MM-YYYY,False,582.0,False,True,False,True
211,151,Czech Republic,122,2024-11-21,151,CZ,122,2024-11-21,False,False,False,False,False,False,valid,YYYY-MM-DD,False,40.0,False,False,False,True
212,152,Czech Republic,105,2024-02-11,152,Czech,105,2024-02-11,False,False,False,False,False,False,valid,YYYY-MM-DD,False,324.0,False,True,False,True
213,152,Germany,44,2023-08-31,152,Deutschland,44,31-08-2023,False,False,False,False,False,False,valid,DD-MM-YYYY,False,488.0,False,True,False,True
214,153,Czech Republic,234,2023-08-05,153,Czech Republic,234,2023-08-05,False,False,False,False,False,False,valid,YYYY-MM-DD,False,514.0,False,True,False,True
215,153,Poland,74,2024-05-30,153,poland,74,2024/05/30,False,False,False,False,False,False,valid,YYYY-MM-DD,False,215.0,False,True,False,True
216,154,Czech Republic,80,2024-02-18,154,Czech Republic,80,18-02-2024,False,False,False,False,False,False,valid,DD-MM-YYYY,False,317.0,False,True,False,True
217,155,Poland,0,2024-06-28,155,poland,0,2024-06-28,False,False,False,False,True,False,valid,YYYY-MM-DD,False,186.0,False,True,False,True
218,155,Czech Republic,335,2023-07-23,155,CZ,335,2023-07-23,False,False,False,False,False,False,valid,YYYY-MM-DD,False,527.0,False,True,False,True
219,156,Germany,299,2023-06-10,156,Germany,299,2023-06-10,False,False,False,False,False,False,valid,YYYY-MM-DD,False,570.0,False,True,False,True
221,157,Poland,0,2024-01-23,157,PL,0,2024-01-23,False,False,False,False,True,False,valid,YYYY-MM-DD,False,343.0,False,True,False,True
222,158,Czech Republic,184,2024-06-18,158,Czech Republic,184,2024-06-18,False,False,False,False,False,False,valid,YYYY-MM-DD,False,196.0,False,True,False,True
223,159,Poland,132,2023-09-30,159,Polska,132,2023/09/30,False,False,False,False,False,False,valid,YYYY-MM-DD,False,458.0,False,True,False,True
224,159,Germany,226,2023-05-21,159,germany,226,2023-05-21,False,False,False,False,False,False,valid,YYYY-MM-DD,False,590.0,False,True,False,True
225,160,Czech Republic,457,2023-12-08,160,Czechia,457,2023/12/08,False,False,False,False,False,False,valid,YYYY-MM-DD,False,389.0,False,True,False,True
226,161,Germany,212,2023-10-13,161,Deutschland,212,2023/10/13,False,False,False,False,False,False,valid,YYYY-MM-DD,False,445.0,False,True,False,True
227,161,Czech Republic,348,2023-07-11,161,czechia,348,11/07/2023,False,False,False,False,False,False,valid,DD-MM-YYYY,True,539.0,False,True,False,True
228,162,Poland,161,2024-07-25,162,poland,161,2024-07-25,False,False,False,False,False,False,valid,YYYY-MM-DD,False,159.0,False,True,False,True
229,162,Germany,52,2024-02-03,162,Germany,52,2024-02-03,False,False,False,False,False,False,valid,YYYY-MM-DD,False,332.0,False,True,False,True
230,163,Germany,176,2024-08-29,163,Deutschland,176,2024-08-29,False,False,False,False,False,False,valid,YYYY-MM-DD,False,124.0,False,True,False,True
231,163,Poland,45,2023-06-11,163,POL,45,2023-06-11,False,False,False,False,False,False,valid,YYYY-MM-DD,False,569.0,False,True,False,True
232,164,Germany,298,2024-01-03,164,germany,298,2024-01-03,False,False,False,False,False,False,valid,YYYY-MM-DD,False,363.0,False,True,False,True
233,164,Czech Republic,25,2023-08-05,164,Czechia,25,2023-08-05,False,False,False,False,False,False,valid,YYYY-MM-DD,False,514.0,False,True,False,True
234,165,Germany,80,2024-03-04,165,GER,80,04/03/2024,False,False,False,False,False,False,valid,DD-MM-YYYY,True,302.0,False,True,False,True
235,166,Germany,0,2024-05-31,166,germany,0,2024.05.31,False,False,False,False,True,False,valid,YYYY-MM-DD,False,214.0,False,True,False,True
236,166,Poland,141,2024-05-19,166,PL,141,2024-05-19,False,False,False,False,False,False,valid,YYYY-MM-DD,False,226.0,False,True,False,True
237,167,Germany,348,2024-11-15,167,germany,348,15-11-2024,False,False,False,False,False,False,valid,DD-MM-YYYY,False,46.0,False,False,False,True
238,167,Czech Republic,166,2024-01-13,167,czechia,166,13-01-2024,False,False,False,False,False,False,valid,DD-MM-YYYY,False,353.0,False,True,False,True
239,168,Poland,199,2024-10-14,168,poland,199,14-10-2024,False,False,False,False,False,False,valid,DD-MM-YYYY,False,78.0,False,False,False,True
240,168,Czech Republic,143,2023-08-28,168,czechia,143,2023-08-28,False,False,False,False,False,False,valid,YYYY-MM-DD,False,491.0,False,True,False,True
241,169,Czech Republic,180,2024-04-16,169,czechia,180,2024-04-16,False,False,False,False,False,False,valid,YYYY-MM-DD,False,259.0,False,True,False,True
242,169,Germany,46,2023-09-30,169,germany,46,2023/09/30,False,False,False,False,False,False,valid,YYYY-MM-DD,False,458.0,False,True,False,True
243,170,Poland,411,2023-11-29,170,poland,411,2023-11-29,False,False,False,False,False,False,valid,YYYY-MM-DD,False,398.0,False,True,False,True
244,171,Czech Republic,1,2024-07-02,171,Czechia,1,2024/07/02,False,False,False,False,False,False,valid,YYYY-MM-DD,False,182.0,False,True,False,True
245,172,Germany,55,2024-11-10,172,GER,55,2024/11/10,False,False,False,False,False,False,valid,YYYY-MM-DD,False,51.0,False,False,False,True
246,173,Poland,76,2024-02-06,173,POL,76,2024/02/06,False,False,False,False,False,False,valid,YYYY-MM-DD,False,329.0,False,True,False,True
247,174,Czech Republic,0,2023-09-09,174,Czech,0,09-09-2023,False,False,False,False,True,False,valid,DD-MM-YYYY,True,479.0,False,True,False,True
248,174,Germany,87,2024-05-29,174,DE,87,2024-05-29,False,False,False,False,False,False,valid,YYYY-MM-DD,False,216.0,False,True,False,True
249,175,Germany,288,2023-10-19,175,Germany,288,2023-10-19,False,False,False,False,False,False,valid,YYYY-MM-DD,False,439.0,False,True,False,True
250,176,Czech Republic,141,2023-07-16,176,Czechia,141,2023-07-16,False,False,False,False,False,False,valid,YYYY-MM-DD,False,534.0,False,True,False,True
251,177,Czech Republic,0,2023-07-29,177,Czech Republic,0,2023/07/29,False,False,False,False,True,False,valid,YYYY-MM-DD,False,521.0,False,True,False,True
252,178,Germany,324,2023-10-17,178,GER,324,2023-10-17,False,False,False,False,False,False,valid,YYYY-MM-DD,False,441.0,False,True,False,True
253,179,Germany,281,2024-04-16,179,Germany,281,2024-04-16,False,False,False,False,False,False,valid,YYYY-MM-DD,False,259.0,False,True,False,True
254,179,Poland,15,2023-09-03,179,pl,15,03-09-2023,False,False,False,False,False,False,valid,DD-MM-YYYY,True,485.0,False,True,False,True
255,180,Poland,348,2024-02-21,180,PL,348,2024-02-21,False,False,False,False,False,False,valid,YYYY-MM-DD,False,314.0,False,True,False,True
256,180,Germany,45,2023-08-29,180,Deutschland,45,2023/08/29,False,False,False,False,False,False,valid,YYYY-MM-DD,False,490.0,False,True,False,True
257,181,Poland,0,2024-03-11,181,PL,0,2024-03-11,False,False,False,False,True,False,valid,YYYY-MM-DD,False,295.0,False,True,False,True
258,181,Czech Republic,79,2023-08-30,181,Czech Republic,79,2023/08/30,False,False,False,False,False,False,valid,YYYY-MM-DD,False,489.0,False,True,False,True
259,182,Poland,66,2023-06-08,182,Poland,66,2023-06-08,False,False,False,False,False,False,valid,YYYY-MM-DD,False,572.0,False,True,False,True
260,183,Germany,202,2023-07-13,183,GER,202,2023-07-13,False,False,False,False,False,False,valid,YYYY-MM-DD,False,537.0,False,True,False,True
261,183,Poland,93,2024-02-08,183,pl,93,2024-02-08,False,False,False,False,False,False,valid,YYYY-MM-DD,False,327.0,False,True,False,True
262,184,Poland,242,2024-07-31,184,pl,242,2024-07-31,False,False,False,False,False,False,valid,YYYY-MM-DD,False,153.0,False,True,False,True
263,185,Germany,270,2023-07-09,185,germany,270,2023-07-09,False,False,False,False,False,False,valid,YYYY-MM-DD,False,541.0,False,True,False,True
264,186,Czech Republic,0,2024-07-26,186,CZ,0,2024-07-26,False,False,False,False,True,False,valid,YYYY-MM-DD,False,158.0,False,True,False,True
265,187,Czech Republic,155,2023-06-29,187,czechia,155,2023-06-29,False,False,False,False,False,False,valid,YYYY-MM-DD,False,551.0,False,True,False,True
266,187,Germany,125,2024-06-01,187,Deutschland,125,2024-06-01,False,False,False,False,False,False,valid,YYYY-MM-DD,False,213.0,False,True,False,True
267,188,Germany,112,2024-01-28,188,Deutschland,112,28/01/2024,False,False,False,False,False,False,valid,DD-MM-YYYY,False,338.0,False,True,False,True
268,189,Czech Republic,0,2024-11-16,189,czechia,0,2024.11.16,False,False,False,False,True,False,valid,YYYY-MM-DD,False,45.0,False,False,False,True
269,190,Germany,93,2023-05-20,190,Deutschland,93,2023-05-20,False,False,False,False,False,False,valid,YYYY-MM-DD,False,591.0,False,True,False,True
270,190,Czech Republic,128,2024-05-14,190,Czech Republic,128,2024-05-14,False,False,False,False,False,False,valid,YYYY-MM-DD,False,231.0,False,True,False,True
271,191,Poland,176,2024-09-02,191,pl,176,2024/09/02,False,False,False,False,False,False,valid,YYYY-MM-DD,False,120.0,False,True,False,True
272,191,Czech Republic,304,2024-10-26,191,Czech Republic,304,2024-10-26,False,False,False,False,False,False,valid,YYYY-MM-DD,False,66.0,False,False,False,True
273,192,Czech Republic,344,2023-08-21,192,Czech Republic,344,2023-08-21,False,False,False,False,False,False,valid,YYYY-MM-DD,False,498.0,False,True,False,True
274,193,Poland,111,2023-11-15,193,PL,111,15-11-2023,False,False,False,False,False,False,valid,DD-MM-YYYY,False,412.0,False,True,False,True
275,194,Germany,22,2024-03-13,194,Deutschland,22,2024/03/13,False,False,False,False,False,False,valid,YYYY-MM-DD,False,293.0,False,True,False,True
276,194,Poland,166,2024-06-05,194,PL,166,2024-06-05,False,False,False,False,False,False,valid,YYYY-MM-DD,False,209.0,False,True,False,True
277,195,Czech Republic,119,2024-03-13,195,Czechia,119,2024-03-13,False,False,False,False,False,False,valid,YYYY-MM-DD,False,293.0,False,True,False,True
278,195,Poland,379,2024-08-19,195,PL,379,2024-08-19,False,False,False,False,False,False,valid,YYYY-MM-DD,False,134.0,False,True,False,True
279,196,Poland,189,2023-10-13,196,POL,189,2023-10-13,False,False,False,False,False,False,valid,YYYY-MM-DD,False,445.0,False,True,False,True
280,196,Germany,383,2024-08-30,196,Germany,383,2024/08/30,False,False,False,False,False,False,valid,YYYY-MM-DD,False,123.0,False,True,False,True
281,197,Czech Republic,399,2024-02-04,197,czechia,399,04/02/2024,False,False,False,False,False,False,valid,DD-MM-YYYY,True,331.0,False,True,False,True
282,197,Poland,246,2024-09-13,197,PL,246,2024-09-13,False,False,False,False,False,False,valid,YYYY-MM-DD,False,109.0,False,True,False,True
283,198,Czech Republic,147,2024-12-06,198,Czechia,147,06-12-2024,False,False,False,False,False,False,valid,DD-MM-YYYY,True,25.0,False,False,False,True
284,198,Poland,189,2024-11-11,198,Polska,189,2024/11/11,False,False,False,False,False,False,valid,YYYY-MM-DD,False,50.0,False,False,False,True
285,199,Germany,153,2023-08-22,199,germany,153,2023-08-22,False,False,False,False,False,False,valid,YYYY-MM-DD,False,497.0,False,True,False,True
286,199,Czech Republic,315,2024-04-08,199,Czechia,315,2024-04-08,False,False,False,False,False,False,valid,YYYY-MM-DD,False,267.0,False,True,False,True
287,200,Czech Republic,116,2023-11-22,200,czechia,116,2023-11-22,False,False,False,False,False,False,valid,YYYY-MM-DD,False,405.0,False,True,False,True
288,201,Czech Republic,126,2023-12-26,201,czechia,126,26/12/2023,False,False,False,False,False,False,valid,DD-MM-YYYY,False,371.0,False,True,False,True
289,202,Germany,289,2023-08-22,202,Germany,289,2023/08/22,False,False,False,False,False,False,valid,YYYY-MM-DD,False,497.0,False,True,False,True
290,203,Czech Republic,0,2024-06-15,203,Czechia,0,2024-06-15,False,False,False,False,True,False,valid,YYYY-MM-DD,False,199.0,False,True,False,True
291,203,Poland,165,2024-12-23,203,POL,165,2024-12-23,False,False,False,False,False,False,valid,YYYY-MM-DD,False,8.0,False,False,False,True
292,204,Poland,215,2023-06-21,204,PL,215,2023-06-21,False,False,False,False,False,False,valid,YYYY-MM-DD,False,559.0,False,True,False,True
293,204,Czech Republic,113,2023-09-12,204,CZ,113,2023-09-12,False,False,False,False,False,False,valid,YYYY-MM-DD,False,476.0,False,True,False,True
294,205,Germany,154,2024-10-10,205,GER,154,2024/10/10,False,False,False,False,False,False,valid,YYYY-MM-DD,False,82.0,False,False,False,True
295,205,Czech Republic,261,2023-09-07,205,czechia,261,2023.09.07,False,False,False,False,False,False,valid,YYYY-MM-DD,False,481.0,False,True,False,True
296,206,Czech Republic,124,2024-04-04,206,Czechia,124,2024-04-04,False,False,False,False,False,False,valid,YYYY-MM-DD,False,271.0,False,True,False,True
297,206,Poland,110,2024-04-07,206,PL,110,2024.04.07,False,False,False,False,False,False,valid,YYYY-MM-DD,False,268.0,False,True,False,True
298,207,Czech Republic,149,2024-05-24,207,CZ,149,24-05-2024,False,False,False,False,False,False,valid,DD-MM-YYYY,False,221.0,False,True,False,True
299,208,Germany,125,2024-04-11,208,GER,125,2024/04/11,False,False,False,False,False,False,valid,YYYY-MM-DD,False,264.0,False,True,False,True
300,209,Czech Republic,139,2024-04-16,209,Czech,139,16-04-2024,False,False,False,False,False,False,valid,DD-MM-YYYY,False,259.0,False,True,False,True
301,209,Germany,109,2024-06-21,209,germany,109,2024-06-21,False,False,False,False,False,False,valid,YYYY-MM-DD,False,193.0,False,True,False,True
302,210,Czech Republic,20,2024-10-14,210,Czech,20,2024.10.14,False,False,False,False,False,False,valid,YYYY-MM-DD,False,78.0,False,False,False,True
303,211,Czech Republic,22,2024-12-19,211,Czech Republic,22,19-12-2024,False,False,False,False,False,False,valid,DD-MM-YYYY,False,12.0,False,False,False,True
304,211,Poland,17,2024-09-29,211,Polska,17,29/09/2024,False,False,False,False,False,False,valid,DD-MM-YYYY,False,93.0,False,True,False,True
305,212,Germany,211,2024-08-28,212,germany,211,2024-08-28,False,False,False,False,False,False,valid,YYYY-MM-DD,False,125.0,False,True,False,True
306,213,Czech Republic,272,2024-10-25,213,Czechia,272,2024.10.25,False,False,False,False,False,False,valid,YYYY-MM-DD,False,67.0,False,False,False,True
307,214,Poland,186,2024-06-17,214,PL,186,2024/06/17,False,False,False,False,False,False,valid,YYYY-MM-DD,False,197.0,False,True,False,True
308,214,Germany,251,2024-04-08,214,Germany,251,2024-04-08,False,False,False,False,False,False,valid,YYYY-MM-DD,False,267.0,False,True,False,True
309,215,Czech Republic,308,2024-07-27,215,Czech,308,2024-07-27,False,False,False,False,False,False,valid,YYYY-MM-DD,False,157.0,False,True,False,True
310,215,Poland,396,2024-10-01,215,POL,396,2024/10/01,False,False,False,False,False,False,valid,YYYY-MM-DD,False,91.0,False,True,False,True
311,216,Germany,275,2023-10-06,216,Germany,275,2023/10/06,False,False,False,False,False,False,valid,YYYY-MM-DD,False,452.0,False,True,False,True
312,217,Poland,143,2024-07-29,217,pl,143,2024-07-29,False,False,False,False,False,False,valid,YYYY-MM-DD,False,155.0,False,True,False,True
313,218,Czech Republic,184,2024-09-21,218,Czech Republic,184,2024-09-21,False,False,False,False,False,False,valid,YYYY-MM-DD,False,101.0,False,True,False,True
314,218,Poland,349,2023-07-01,218,Polska,349,2023/07/01,False,False,False,False,False,False,valid,YYYY-MM-DD,False,549.0,False,True,False,True
315,219,Poland,9,2024-07-27,219,Polska,9,27-07-2024,False,False,False,False,False,False,valid,DD-MM-YYYY,False,157.0,False,True,False,True
316,219,Germany,90,2024-11-05,219,Germany,90,2024-11-05,False,False,False,False,False,False,valid,YYYY-MM-DD,False,56.0,False,False,False,True
317,220,Poland,0,2023-07-15,220,Poland,0,2023-07-15,False,False,False,False,True,False,valid,YYYY-MM-DD,False,535.0,False,True,False,True
318,220,Czech Republic,0,2024-08-21,220,Czech Republic,0,2024-08-21,False,False,False,False,True,False,valid,YYYY-MM-DD,False,132.0,False,True,False,True
319,221,Czech Republic,114,2024-01-07,221,Czech,114,07-01-2024,False,False,False,False,False,False,valid,DD-MM-YYYY,True,359.0,False,True,False,True
320,222,Germany,227,2023-12-04,222,Deutschland,227,04-12-2023,False,False,False,False,False,False,valid,DD-MM-YYYY,True,393.0,False,True,False,True
321,222,Czech Republic,205,2024-01-24,222,czechia,205,2024-01-24,False,False,False,False,False,False,valid,YYYY-MM-DD,False,342.0,False,True,False,True
322,223,Germany,458,2023-10-19,223,DE,458,2023-10-19,False,False,False,False,False,False,valid,YYYY-MM-DD,False,439.0,False,True,False,True
323,223,Czech Republic,313,2023-07-26,223,Czech,313,2023-07-26,False,False,False,False,False,False,valid,YYYY-MM-DD,False,524.0,False,True,False,True
324,224,Germany,43,2024-01-11,224,GER,43,2024/01/11,False,False,False,False,False,False,valid,YYYY-MM-DD,False,355.0,False,True,False,True
325,224,Poland,63,2023-08-27,224,poland,63,27-08-2023,False,False,False,False,False,False,valid,DD-MM-YYYY,False,492.0,False,True,False,True
326,225,Poland,180,2024-07-11,225,Polska,180,2024/07/11,False,False,False,False,False,False,valid,YYYY-MM-DD,False,173.0,False,True,False,True
327,226,Germany,257,2024-04-02,226,GER,257,02-04-2024,False,False,False,False,False,False,valid,DD-MM-YYYY,True,273.0,False,True,False,True
328,227,Germany,239,2023-12-26,227,germany,239,2023-12-26,False,False,False,False,False,False,valid,YYYY-MM-DD,False,371.0,False,True,False,True
329,227,Poland,70,2023-07-09,227,pl,70,2023-07-09,False,False,False,False,False,False,valid,YYYY-MM-DD,False,541.0,False,True,False,True
330,228,Czech Republic,365,2023-10-17,228,Czechia,365,2023-10-17,False,False,False,False,False,False,valid,YYYY-MM-DD,False,441.0,False,True,False,True
331,228,Poland,295,2024-04-15,228,poland,295,15-04-2024,False,False,False,False,False,False,valid,DD-MM-YYYY,False,260.0,False,True,False,True
332,229,Poland,376,2023-11-22,229,POL,376,2023/11/22,False,False,False,False,False,False,valid,YYYY-MM-DD,False,405.0,False,True,False,True
333,229,Czech Republic,218,2024-03-11,229,Czech Republic,218,2024-03-11,False,False,False,False,False,False,valid,YYYY-MM-DD,False,295.0,False,True,False,True
334,230,Poland,237,2024-06-08,230,POL,237,2024-06-08,False,False,False,False,False,False,valid,YYYY-MM-DD,False,206.0,False,True,False,True
335,231,Poland,110,2023-09-26,231,Polska,110,26-09-2023,False,False,False,False,False,False,valid,DD-MM-YYYY,False,462.0,False,True,False,True
336,232,Poland,88,2023-05-15,232,Poland,88,2023-05-15,False,False,False,False,False,False,valid,YYYY-MM-DD,False,596.0,False,True,False,True
337,232,Czech Republic,41,2024-09-26,232,Czechia,41,2024-09-26,False,False,False,False,False,False,valid,YYYY-MM-DD,False,96.0,False,True,False,True
338,233,Poland,217,2023-12-21,233,Polska,217,21-12-2023,False,False,False,False,False,False,valid,DD-MM-YYYY,False,376.0,False,True,False,True
339,233,Germany,323,2024-04-03,233,DE,323,2024-04-03,False,False,False,False,False,False,valid,YYYY-MM-DD,False,272.0,False,True,False,True
340,234,Czech Republic,140,2023-08-08,234,Czechia,140,2023-08-08,False,False,False,False,False,False,valid,YYYY-MM-DD,False,511.0,False,True,False,True
341,234,Poland,220,2024-02-25,234,Poland,220,2024-02-25,False,False,False,False,False,False,valid,YYYY-MM-DD,False,310.0,False,True,False,True
342,235,Germany,113,2024-01-10,235,germany,113,2024-01-10,False,False,False,False,False,False,valid,YYYY-MM-DD,False,356.0,False,True,False,True
343,235,Czech Republic,346,2024-10-31,235,Czechia,346,31-10-2024,False,False,False,False,False,False,valid,DD-MM-YYYY,False,61.0,False,False,False,True
344,236,Poland,43,2023-11-24,236,poland,43,2023/11/24,False,False,False,False,False,False,valid,YYYY-MM-DD,False,403.0,False,True,False,True
345,236,Czech Republic,173,2024-01-09,236,Czech,173,2024-01-09,False,False,False,False,False,False,valid,YYYY-MM-DD,False,357.0,False,True,False,True
346,237,Czech Republic,227,2024-12-28,237,Czech Republic,227,28-12-2024,False,False,False,False,False,False,valid,DD-MM-YYYY,False,3.0,False,False,False,True
347,238,Czech Republic,99,2023-10-08,238,Czech,99,2023-10-08,False,False,False,False,False,False,valid,YYYY-MM-DD,False,450.0,False,True,False,True
348,239,Poland,50,2023-08-21,239,pl,50,2023-08-21,False,False,False,False,False,False,valid,YYYY-MM-DD,False,498.0,False,True,False,True
349,239,Czech Republic,136,2024-09-13,239,Czechia,136,13/09/2024,False,False,False,False,False,False,valid,DD-MM-YYYY,False,109.0,False,True,False,True
350,240,Czech Republic,14,2024-04-02,240,czechia,14,2024.04.02,False,False,False,False,False,False,valid,YYYY-MM-DD,False,273.0,False,True,False,True
351,240,Germany,301,2024-04-01,240,Deutschland,301,2024-04-01,False,False,False,False,False,False,valid,YYYY-MM-DD,False,274.0,False,True,False,True
352,241,Czech Republic,0,2023-07-30,241,CZ,0,2023-07-30,False,False,False,False,True,False,valid,YYYY-MM-DD,False,520.0,False,True,False,True
353,242,Poland,123,2023-07-31,242,poland,123,2023-07-31,False,False,False,False,False,False,valid,YYYY-MM-DD,False,519.0,False,True,False,True
354,243,Germany,179,2023-08-22,243,Deutschland,179,2023-08-22,False,False,False,False,False,False,valid,YYYY-MM-DD,False,497.0,False,True,False,True
355,243,Poland,224,2024-10-07,243,Poland,224,2024.10.07,False,False,False,False,False,False,valid,YYYY-MM-DD,False,85.0,False,False,False,True
356,244,Poland,130,2023-08-19,244,Poland,130,2023-08-19,False,False,False,False,False,False,valid,YYYY-MM-DD,False,500.0,False,True,False,True
357,244,Czech Republic,133,2024-05-14,244,CZ,133,2024/05/14,False,False,False,False,False,False,valid,YYYY-MM-DD,False,231.0,False,True,False,True
358,245,Germany,215,2024-10-30,245,GER,215,2024-10-30,False,False,False,False,False,False,valid,YYYY-MM-DD,False,62.0,False,False,False,True
359,245,Czech Republic,312,2023-12-01,245,CZ,312,2023.12.01,False,False,False,False,False,False,valid,YYYY-MM-DD,False,396.0,False,True,False,True
360,246,Czech Republic,348,2024-05-10,246,Czechia,348,2024-05-10,False,False,False,False,False,False,valid,YYYY-MM-DD,False,235.0,False,True,False,True
361,247,Germany,140,2024-08-21,247,germany,140,21-08-2024,False,False,False,False,False,False,valid,DD-MM-YYYY,False,132.0,False,True,False,True
362,248,Czech Republic,0,2024-04-12,248,Czechia,0,2024-04-12,False,False,False,False,True,False,valid,YYYY-MM-DD,False,263.0,False,True,False,True
363,249,Germany,105,2023-11-01,249,Germany,105,01-11-2023,False,False,False,False,False,False,valid,DD-MM-YYYY,True,426.0,False,True,False,True
364,249,Czech Republic,71,2024-07-26,249,Czechia,71,26-07-2024,False,False,False,False,False,False,valid,DD-MM-YYYY,False,158.0,False,True,False,True
365,250,Czech Republic,437,2023-07-27,250,Czech Republic,437,2023-07-27,False,False,False,False,False,False,valid,YYYY-MM-DD,False,523.0,False,True,False,True
366,251,Germany,0,2024-04-18,251,germany,0,18-04-2024,False,False,False,False,True,False,valid,DD-MM-YYYY,False,257.0,False,True,False,True
367,252,Germany,260,2024-11-30,252,germany,260,2024-11-30,False,False,False,False,False,False,valid,YYYY-MM-DD,False,31.0,False,False,False,True
368,253,Czech Republic,0,2024-01-22,253,Czechia,0,2024/01/22,False,False,False,False,True,False,valid,YYYY-MM-DD,False,344.0,False,True,False,True
369,253,Germany,348,2024-08-22,253,Germany,348,2024-08-22,False,False,False,False,False,False,valid,YYYY-MM-DD,False,131.0,False,True,False,True
370,254,Czech Republic,179,2024-11-26,254,czechia,179,2024-11-26,False,False,False,False,False,False,valid,YYYY-MM-DD,False,35.0,False,False,False,True
371,254,Germany,88,2024-07-20,254,DE,88,2024-07-20,False,False,False,False,False,False,valid,YYYY-MM-DD,False,164.0,False,True,False,True
372,255,Germany,107,2024-07-25,255,Germany,107,25-07-2024,False,False,False,False,False,False,valid,DD-MM-YYYY,False,159.0,False,True,False,True
373,256,Poland,175,2023-05-19,256,Polska,175,2023-05-19,False,False,False,False,False,False,valid,YYYY-MM-DD,False,592.0,False,True,False,True
374,257,Czech Republic,172,2023-12-24,257,Czech Republic,172,2023-12-24,False,False,False,False,False,False,valid,YYYY-MM-DD,False,373.0,False,True,False,True
375,257,Poland,207,2023-11-18,257,poland,207,2023/11/18,False,False,False,False,False,False,valid,YYYY-MM-DD,False,409.0,False,True,False,True
376,258,Czech Republic,211,2024-12-23,258,Czech,211,2024-12-23,False,False,False,False,False,False,valid,YYYY-MM-DD,False,8.0,False,False,False,True
377,259,Germany,0,2024-02-05,259,germany,0,2024-02-05,False,False,False,False,True,False,valid,YYYY-MM-DD,False,330.0,False,True,False,True
378,259,Czech Republic,267,2023-08-14,259,czechia,267,2023-08-14,False,False,False,False,False,False,valid,YYYY-MM-DD,False,505.0,False,True,False,True
379,260,Germany,69,2024-06-26,260,GER,69,2024-06-26,False,False,False,False,False,False,valid,YYYY-MM-DD,False,188.0,False,True,False,True
380,260,Czech Republic,199,2023-05-18,260,Czech Republic,199,2023/05/18,False,False,False,False,False,False,valid,YYYY-MM-DD,False,593.0,False,True,False,True
381,261,Poland,124,2024-10-03,261,Polska,124,2024/10/03,False,False,False,False,False,False,valid,YYYY-MM-DD,False,89.0,False,False,False,True
382,262,Poland,334,2024-05-07,262,Polska,334,2024-05-07,False,False,False,False,False,False,valid,YYYY-MM-DD,False,238.0,False,True,False,True
383,262,Czech Republic,112,2023-08-10,262,czechia,112,2023.08.10,False,False,False,False,False,False,valid,YYYY-MM-DD,False,509.0,False,True,False,True
384,263,Poland,170,2023-07-23,263,PL,170,2023.07.23,False,False,False,False,False,False,valid,YYYY-MM-DD,False,527.0,False,True,False,True
385,263,Czech Republic,0,2024-08-15,263,Czech,0,2024.08.15,False,False,False,False,True,False,valid,YYYY-MM-DD,False,138.0,False,True,False,True
386,264,Germany,6,2024-05-18,264,germany,6,18/05/2024,False,False,False,False,False,False,valid,DD-MM-YYYY,False,227.0,False,True,False,True
387,264,Poland,182,2024-01-28,264,PL,182,2024.01.28,False,False,False,False,False,False,valid,YYYY-MM-DD,False,338.0,False,True,False,True
388,265,Poland,52,2023-07-17,265,POL,52,2023-07-17,False,False,False,False,False,False,valid,YYYY-MM-DD,False,533.0,False,True,False,True
389,265,Czech Republic,218,2023-09-18,265,czechia,218,2023-09-18,False,False,False,False,False,False,valid,YYYY-MM-DD,False,470.0,False,True,False,True
390,266,Czech Republic,186,2023-11-22,266,Czechia,186,2023-11-22,False,False,False,False,False,False,valid,YYYY-MM-DD,False,405.0,False,True,False,True
391,267,Germany,61,2024-07-12,267,Germany,61,2024-07-12,False,False,False,False,False,False,valid,YYYY-MM-DD,False,172.0,False,True,False,True
392,268,Germany,194,2023-05-13,268,Germany,194,2023-05-13,False,False,False,False,False,False,valid,YYYY-MM-DD,False,598.0,False,True,False,True
393,268,Poland,151,2023-08-22,268,Polska,151,2023-08-22,False,False,False,False,False,False,valid,YYYY-MM-DD,False,497.0,False,True,False,True
394,269,Poland,199,2023-06-03,269,Polska,199,2023-06-03,False,False,False,False,False,False,valid,YYYY-MM-DD,False,577.0,False,True,False,True
395,270,Germany,92,2024-12-29,270,GER,92,29/12/2024,False,False,False,False,False,False,valid,DD-MM-YYYY,False,2.0,False,False,False,True
396,270,Czech Republic,174,2023-11-30,270,CZ,174,2023-11-30,False,False,False,False,False,False,valid,YYYY-MM-DD,False,397.0,False,True,False,True
397,271,Czech Republic,300,2023-11-25,271,Czechia,300,2023/11/25,False,False,False,False,False,False,valid,YYYY-MM-DD,False,402.0,False,True,False,True
398,271,Germany,168,2024-10-04,271,DE,168,2024-10-04,False,False,False,False,False,False,valid,YYYY-MM-DD,False,88.0,False,False,False,True
399,272,Germany,18,2024-01-02,272,Deutschland,18,2024-01-02,False,False,False,False,False,False,valid,YYYY-MM-DD,False,364.0,False,True,False,True
400,272,Czech Republic,220,2023-08-01,272,czechia,220,2023-08-01,False,False,False,False,False,False,valid,YYYY-MM-DD,False,518.0,False,True,False,True
401,273,Czech Republic,0,2024-02-16,273,Czechia,0,2024/02/16,False,False,False,False,True,False,valid,YYYY-MM-DD,False,319.0,False,True,False,True
402,274,Poland,0,2024-12-25,274,pl,0,2024-12-25,False,False,False,False,True,False,valid,YYYY-MM-DD,False,6.0,False,False,False,True
403,275,Poland,97,2023-09-30,275,poland,97,2023-09-30,False,False,False,False,False,False,valid,YYYY-MM-DD,False,458.0,False,True,False,True
404,276,Czech Republic,315,2023-09-18,276,Czechia,315,2023-09-18,False,False,False,False,False,False,valid,YYYY-MM-DD,False,470.0,False,True,False,True
405,276,Germany,166,2024-02-16,276,Germany,166,2024/02/16,False,False,False,False,False,False,valid,YYYY-MM-DD,False,319.0,False,True,False,True
406,277,Poland,337,2024-06-03,277,pl,337,2024-06-03,False,False,False,False,False,False,valid,YYYY-MM-DD,False,211.0,False,True,False,True
407,278,Czech Republic,223,2023-08-14,278,czechia,223,2023-08-14,False,False,False,False,False,False,valid,YYYY-MM-DD,False,505.0,False,True,False,True
408,278,Poland,104,2024-07-27,278,POL,104,2024.07.27,False,False,False,False,False,False,valid,YYYY-MM-DD,False,157.0,False,True,False,True
409,279,Czech Republic,22,2023-10-23,279,Czech,22,23-10-2023,False,False,False,False,False,False,valid,DD-MM-YYYY,False,435.0,False,True,False,True
410,279,Poland,87,2023-10-04,279,poland,87,2023/10/04,False,False,False,False,False,False,valid,YYYY-MM-DD,False,454.0,False,True,False,True
411,280,Poland,184,2024-08-29,280,PL,184,29/08/2024,False,False,False,False,False,False,valid,DD-MM-YYYY,False,124.0,False,True,False,True
412,281,Poland,108,2024-05-06,281,pl,108,2024-05-06,False,False,False,False,False,False,valid,YYYY-MM-DD,False,239.0,False,True,False,True
413,282,Czech Republic,112,2023-09-04,282,Czech,112,2023-09-04,False,False,False,False,False,False,valid,YYYY-MM-DD,False,484.0,False,True,False,True
414,283,Czech Republic,68,2023-08-19,283,czechia,68,2023-08-19,False,False,False,False,False,False,valid,YYYY-MM-DD,False,500.0,False,True,False,True
415,284,Czech Republic,144,2023-07-31,284,Czechia,144,2023-07-31,False,False,False,False,False,False,valid,YYYY-MM-DD,False,519.0,False,True,False,True
416,285,Czech Republic,37,2024-07-29,285,Czechia,37,2024-07-29,False,False,False,False,False,False,valid,YYYY-MM-DD,False,155.0,False,True,False,True
417,285,Poland,241,2024-03-23,285,pl,241,23-03-2024,False,False,False,False,False,False,valid,DD-MM-YYYY,False,283.0,False,True,False,True
418,286,Germany,215,2023-11-26,286,germany,215,2023-11-26,False,False,False,False,False,False,valid,YYYY-MM-DD,False,401.0,False,True,False,True
419,287,Germany,243,2023-11-19,287,GER,243,2023-11-19,False,False,False,False,False,False,valid,YYYY-MM-DD,False,408.0,False,True,False,True
420,288,Germany,477,2024-06-14,288,germany,477,2024-06-14,False,False,False,False,False,False,valid,YYYY-MM-DD,False,200.0,False,True,False,True
421,288,Poland,166,2024-02-27,288,Poland,166,27-02-2024,False,False,False,False,False,False,valid,DD-MM-YYYY,False,308.0,False,True,False,True
422,289,Poland,174,2023-12-04,289,pl,174,2023-12-04,False,False,False,False,False,False,valid,YYYY-MM-DD,False,393.0,False,True,False,True
423,289,Germany,170,2024-05-10,289,Germany,170,2024-05-10,False,False,False,False,False,False,valid,YYYY-MM-DD,False,235.0,False,True,False,True
424,290,Germany,41,2023-06-09,290,Germany,41,2023/06/09,False,False,False,False,False,False,valid,YYYY-MM-DD,False,571.0,False,True,False,True
425,290,Czech Republic,0,2024-04-10,290,CZ,0,2024.04.10,False,False,False,False,True,False,valid,YYYY-MM-DD,False,265.0,False,True,False,True
426,291,Czech Republic,0,2024-09-18,291,Czech Republic,0,2024-09-18,False,False,False,False,True,False,valid,YYYY-MM-DD,False,104.0,False,True,False,True
427,291,Poland,16,2024-10-10,291,Poland,16,2024/10/10,False,False,False,False,False,False,valid,YYYY-MM-DD,False,82.0,False,False,False,True
428,292,Germany,155,2023-11-18,292,Germany,155,2023.11.18,False,False,False,False,False,False,valid,YYYY-MM-DD,False,409.0,False,True,False,True
429,293,Poland,356,2024-11-30,293,POL,356,2024-11-30,False,False,False,False,False,False,valid,YYYY-MM-DD,False,31.0,False,False,False,True
430,293,Czech Republic,4,2023-11-30,293,Czech Republic,4,2023-11-30,False,False,False,False,False,False,valid,YYYY-MM-DD,False,397.0,False,True,False,True
431,294,Germany,127,2024-10-31,294,GER,127,2024/10/31,False,False,False,False,False,False,valid,YYYY-MM-DD,False,61.0,False,False,False,True
432,294,Czech Republic,152,2024-11-05,294,Czech,152,2024-11-05,False,False,False,False,False,False,valid,YYYY-MM-DD,False,56.0,False,False,False,True
433,295,Germany,204,2024-06-27,295,DE,204,2024-06-27,False,False,False,False,False,False,valid,YYYY-MM-DD,False,187.0,False,True,False,True
434,296,Poland,33,2024-04-11,296,Poland,33,2024-04-11,False,False,False,False,False,False,valid,YYYY-MM-DD,False,264.0,False,True,False,True
435,297,Poland,165,2024-01-08,297,poland,165,2024-01-08,False,False,False,False,False,False,valid,YYYY-MM-DD,False,358.0,False,True,False,True
436,297,Germany,188,2024-07-10,297,Deutschland,188,2024.07.10,False,False,False,False,False,False,valid,YYYY-MM-DD,False,174.0,False,True,False,True
437,298,Germany,75,2024-10-22,298,Germany,75,22-10-2024,False,False,False,False,False,False,valid,DD-MM-YYYY,False,70.0,False,False,False,True
438,298,Poland,295,2023-06-08,298,poland,295,2023.06.08,False,False,False,False,False,False,valid,YYYY-MM-DD,False,572.0,False,True,False,True
439,299,Czech Republic,206,2024-01-09,299,CZ,206,2024-01-09,False,False,False,False,False,False,valid,YYYY-MM-DD,False,357.0,False,True,False,True
440,300,Germany,160,2023-07-03,300,Germany,160,2023.07.03,False,False,False,False,False,False,valid,YYYY-MM-DD,False,547.0,False,True,False,True
441,301,Czech Republic,263,2024-10-20,301,czechia,263,2024.10.20,False,False,False,False,False,False,valid,YYYY-MM-DD,False,72.0,False,False,False,True
442,302,Poland,93,2023-11-06,302,POL,93,2023-11-06,False,False,False,False,False,False,valid,YYYY-MM-DD,False,421.0,False,True,False,True
443,303,Poland,371,2023-11-06,303,pl,371,2023-11-06,False,False,False,False,False,False,valid,YYYY-MM-DD,False,421.0,False,True,False,True
444,304,Poland,281,2024-07-03,304,poland,281,2024-07-03,False,False,False,False,False,False,valid,YYYY-MM-DD,False,181.0,False,True,False,True
445,304,Czech Republic,198,2024-03-07,304,Czech,198,2024/03/07,False,False,False,False,False,False,valid,YYYY-MM-DD,False,299.0,False,True,False,True
446,305,Poland,0,2024-07-11,305,Poland,0,2024-07-11,False,False,False,False,True,False,valid,YYYY-MM-DD,False,173.0,False,True,False,True
447,306,Czech Republic,79,2023-08-23,306,Czech,79,2023-08-23,False,False,False,False,False,False,valid,YYYY-MM-DD,False,496.0,False,True,False,True
448,306,Germany,341,2024-05-08,306,GER,341,2024/05/08,False,False,False,False,False,False,valid,YYYY-MM-DD,False,237.0,False,True,False,True
449,307,Germany,272,2024-11-10,307,DE,272,2024.11.10,False,False,False,False,False,False,valid,YYYY-MM-DD,False,51.0,False,False,False,True
450,308,Germany,209,2023-08-05,308,germany,209,2023-08-05,False,False,False,False,False,False,valid,YYYY-MM-DD,False,514.0,False,True,False,True
451,309,Poland,215,2024-06-08,309,POL,215,2024-06-08,False,False,False,False,False,False,valid,YYYY-MM-DD,False,206.0,False,True,False,True
452,309,Czech Republic,457,2024-06-30,309,Czech,457,2024/06/30,False,False,False,False,False,False,valid,YYYY-MM-DD,False,184.0,False,True,False,True
453,310,Poland,68,2024-01-05,310,Poland,68,2024-01-05,False,False,False,False,False,False,valid,YYYY-MM-DD,False,361.0,False,True,False,True
454,311,Czech Republic,250,2024-11-26,311,Czech,250,2024-11-26,False,False,False,False,False,False,valid,YYYY-MM-DD,False,35.0,False,False,False,True
455,311,Germany,323,2024-11-30,311,DE,323,2024-11-30,False,False,False,False,False,False,valid,YYYY-MM-DD,False,31.0,False,False,False,True
456,312,Poland,380,2024-01-20,312,Poland,380,2024-01-20,False,False,False,False,False,False,valid,YYYY-MM-DD,False,346.0,False,True,False,True
457,312,Czech Republic,71,2023-09-19,312,Czechia,71,2023-09-19,False,False,False,False,False,False,valid,YYYY-MM-DD,False,469.0,False,True,False,True
458,313,Poland,13,2024-01-17,313,pl,13,2024-01-17,False,False,False,False,False,False,valid,YYYY-MM-DD,False,349.0,False,True,False,True
459,314,Czech Republic,197,2024-01-18,314,Czechia,197,2024/01/18,False,False,False,False,False,False,valid,YYYY-MM-DD,False,348.0,False,True,False,True
460,314,Germany,371,2024-12-15,314,Germany,371,2024-12-15,False,False,False,False,False,False,valid,YYYY-MM-DD,False,16.0,False,False,False,True
461,315,Germany,50,2024-04-09,315,DE,50,09-04-2024,False,False,False,False,False,False,valid,DD-MM-YYYY,True,266.0,False,True,False,True
462,316,Poland,61,2023-07-04,316,PL,61,2023.07.04,False,False,False,False,False,False,valid,YYYY-MM-DD,False,546.0,False,True,False,True
463,317,Germany,64,2024-02-07,317,Deutschland,64,2024-02-07,False,False,False,False,False,False,valid,YYYY-MM-DD,False,328.0,False,True,False,True
464,318,Germany,144,2024-05-30,318,germany,144,2024/05/30,False,False,False,False,False,False,valid,YYYY-MM-DD,False,215.0,False,True,False,True
465,318,Czech Republic,79,2024-12-25,318,Czechia,79,2024-12-25,False,False,False,False,False,False,valid,YYYY-MM-DD,False,6.0,False,False,False,True
466,319,Germany,271,2023-10-26,319,Germany,271,26-10-2023,False,False,False,False,False,False,valid,DD-MM-YYYY,False,432.0,False,True,False,True
467,319,Poland,122,2024-11-22,319,POL,122,2024-11-22,False,False,False,False,False,False,valid,YYYY-MM-DD,False,39.0,False,False,False,True
468,320,Germany,48,2024-02-02,320,Deutschland,48,2024-02-02,False,False,False,False,False,False,valid,YYYY-MM-DD,False,333.0,False,True,False,True
469,321,Poland,101,2024-04-28,321,Poland,101,2024-04-28,False,False,False,False,False,False,valid,YYYY-MM-DD,False,247.0,False,True,False,True
470,322,Czech Republic,30,2024-05-30,322,Czech,30,2024-05-30,False,False,False,False,False,False,valid,YYYY-MM-DD,False,215.0,False,True,False,True
471,322,Poland,47,2024-02-08,322,poland,47,2024/02/08,False,False,False,False,False,False,valid,YYYY-MM-DD,False,327.0,False,True,False,True
472,323,Germany,468,2024-04-22,323,GER,468,2024-04-22,False,False,False,False,False,False,valid,YYYY-MM-DD,False,253.0,False,True,False,True
473,323,Czech Republic,122,2024-07-01,323,Czech,122,2024-07-01,False,False,False,False,False,False,valid,YYYY-MM-DD,False,183.0,False,True,False,True
474,324,Czech Republic,160,2024-02-13,324,Czech Republic,160,2024-02-13,False,False,False,False,False,False,valid,YYYY-MM-DD,False,322.0,False,True,False,True
475,325,Germany,368,2023-09-16,325,GER,368,2023-09-16,False,False,False,False,False,False,valid,YYYY-MM-DD,False,472.0,False,True,False,True
476,325,Poland,206,2023-07-02,325,Poland,206,2023-07-02,False,False,False,False,False,False,valid,YYYY-MM-DD,False,548.0,False,True,False,True
477,326,Poland,335,2024-09-10,326,poland,335,2024-09-10,False,False,False,False,False,False,valid,YYYY-MM-DD,False,112.0,False,True,False,True
478,326,Czech Republic,175,2023-12-03,326,CZ,175,2023/12/03,False,False,False,False,False,False,valid,YYYY-MM-DD,False,394.0,False,True,False,True
479,327,Czech Republic,129,2024-03-28,327,Czech Republic,129,2024-03-28,False,False,False,False,False,False,valid,YYYY-MM-DD,False,278.0,False,True,False,True
480,328,Germany,102,2024-09-04,328,germany,102,2024-09-04,False,False,False,False,False,False,valid,YYYY-MM-DD,False,118.0,False,True,False,True
481,329,Czech Republic,252,2024-10-12,329,czechia,252,2024-10-12,False,False,False,False,False,False,valid,YYYY-MM-DD,False,80.0,False,False,False,True
482,329,Poland,271,2024-11-27,329,PL,271,2024-11-27,False,False,False,False,False,False,valid,YYYY-MM-DD,False,34.0,False,False,False,True
483,330,Germany,128,2024-07-02,330,Germany,128,02-07-2024,False,False,False,False,False,False,valid,DD-MM-YYYY,True,182.0,False,True,False,True
484,331,Czech Republic,5,2024-10-21,331,Czechia,5,2024/10/21,False,False,False,False,False,False,valid,YYYY-MM-DD,False,71.0,False,False,False,True
485,331,Germany,290,2023-12-27,331,Deutschland,290,27-12-2023,False,False,False,False,False,False,valid,DD-MM-YYYY,False,370.0,False,True,False,True
486,332,Germany,119,2024-07-18,332,germany,119,2024-07-18,False,False,False,False,False,False,valid,YYYY-MM-DD,False,166.0,False,True,False,True
487,333,Germany,285,2024-03-21,333,DE,285,2024-03-21,False,False,False,False,False,False,valid,YYYY-MM-DD,False,285.0,False,True,False,True
488,333,Czech Republic,77,2023-12-08,333,Czech,77,2023.12.08,False,False,False,False,False,False,valid,YYYY-MM-DD,False,389.0,False,True,False,True
489,334,Czech Republic,369,2024-12-27,334,czechia,369,2024-12-27,False,False,False,False,False,False,valid,YYYY-MM-DD,False,4.0,False,False,False,True
490,334,Germany,258,2023-12-07,334,GER,258,07-12-2023,False,False,False,False,False,False,valid,DD-MM-YYYY,True,390.0,False,True,False,True
491,335,Germany,191,2024-06-27,335,Germany,191,2024-06-27,False,False,False,False,False,False,valid,YYYY-MM-DD,False,187.0,False,True,False,True
492,335,Czech Republic,153,2024-11-22,335,czechia,153,2024-11-22,False,False,False,False,False,False,valid,YYYY-MM-DD,False,39.0,False,False,False,True
493,336,Czech Republic,20,2024-01-16,336,Czechia,20,16-01-2024,False,False,False,False,False,False,valid,DD-MM-YYYY,False,350.0,False,True,False,True
494,336,Germany,380,2024-04-14,336,DE,380,2024-04-14,False,False,False,False,False,False,valid,YYYY-MM-DD,False,261.0,False,True,False,True
495,337,Poland,0,2023-11-17,337,Polska,0,2023-11-17,False,False,False,False,True,False,valid,YYYY-MM-DD,False,410.0,False,True,False,True
496,337,Germany,58,2024-03-06,337,germany,58,2024-03-06,False,False,False,False,False,False,valid,YYYY-MM-DD,False,300.0,False,True,False,True
497,338,Poland,210,2024-05-26,338,PL,210,2024-05-26,False,False,False,False,False,False,valid,YYYY-MM-DD,False,219.0,False,True,False,True
498,339,Germany,168,2023-09-16,339,germany,168,2023/09/16,False,False,False,False,False,False,valid,YYYY-MM-DD,False,472.0,False,True,False,True
499,340,Czech Republic,0,2024-11-13,340,CZ,0,2024-11-13,False,False,False,False,True,False,valid,YYYY-MM-DD,False,48.0,False,False,False,True
500,341,Czech Republic,225,2024-04-10,341,Czech,225,2024-04-10,False,False,False,False,False,False,valid,YYYY-MM-DD,False,265.0,False,True,False,True
501,342,Germany,248,2024-07-31,342,DE,248,2024/07/31,False,False,False,False,False,False,valid,YYYY-MM-DD,False,153.0,False,True,False,True
502,343,Germany,96,2024-03-11,343,DE,96,2024-03-11,False,False,False,False,False,False,valid,YYYY-MM-DD,False,295.0,False,True,False,True
503,343,Czech Republic,105,2024-09-18,343,Czech,105,2024-09-18,False,False,False,False,False,False,valid,YYYY-MM-DD,False,104.0,False,True,False,True
504,344,Poland,161,2024-08-13,344,pl,161,2024-08-13,False,False,False,False,False,False,valid,YYYY-MM-DD,False,140.0,False,True,False,True
505,344,Czech Republic,324,2023-09-21,344,Czechia,324,2023-09-21,False,False,False,False,False,False,valid,YYYY-MM-DD,False,467.0,False,True,False,True
506,345,Germany,319,2024-08-25,345,DE,319,2024-08-25,False,False,False,False,False,False,valid,YYYY-MM-DD,False,128.0,False,True,False,True
507,345,Czech Republic,299,2024-04-16,345,CZ,299,2024/04/16,False,False,False,False,False,False,valid,YYYY-MM-DD,False,259.0,False,True,False,True
508,346,Germany,127,2023-08-03,346,germany,127,2023-08-03,False,False,False,False,False,False,valid,YYYY-MM-DD,False,516.0,False,True,False,True
509,347,Germany,210,2023-08-24,347,germany,210,2023/08/24,False,False,False,False,False,False,valid,YYYY-MM-DD,False,495.0,False,True,False,True
510,348,Czech Republic,261,2024-10-17,348,Czech,261,2024-10-17,False,False,False,False,False,False,valid,YYYY-MM-DD,False,75.0,False,False,False,True
511,349,Poland,53,2023-11-06,349,poland,53,2023-11-06,False,False,False,False,False,False,valid,YYYY-MM-DD,False,421.0,False,True,False,True
512,349,Czech Republic,187,2023-12-28,349,Czech,187,28/12/2023,False,False,False,False,False,False,valid,DD-MM-YYYY,False,369.0,False,True,False,True
513,350,Germany,96,2023-08-20,350,germany,96,2023-08-20,False,False,False,False,False,False,valid,YYYY-MM-DD,False,499.0,False,True,False,True
514,350,Czech Republic,73,2024-07-03,350,Czech,73,2024/07/03,False,False,False,False,False,False,valid,YYYY-MM-DD,False,181.0,False,True,False,True
515,351,Czech Republic,466,2023-06-08,351,Czech Republic,466,2023-06-08,False,False,False,False,False,False,valid,YYYY-MM-DD,False,572.0,False,True,False,True
516,351,Poland,88,2023-10-31,351,poland,88,2023.10.31,False,False,False,False,False,False,valid,YYYY-MM-DD,False,427.0,False,True,False,True
517,352,Poland,403,2024-03-23,352,PL,403,2024-03-23,False,False,False,False,False,False,valid,YYYY-MM-DD,False,283.0,False,True,False,True
518,352,Germany,326,2024-07-26,352,Germany,326,26/07/2024,False,False,False,False,False,False,valid,DD-MM-YYYY,False,158.0,False,True,False,True
519,353,Germany,316,2024-04-06,353,germany,316,06-04-2024,False,False,False,False,False,False,valid,DD-MM-YYYY,True,269.0,False,True,False,True
520,354,Czech Republic,96,2024-06-18,354,czechia,96,2024/06/18,False,False,False,False,False,False,valid,YYYY-MM-DD,False,196.0,False,True,False,True
521,354,Poland,116,2024-07-23,354,POL,116,2024-07-23,False,False,False,False,False,False,valid,YYYY-MM-DD,False,161.0,False,True,False,True
522,355,Czech Republic,166,2023-11-06,355,Czech,166,2023-11-06,False,False,False,False,False,False,valid,YYYY-MM-DD,False,421.0,False,True,False,True
523,355,Germany,0,2023-05-25,355,GER,0,25-05-2023,False,False,False,False,True,False,valid,DD-MM-YYYY,False,586.0,False,True,False,True
524,356,Poland,0,2023-06-26,356,poland,0,2023-06-26,False,False,False,False,True,False,valid,YYYY-MM-DD,False,554.0,False,True,False,True
525,357,Germany,317,2024-01-11,357,Germany,317,2024/01/11,False,False,False,False,False,False,valid,YYYY-MM-DD,False,355.0,False,True,False,True
526,358,Poland,274,2023-09-16,358,PL,274,2023-09-16,False,False,False,False,False,False,valid,YYYY-MM-DD,False,472.0,False,True,False,True
527,359,Germany,243,2024-06-17,359,germany,243,2024.06.17,False,False,False,False,False,False,valid,YYYY-MM-DD,False,197.0,False,True,False,True
528,360,Czech Republic,229,2024-10-30,360,Czechia,229,30-10-2024,False,False,False,False,False,False,valid,DD-MM-YYYY,False,62.0,False,False,False,True
529,360,Poland,22,2024-01-01,360,Polska,22,01/01/2024,False,False,False,False,False,False,valid,DD-MM-YYYY,True,365.0,False,True,False,True
530,361,Poland,2,2023-11-04,361,POL,2,04/11/2023,False,False,False,False,False,False,valid,DD-MM-YYYY,True,423.0,False,True,False,True
531,361,Czech Republic,34,2023-06-19,361,CZ,34,19/06/2023,False,False,False,False,False,False,valid,DD-MM-YYYY,False,561.0,False,True,False,True
532,362,Poland,273,2023-07-23,362,poland,273,2023/07/23,False,False,False,False,False,False,valid,YYYY-MM-DD,False,527.0,False,True,False,True
533,362,Germany,335,2024-11-13,362,GER,335,2024-11-13,False,False,False,False,False,False,valid,YYYY-MM-DD,False,48.0,False,False,False,True
534,363,Czech Republic,181,2023-12-28,363,Czech Republic,181,2023.12.28,False,False,False,False,False,False,valid,YYYY-MM-DD,False,369.0,False,True,False,True
535,364,Poland,253,2024-11-16,364,Poland,253,2024-11-16,False,False,False,False,False,False,valid,YYYY-MM-DD,False,45.0,False,False,False,True
536,365,Germany,154,2023-12-31,365,GER,154,2023-12-31,False,False,False,False,False,False,valid,YYYY-MM-DD,False,366.0,False,True,False,True
537,365,Czech Republic,61,2023-09-06,365,CZ,61,2023-09-06,False,False,False,False,False,False,valid,YYYY-MM-DD,False,482.0,False,True,False,True
538,366,Poland,108,2023-08-29,366,Poland,108,2023-08-29,False,False,False,False,False,False,valid,YYYY-MM-DD,False,490.0,False,True,False,True
539,367,Poland,222,2024-07-13,367,poland,222,13-07-2024,False,False,False,False,False,False,valid,DD-MM-YYYY,False,171.0,False,True,False,True
540,367,Germany,138,2023-09-17,367,Deutschland,138,17-09-2023,False,False,False,False,False,False,valid,DD-MM-YYYY,False,471.0,False,True,False,True
541,368,Czech Republic,149,2023-11-28,368,Czech Republic,149,2023-11-28,False,False,False,False,False,False,valid,YYYY-MM-DD,False,399.0,False,True,False,True
542,369,Germany,87,2024-04-28,369,germany,87,2024-04-28,False,False,False,False,False,False,valid,YYYY-MM-DD,False,247.0,False,True,False,True
543,370,Poland,108,2024-10-25,370,pl,108,2024-10-25,False,False,False,False,False,False,valid,YYYY-MM-DD,False,67.0,False,False,False,True
544,370,Czech Republic,144,2024-04-21,370,Czechia,144,2024-04-21,False,False,False,False,False,False,valid,YYYY-MM-DD,False,254.0,False,True,False,True
545,371,Germany,240,2023-12-15,371,germany,240,2023-12-15,False,False,False,False,False,False,valid,YYYY-MM-DD,False,382.0,False,True,False,True
546,372,Germany,323,2023-07-10,372,germany,323,2023-07-10,False,False,False,False,False,False,valid,YYYY-MM-DD,False,540.0,False,True,False,True
547,372,Poland,334,2023-10-17,372,PL,334,2023-10-17,False,False,False,False,False,False,valid,YYYY-MM-DD,False,441.0,False,True,False,True
548,373,Germany,73,2024-11-06,373,Germany,73,06-11-2024,False,False,False,False,False,False,valid,DD-MM-YYYY,True,55.0,False,False,False,True
549,374,Germany,281,2024-08-25,374,DE,281,2024-08-25,False,False,False,False,False,False,valid,YYYY-MM-DD,False,128.0,False,True,False,True
550,375,Poland,12,2024-02-11,375,PL,12,2024-02-11,False,False,False,False,False,False,valid,YYYY-MM-DD,False,324.0,False,True,False,True
551,376,Czech Republic,96,2024-03-01,376,Czech,96,2024-03-01,False,False,False,False,False,False,valid,YYYY-MM-DD,False,305.0,False,True,False,True
552,376,Germany,178,2024-08-02,376,germany,178,2024-08-02,False,False,False,False,False,False,valid,YYYY-MM-DD,False,151.0,False,True,False,True
553,377,Germany,428,2023-05-17,377,germany,428,2023/05/17,False,False,False,False,False,False,valid,YYYY-MM-DD,False,594.0,False,True,False,True
554,377,Poland,233,2023-09-18,377,POL,233,2023-09-18,False,False,False,False,False,False,valid,YYYY-MM-DD,False,470.0,False,True,False,True
555,378,Czech Republic,59,2023-10-27,378,czechia,59,2023-10-27,False,False,False,False,False,False,valid,YYYY-MM-DD,False,431.0,False,True,False,True
556,379,Czech Republic,379,2024-08-29,379,Czech,379,2024-08-29,False,False,False,False,False,False,valid,YYYY-MM-DD,False,124.0,False,True,False,True
557,380,Poland,149,2024-02-05,380,Poland,149,05-02-2024,False,False,False,False,False,False,valid,DD-MM-YYYY,True,330.0,False,True,False,True
558,381,Czech Republic,122,2024-11-08,381,Czechia,122,2024/11/08,False,False,False,False,False,False,valid,YYYY-MM-DD,False,53.0,False,False,False,True
559,381,Germany,215,2023-09-21,381,germany,215,21-09-2023,False,False,False,False,False,False,valid,DD-MM-YYYY,False,467.0,False,True,False,True
560,382,Germany,168,2023-07-16,382,Deutschland,168,2023-07-16,False,False,False,False,False,False,valid,YYYY-MM-DD,False,534.0,False,True,False,True
561,382,Poland,306,2024-01-09,382,POL,306,2024-01-09,False,False,False,False,False,False,valid,YYYY-MM-DD,False,357.0,False,True,False,True
562,383,Czech Republic,0,2023-06-26,383,czechia,0,2023-06-26,False,False,False,False,True,False,valid,YYYY-MM-DD,False,554.0,False,True,False,True
563,384,Germany,62,2023-05-26,384,Deutschland,62,2023/05/26,False,False,False,False,False,False,valid,YYYY-MM-DD,False,585.0,False,True,False,True
564,385,Czech Republic,202,2024-09-25,385,CZ,202,2024-09-25,False,False,False,False,False,False,valid,YYYY-MM-DD,False,97.0,False,True,False,True
565,385,Germany,349,2023-08-18,385,Germany,349,2023/08/18,False,False,False,False,False,False,valid,YYYY-MM-DD,False,501.0,False,True,False,True
566,386,Czech Republic,47,2023-12-12,386,Czech Republic,47,2023-12-12,False,False,False,False,False,False,valid,YYYY-MM-DD,False,385.0,False,True,False,True
567,386,Germany,225,2024-12-02,386,Germany,225,2024-12-02,False,False,False,False,False,False,valid,YYYY-MM-DD,False,29.0,False,False,False,True
568,387,Germany,123,2024-08-05,387,GER,123,2024-08-05,False,False,False,False,False,False,valid,YYYY-MM-DD,False,148.0,False,True,False,True
569,387,Czech Republic,386,2023-06-07,387,Czech Republic,386,2023-06-07,False,False,False,False,False,False,valid,YYYY-MM-DD,False,573.0,False,True,False,True
570,388,Czech Republic,172,2024-03-11,388,Czech,172,2024/03/11,False,False,False,False,False,False,valid,YYYY-MM-DD,False,295.0,False,True,False,True
571,388,Germany,170,2023-05-16,388,germany,170,2023-05-16,False,False,False,False,False,False,valid,YYYY-MM-DD,False,595.0,False,True,False,True
572,389,Poland,37,2023-08-10,389,Polska,37,2023.08.10,False,False,False,False,False,False,valid,YYYY-MM-DD,False,509.0,False,True,False,True
573,390,Czech Republic,119,2023-12-01,390,Czech,119,2023-12-01,False,False,False,False,False,False,valid,YYYY-MM-DD,False,396.0,False,True,False,True
574,390,Poland,80,2024-07-02,390,Polska,80,2024-07-02,False,False,False,False,False,False,valid,YYYY-MM-DD,False,182.0,False,True,False,True
575,391,Poland,163,2024-01-07,391,Polska,163,07-01-2024,False,False,False,False,False,False,valid,DD-MM-YYYY,True,359.0,False,True,False,True
576,392,Czech Republic,123,2024-01-20,392,Czechia,123,2024-01-20,False,False,False,False,False,False,valid,YYYY-MM-DD,False,346.0,False,True,False,True
577,393,Germany,198,2024-10-28,393,Deutschland,198,2024-10-28,False,False,False,False,False,False,valid,YYYY-MM-DD,False,64.0,False,False,False,True
578,394,Czech Republic,304,2023-11-25,394,CZ,304,2023-11-25,False,False,False,False,False,False,valid,YYYY-MM-DD,False,402.0,False,True,False,True
579,395,Germany,167,2024-07-29,395,Deutschland,167,2024.07.29,False,False,False,False,False,False,valid,YYYY-MM-DD,False,155.0,False,True,False,True
580,395,Poland,0,2024-03-21,395,PL,0,2024-03-21,False,False,False,False,True,False,valid,YYYY-MM-DD,False,285.0,False,True,False,True
581,396,Poland,211,2023-06-04,396,POL,211,2023/06/04,False,False,False,False,False,False,valid,YYYY-MM-DD,False,576.0,False,True,False,True
582,397,Czech Republic,200,2023-11-20,397,czechia,200,2023/11/20,False,False,False,False,False,False,valid,YYYY-MM-DD,False,407.0,False,True,False,True
583,398,Czech Republic,224,2023-12-25,398,Czech,224,2023-12-25,False,False,False,False,False,False,valid,YYYY-MM-DD,False,372.0,False,True,False,True
584,399,Germany,286,2023-12-23,399,Deutschland,286,2023/12/23,False,False,False,False,False,False,valid,YYYY-MM-DD,False,374.0,False,True,False,True
585,399,Poland,359,2024-12-16,399,poland,359,16-12-2024,False,False,False,False,False,False,valid,DD-MM-YYYY,False,15.0,False,False,False,True
586,400,Poland,206,2024-10-21,400,Polska,206,2024/10/21,False,False,False,False,False,False,valid,YYYY-MM-DD,False,71.0,False,False,False,True
587,401,Germany,116,2023-08-24,401,GER,116,2023-08-24,False,False,False,False,False,False,valid,YYYY-MM-DD,False,495.0,False,True,False,True
588,401,Czech Republic,54,2023-10-09,401,Czech Republic,54,2023/10/09,False,False,False,False,False,False,valid,YYYY-MM-DD,False,449.0,False,True,False,True
589,402,Poland,79,2023-09-29,402,poland,79,2023/09/29,False,False,False,False,False,False,valid,YYYY-MM-DD,False,459.0,False,True,False,True
590,402,Czech Republic,356,2023-07-27,402,CZ,356,2023-07-27,False,False,False,False,False,False,valid,YYYY-MM-DD,False,523.0,False,True,False,True
591,403,Germany,187,2024-05-31,403,germany,187,2024-05-31,False,False,False,False,False,False,valid,YYYY-MM-DD,False,214.0,False,True,False,True
592,403,Poland,250,2023-09-01,403,Poland,250,2023/09/01,False,False,False,False,False,False,valid,YYYY-MM-DD,False,487.0,False,True,False,True
593,404,Poland,84,2024-12-28,404,poland,84,2024-12-28,False,False,False,False,False,False,valid,YYYY-MM-DD,False,3.0,False,False,False,True
594,405,Poland,336,2023-10-26,405,poland,336,2023-10-26,False,False,False,False,False,False,valid,YYYY-MM-DD,False,432.0,False,True,False,True
595,406,Czech Republic,182,2024-02-09,406,Czech,182,2024/02/09,False,False,False,False,False,False,valid,YYYY-MM-DD,False,326.0,False,True,False,True
596,406,Germany,0,2023-12-02,406,GER,0,2023-12-02,False,False,False,False,True,False,valid,YYYY-MM-DD,False,395.0,False,True,False,True
597,407,Poland,237,2024-08-19,407,POL,237,2024-08-19,False,False,False,False,False,False,valid,YYYY-MM-DD,False,134.0,False,True,False,True
598,408,Czech Republic,57,2024-06-01,408,czechia,57,2024.06.01,False,False,False,False,False,False,valid,YYYY-MM-DD,False,213.0,False,True,False,True
599,409,Poland,372,2024-01-26,409,Polska,372,2024-01-26,False,False,False,False,False,False,valid,YYYY-MM-DD,False,340.0,False,True,False,True
600,409,Czech Republic,150,2024-07-14,409,czechia,150,2024-07-14,False,False,False,False,False,False,valid,YYYY-MM-DD,False,170.0,False,True,False,True
601,410,Czech Republic,0,2024-12-28,410,Czechia,0,2024-12-28,False,False,False,False,True,False,valid,YYYY-MM-DD,False,3.0,False,False,False,True
602,411,Czech Republic,185,2024-03-27,411,Czechia,185,2024-03-27,False,False,False,False,False,False,valid,YYYY-MM-DD,False,279.0,False,True,False,True
603,411,Germany,233,2023-07-30,411,Deutschland,233,2023-07-30,False,False,False,False,False,False,valid,YYYY-MM-DD,False,520.0,False,True,False,True
604,412,Poland,106,2023-10-27,412,Poland,106,27/10/2023,False,False,False,False,False,False,valid,DD-MM-YYYY,False,431.0,False,True,False,True
605,413,Czech Republic,252,2023-06-22,413,Czech Republic,252,2023/06/22,False,False,False,False,False,False,valid,YYYY-MM-DD,False,558.0,False,True,False,True
606,414,Germany,176,2024-01-18,414,germany,176,2024-01-18,False,False,False,False,False,False,valid,YYYY-MM-DD,False,348.0,False,True,False,True
607,414,Poland,324,2024-12-23,414,POL,324,2024-12-23,False,False,False,False,False,False,valid,YYYY-MM-DD,False,8.0,False,False,False,True
608,415,Germany,67,2023-12-23,415,Germany,67,2023.12.23,False,False,False,False,False,False,valid,YYYY-MM-DD,False,374.0,False,True,False,True
609,416,Poland,0,2024-03-01,416,PL,0,2024-03-01,False,False,False,False,True,False,valid,YYYY-MM-DD,False,305.0,False,True,False,True
610,416,Czech Republic,165,2024-03-31,416,czechia,165,2024-03-31,False,False,False,False,False,False,valid,YYYY-MM-DD,False,275.0,False,True,False,True
611,417,Poland,220,2024-08-03,417,POL,220,2024-08-03,False,False,False,False,False,False,valid,YYYY-MM-DD,False,150.0,False,True,False,True
612,418,Poland,314,2023-05-30,418,Poland,314,30-05-2023,False,False,False,False,False,False,valid,DD-MM-YYYY,False,581.0,False,True,False,True
613,418,Czech Republic,149,2023-08-11,418,CZ,149,11-08-2023,False,False,False,False,False,False,valid,DD-MM-YYYY,True,508.0,False,True,False,True
614,419,Poland,79,2024-04-03,419,pl,79,2024.04.03,False,False,False,False,False,False,valid,YYYY-MM-DD,False,272.0,False,True,False,True
615,419,Czech Republic,211,2023-10-04,419,Czechia,211,2023/10/04,False,False,False,False,False,False,valid,YYYY-MM-DD,False,454.0,False,True,False,True
616,420,Germany,127,2023-07-10,420,GER,127,2023-07-10,False,False,False,False,False,False,valid,YYYY-MM-DD,False,540.0,False,True,False,True
617,420,Czech Republic,129,2024-06-09,420,Czechia,129,2024-06-09,False,False,False,False,False,False,valid,YYYY-MM-DD,False,205.0,False,True,False,True
618,421,Germany,290,2023-12-21,421,Germany,290,2023-12-21,False,False,False,False,False,False,valid,YYYY-MM-DD,False,376.0,False,True,False,True
619,422,Czech Republic,258,2023-07-29,422,Czechia,258,2023/07/29,False,False,False,False,False,False,valid,YYYY-MM-DD,False,521.0,False,True,False,True
620,423,Germany,38,2023-07-19,423,germany,38,2023-07-19,False,False,False,False,False,False,valid,YYYY-MM-DD,False,531.0,False,True,False,True
621,423,Czech Republic,196,2024-04-26,423,Czechia,196,2024-04-26,False,False,False,False,False,False,valid,YYYY-MM-DD,False,249.0,False,True,False,True
622,424,Germany,52,2024-09-08,424,Germany,52,2024/09/08,False,False,False,False,False,False,valid,YYYY-MM-DD,False,114.0,False,True,False,True
623,425,Poland,19,2023-08-31,425,poland,19,2023-08-31,False,False,False,False,False,False,valid,YYYY-MM-DD,False,488.0,False,True,False,True
624,425,Germany,31,2024-02-19,425,germany,31,19-02-2024,False,False,False,False,False,False,valid,DD-MM-YYYY,False,316.0,False,True,False,True
625,426,Poland,0,2023-08-20,426,pl,0,2023-08-20,False,False,False,False,True,False,valid,YYYY-MM-DD,False,499.0,False,True,False,True
626,426,Germany,230,2023-07-27,426,germany,230,2023-07-27,False,False,False,False,False,False,valid,YYYY-MM-DD,False,523.0,False,True,False,True
627,427,Germany,364,2024-05-20,427,germany,364,2024-05-20,False,False,False,False,False,False,valid,YYYY-MM-DD,False,225.0,False,True,False,True
628,427,Poland,0,2024-02-02,427,Polska,0,2024-02-02,False,False,False,False,True,False,valid,YYYY-MM-DD,False,333.0,False,True,False,True
629,428,Germany,9,2024-06-19,428,Deutschland,9,2024-06-19,False,False,False,False,False,False,valid,YYYY-MM-DD,False,195.0,False,True,False,True
630,429,Czech Republic,100,2024-10-15,429,Czechia,100,15-10-2024,False,False,False,False,False,False,valid,DD-MM-YYYY,False,77.0,False,False,False,True
631,429,Germany,222,2024-11-02,429,Deutschland,222,2024-11-02,False,False,False,False,False,False,valid,YYYY-MM-DD,False,59.0,False,False,False,True
632,430,Czech Republic,0,2024-07-01,430,Czechia,0,2024-07-01,False,False,False,False,True,False,valid,YYYY-MM-DD,False,183.0,False,True,False,True
633,430,Germany,254,2024-03-24,430,Deutschland,254,2024-03-24,False,False,False,False,False,False,valid,YYYY-MM-DD,False,282.0,False,True,False,True
634,431,Germany,271,2023-07-21,431,Germany,271,2023-07-21,False,False,False,False,False,False,valid,YYYY-MM-DD,False,529.0,False,True,False,True
635,432,Germany,164,2024-12-06,432,Deutschland,164,2024-12-06,False,False,False,False,False,False,valid,YYYY-MM-DD,False,25.0,False,False,False,True
636,432,Czech Republic,154,2024-07-23,432,Czechia,154,2024-07-23,False,False,False,False,False,False,valid,YYYY-MM-DD,False,161.0,False,True,False,True
637,433,Czech Republic,327,2023-10-23,433,Czechia,327,2023-10-23,False,False,False,False,False,False,valid,YYYY-MM-DD,False,435.0,False,True,False,True
638,433,Poland,100,2024-04-08,433,PL,100,2024-04-08,False,False,False,False,False,False,valid,YYYY-MM-DD,False,267.0,False,True,False,True
639,434,Poland,33,2024-12-27,434,pl,33,2024-12-27,False,False,False,False,False,False,valid,YYYY-MM-DD,False,4.0,False,False,False,True
640,434,Germany,224,2023-09-20,434,Deutschland,224,20-09-2023,False,False,False,False,False,False,valid,DD-MM-YYYY,False,468.0,False,True,False,True
641,435,Germany,164,2024-08-24,435,DE,164,2024-08-24,False,False,False,False,False,False,valid,YYYY-MM-DD,False,129.0,False,True,False,True
642,436,Poland,345,2023-05-29,436,Poland,345,2023-05-29,False,False,False,False,False,False,valid,YYYY-MM-DD,False,582.0,False,True,False,True
643,436,Germany,0,2024-07-06,436,germany,0,2024-07-06,False,False,False,False,True,False,valid,YYYY-MM-DD,False,178.0,False,True,False,True
644,437,Poland,261,2024-01-17,437,POL,261,2024-01-17,False,False,False,False,False,False,valid,YYYY-MM-DD,False,349.0,False,True,False,True
645,437,Czech Republic,54,2024-01-07,437,Czech,54,2024-01-07,False,False,False,False,False,False,valid,YYYY-MM-DD,False,359.0,False,True,False,True
646,438,Czech Republic,261,2023-09-19,438,CZ,261,2023-09-19,False,False,False,False,False,False,valid,YYYY-MM-DD,False,469.0,False,True,False,True
647,439,Germany,56,2024-07-06,439,Deutschland,56,2024-07-06,False,False,False,False,False,False,valid,YYYY-MM-DD,False,178.0,False,True,False,True
648,440,Czech Republic,72,2023-11-20,440,CZ,72,2023-11-20,False,False,False,False,False,False,valid,YYYY-MM-DD,False,407.0,False,True,False,True
649,441,Czech Republic,148,2024-09-25,441,Czech,148,25-09-2024,False,False,False,False,False,False,valid,DD-MM-YYYY,False,97.0,False,True,False,True
650,442,Czech Republic,256,2023-07-18,442,CZ,256,2023-07-18,False,False,False,False,False,False,valid,YYYY-MM-DD,False,532.0,False,True,False,True
651,442,Germany,56,2024-05-04,442,GER,56,04-05-2024,False,False,False,False,False,False,valid,DD-MM-YYYY,True,241.0,False,True,False,True
652,443,Czech Republic,67,2024-07-21,443,Czechia,67,2024/07/21,False,False,False,False,False,False,valid,YYYY-MM-DD,False,163.0,False,True,False,True
653,444,Germany,0,2023-07-02,444,DE,0,02-07-2023,False,False,False,False,True,False,valid,DD-MM-YYYY,True,548.0,False,True,False,True
654,445,Czech Republic,92,2023-05-18,445,czechia,92,2023-05-18,False,False,False,False,False,False,valid,YYYY-MM-DD,False,593.0,False,True,False,True
655,446,Poland,149,2024-05-17,446,PL,149,2024-05-17,False,False,False,False,False,False,valid,YYYY-MM-DD,False,228.0,False,True,False,True
656,447,Poland,111,2023-09-12,447,POL,111,2023-09-12,False,False,False,False,False,False,valid,YYYY-MM-DD,False,476.0,False,True,False,True
657,448,Poland,20,2024-04-30,448,POL,20,2024-04-30,False,False,False,False,False,False,valid,YYYY-MM-DD,False,245.0,False,True,False,True
658,448,Czech Republic,197,2024-08-03,448,Czech Republic,197,03-08-2024,False,False,False,False,False,False,valid,DD-MM-YYYY,True,150.0,False,True,False,True
659,449,Poland,151,2023-10-16,449,Poland,151,2023.10.16,False,False,False,False,False,False,valid,YYYY-MM-DD,False,442.0,False,True,False,True
660,449,Czech Republic,218,2024-10-20,449,CZ,218,2024/10/20,False,False,False,False,False,False,valid,YYYY-MM-DD,False,72.0,False,False,False,True
661,450,Poland,41,2024-05-17,450,pl,41,2024-05-17,False,False,False,False,False,False,valid,YYYY-MM-DD,False,228.0,False,True,False,True
663,451,Germany,185,2023-07-26,451,GER,185,2023-07-26,False,False,False,False,False,False,valid,YYYY-MM-DD,False,524.0,False,True,False,True
664,452,Poland,140,2023-12-25,452,poland,140,25-12-2023,False,False,False,False,False,False,valid,DD-MM-YYYY,False,372.0,False,True,False,True
665,453,Germany,38,2023-08-24,453,GER,38,2023-08-24,False,False,False,False,False,False,valid,YYYY-MM-DD,False,495.0,False,True,False,True
666,454,Poland,80,2024-02-08,454,PL,80,2024-02-08,False,False,False,False,False,False,valid,YYYY-MM-DD,False,327.0,False,True,False,True
667,455,Poland,78,2024-06-28,455,poland,78,2024-06-28,False,False,False,False,False,False,valid,YYYY-MM-DD,False,186.0,False,True,False,True
668,455,Germany,296,2023-06-20,455,Deutschland,296,2023-06-20,False,False,False,False,False,False,valid,YYYY-MM-DD,False,560.0,False,True,False,True
669,456,Czech Republic,203,2024-06-29,456,czechia,203,2024-06-29,False,False,False,False,False,False,valid,YYYY-MM-DD,False,185.0,False,True,False,True
670,457,Poland,99,2023-05-22,457,pl,99,2023/05/22,False,False,False,False,False,False,valid,YYYY-MM-DD,False,589.0,False,True,False,True
671,458,Poland,105,2023-07-31,458,POL,105,2023/07/31,False,False,False,False,False,False,valid,YYYY-MM-DD,False,519.0,False,True,False,True
672,458,Germany,280,2024-06-09,458,DE,280,2024/06/09,False,False,False,False,False,False,valid,YYYY-MM-DD,False,205.0,False,True,False,True
673,459,Poland,0,2024-10-06,459,PL,0,2024-10-06,False,False,False,False,True,False,valid,YYYY-MM-DD,False,86.0,False,False,False,True
674,459,Germany,339,2024-02-02,459,Deutschland,339,2024-02-02,False,False,False,False,False,False,valid,YYYY-MM-DD,False,333.0,False,True,False,True
675,460,Poland,194,2024-06-08,460,POL,194,2024/06/08,False,False,False,False,False,False,valid,YYYY-MM-DD,False,206.0,False,True,False,True
676,460,Czech Republic,0,2024-10-19,460,czechia,0,2024/10/19,False,False,False,False,True,False,valid,YYYY-MM-DD,False,73.0,False,False,False,True
677,461,Czech Republic,172,2023-11-10,461,Czech,172,10/11/2023,False,False,False,False,False,False,valid,DD-MM-YYYY,True,417.0,False,True,False,True
678,462,Germany,115,2024-04-04,462,Germany,115,04-04-2024,False,False,False,False,False,False,valid,DD-MM-YYYY,True,271.0,False,True,False,True
679,462,Czech Republic,334,2023-10-30,462,CZ,334,2023-10-30,False,False,False,False,False,False,valid,YYYY-MM-DD,False,428.0,False,True,False,True
680,463,Czech Republic,120,2023-10-15,463,czechia,120,2023-10-15,False,False,False,False,False,False,valid,YYYY-MM-DD,False,443.0,False,True,False,True
681,463,Germany,162,2024-04-21,463,Deutschland,162,2024-04-21,False,False,False,False,False,False,valid,YYYY-MM-DD,False,254.0,False,True,False,True
682,464,Poland,59,2023-07-23,464,poland,59,2023-07-23,False,False,False,False,False,False,valid,YYYY-MM-DD,False,527.0,False,True,False,True
683,464,Germany,380,2024-12-21,464,germany,380,2024.12.21,False,False,False,False,False,False,valid,YYYY-MM-DD,False,10.0,False,False,False,True
684,465,Poland,235,2023-06-22,465,Poland,235,2023/06/22,False,False,False,False,False,False,valid,YYYY-MM-DD,False,558.0,False,True,False,True
685,466,Poland,9,2024-10-02,466,poland,9,02-10-2024,False,False,False,False,False,False,valid,DD-MM-YYYY,True,90.0,False,False,False,True
686,467,Poland,300,2024-04-07,467,pl,300,2024-04-07,False,False,False,False,False,False,valid,YYYY-MM-DD,False,268.0,False,True,False,True
687,467,Czech Republic,0,2024-03-03,467,Czechia,0,2024-03-03,False,False,False,False,True,False,valid,YYYY-MM-DD,False,303.0,False,True,False,True
688,468,Germany,275,2023-06-29,468,germany,275,2023-06-29,False,False,False,False,False,False,valid,YYYY-MM-DD,False,551.0,False,True,False,True
689,468,Poland,307,2023-05-22,468,poland,307,2023-05-22,False,False,False,False,False,False,valid,YYYY-MM-DD,False,589.0,False,True,False,True
690,469,Czech Republic,0,2024-06-16,469,Czech,0,2024-06-16,False,False,False,False,True,False,valid,YYYY-MM-DD,False,198.0,False,True,False,True
691,469,Germany,28,2024-11-01,469,germany,28,2024/11/01,False,False,False,False,False,False,valid,YYYY-MM-DD,False,60.0,False,False,False,True
692,470,Poland,235,2023-12-05,470,poland,235,2023-12-05,False,False,False,False,False,False,valid,YYYY-MM-DD,False,392.0,False,True,False,True
693,471,Poland,151,2024-05-05,471,PL,151,2024.05.05,False,False,False,False,False,False,valid,YYYY-MM-DD,False,240.0,False,True,False,True
694,472,Czech Republic,178,2024-09-06,472,Czech,178,2024-09-06,False,False,False,False,False,False,valid,YYYY-MM-DD,False,116.0,False,True,False,True
695,472,Germany,222,2023-11-03,472,GER,222,2023-11-03,False,False,False,False,False,False,valid,YYYY-MM-DD,False,424.0,False,True,False,True
696,473,Czech Republic,48,2024-06-15,473,CZ,48,2024/06/15,False,False,False,False,False,False,valid,YYYY-MM-DD,False,199.0,False,True,False,True
697,473,Poland,179,2024-02-10,473,Polska,179,2024/02/10,False,False,False,False,False,False,valid,YYYY-MM-DD,False,325.0,False,True,False,True
698,474,Germany,135,2024-01-31,474,Deutschland,135,2024/01/31,False,False,False,False,False,False,valid,YYYY-MM-DD,False,335.0,False,True,False,True
699,474,Czech Republic,0,2024-02-29,474,Czech Republic,0,2024-02-29,False,False,False,False,True,False,valid,YYYY-MM-DD,False,306.0,False,True,False,True
700,475,Czech Republic,0,2023-05-27,475,Czech,0,2023-05-27,False,False,False,False,True,False,valid,YYYY-MM-DD,False,584.0,False,True,False,True
701,476,Czech Republic,62,2023-07-08,476,czechia,62,2023-07-08,False,False,False,False,False,False,valid,YYYY-MM-DD,False,542.0,False,True,False,True
702,477,Czech Republic,194,2023-12-07,477,Czechia,194,07-12-2023,False,False,False,False,False,False,valid,DD-MM-YYYY,True,390.0,False,True,False,True
703,478,Germany,336,2023-09-23,478,Germany,336,2023/09/23,False,False,False,False,False,False,valid,YYYY-MM-DD,False,465.0,False,True,False,True
704,479,Czech Republic,47,2023-10-24,479,CZ,47,2023-10-24,False,False,False,False,False,False,valid,YYYY-MM-DD,False,434.0,False,True,False,True
705,479,Germany,145,2024-07-14,479,GER,145,2024-07-14,False,False,False,False,False,False,valid,YYYY-MM-DD,False,170.0,False,True,False,True
706,480,Czech Republic,277,2023-12-04,480,Czech Republic,277,2023-12-04,False,False,False,False,False,False,valid,YYYY-MM-DD,False,393.0,False,True,False,True
707,480,Germany,52,2024-05-16,480,germany,52,2024-05-16,False,False,False,False,False,False,valid,YYYY-MM-DD,False,229.0,False,True,False,True
708,481,Germany,167,2024-12-27,481,GER,167,2024-12-27,False,False,False,False,False,False,valid,YYYY-MM-DD,False,4.0,False,False,False,True
709,482,Czech Republic,155,2024-11-21,482,Czechia,155,2024-11-21,False,False,False,False,False,False,valid,YYYY-MM-DD,False,40.0,False,False,False,True
710,483,Czech Republic,113,2023-11-19,483,Czech,113,2023/11/19,False,False,False,False,False,False,valid,YYYY-MM-DD,False,408.0,False,True,False,True
711,483,Germany,216,2024-02-25,483,germany,216,2024-02-25,False,False,False,False,False,False,valid,YYYY-MM-DD,False,310.0,False,True,False,True
712,484,Poland,521,2024-04-01,484,pl,521,2024-04-01,False,False,False,False,False,False,valid,YYYY-MM-DD,False,274.0,False,True,False,True
713,484,Czech Republic,163,2024-02-06,484,Czech,163,2024-02-06,False,False,False,False,False,False,valid,YYYY-MM-DD,False,329.0,False,True,False,True
714,485,Poland,81,2023-12-27,485,poland,81,2023-12-27,False,False,False,False,False,False,valid,YYYY-MM-DD,False,370.0,False,True,False,True
715,486,Czech Republic,295,2024-04-26,486,czechia,295,2024-04-26,False,False,False,False,False,False,valid,YYYY-MM-DD,False,249.0,False,True,False,True
716,486,Poland,91,2023-07-31,486,pl,91,2023-07-31,False,False,False,False,False,False,valid,YYYY-MM-DD,False,519.0,False,True,False,True
717,487,Germany,150,2024-07-29,487,germany,150,2024/07/29,False,False,False,False,False,False,valid,YYYY-MM-DD,False,155.0,False,True,False,True
718,487,Czech Republic,52,2023-11-06,487,CZ,52,2023-11-06,False,False,False,False,False,False,valid,YYYY-MM-DD,False,421.0,False,True,False,True
719,488,Germany,89,2024-07-11,488,Deutschland,89,11-07-2024,False,False,False,False,False,False,valid,DD-MM-YYYY,True,173.0,False,True,False,True
720,489,Czech Republic,40,2023-12-02,489,Czech Republic,40,2023-12-02,False,False,False,False,False,False,valid,YYYY-MM-DD,False,395.0,False,True,False,True
721,489,Germany,216,2024-01-03,489,germany,216,2024-01-03,False,False,False,False,False,False,valid,YYYY-MM-DD,False,363.0,False,True,False,True
722,490,Czech Republic,201,2024-08-11,490,czechia,201,2024.08.11,False,False,False,False,False,False,valid,YYYY-MM-DD,False,142.0,False,True,False,True
723,491,Germany,33,2024-01-26,491,Deutschland,33,26/01/2024,False,False,False,False,False,False,valid,DD-MM-YYYY,False,340.0,False,True,False,True
724,491,Poland,90,2024-09-02,491,PL,90,2024-09-02,False,False,False,False,False,False,valid,YYYY-MM-DD,False,120.0,False,True,False,True
725,492,Germany,324,2024-01-26,492,DE,324,2024-01-26,False,False,False,False,False,False,valid,YYYY-MM-DD,False,340.0,False,True,False,True
726,493,Germany,318,2024-05-15,493,DE,318,2024-05-15,False,False,False,False,False,False,valid,YYYY-MM-DD,False,230.0,False,True,False,True
727,493,Czech Republic,365,2023-11-28,493,Czech Republic,365,2023-11-28,False,False,False,False,False,False,valid,YYYY-MM-DD,False,399.0,False,True,False,True
728,494,Czech Republic,0,2024-11-11,494,Czech,0,2024-11-11,False,False,False,False,True,False,valid,YYYY-MM-DD,False,50.0,False,False,False,True
729,494,Germany,0,2024-01-14,494,germany,0,2024/01/14,False,False,False,False,True,False,valid,YYYY-MM-DD,False,352.0,False,True,False,True
730,495,Germany,0,2024-01-09,495,DE,0,2024/01/09,False,False,False,False,True,False,valid,YYYY-MM-DD,False,357.0,False,True,False,True
731,495,Czech Republic,134,2023-10-02,495,Czechia,134,2023-10-02,False,False,False,False,False,False,valid,YYYY-MM-DD,False,456.0,False,True,False,True
732,496,Germany,326,2023-08-16,496,germany,326,2023-08-16,False,False,False,False,False,False,valid,YYYY-MM-DD,False,503.0,False,True,False,True
733,496,Poland,5,2024-12-27,496,POL,5,2024/12/27,False,False,False,False,False,False,valid,YYYY-MM-DD,False,4.0,False,False,False,True
735,498,Poland,129,2024-10-23,498,POL,129,23-10-2024,False,False,False,False,False,False,valid,DD-MM-YYYY,False,69.0,False,False,False,True
736,498,Germany,420,2023-12-18,498,germany,420,2023-12-18,False,False,False,False,False,False,valid,YYYY-MM-DD,False,379.0,False,True,False,True
737,499,Czech Republic,34,2024-07-27,499,czechia,34,2024-07-27,False,False,False,False,False,False,valid,YYYY-MM-DD,False,157.0,False,True,False,True
738,499,Poland,68,2024-06-25,499,PL,68,2024.06.25,False,False,False,False,False,False,valid,YYYY-MM-DD,False,189.0,False,True,False,True
739,500,Poland,60,2024-12-23,500,POL,60,2024/12/23,False,False,False,False,False,False,valid,YYYY-MM-DD,False,8.0,False,False,False,True
740,501,Czech Republic,194,2024-10-29,501,Czech Republic,194,29-10-2024,False,False,False,False,False,False,valid,DD-MM-YYYY,False,63.0,False,False,False,True
741,502,Poland,0,2023-12-22,502,Poland,0,2023.12.22,False,False,False,False,True,False,valid,YYYY-MM-DD,False,375.0,False,True,False,True
742,502,Czech Republic,209,2024-03-05,502,czechia,209,2024-03-05,False,False,False,False,False,False,valid,YYYY-MM-DD,False,301.0,False,True,False,True
743,503,Czech Republic,178,2023-07-30,503,Czech,178,2023-07-30,False,False,False,False,False,False,valid,YYYY-MM-DD,False,520.0,False,True,False,True
744,504,Czech Republic,138,2024-04-22,504,czechia,138,2024-04-22,False,False,False,False,False,False,valid,YYYY-MM-DD,False,253.0,False,True,False,True
745,504,Poland,16,2023-10-21,504,POL,16,2023/10/21,False,False,False,False,False,False,valid,YYYY-MM-DD,False,437.0,False,True,False,True
746,505,Czech Republic,52,2023-06-08,505,CZ,52,2023-06-08,False,False,False,False,False,False,valid,YYYY-MM-DD,False,572.0,False,True,False,True
747,506,Czech Republic,302,2024-01-09,506,CZ,302,2024-01-09,False,False,False,False,False,False,valid,YYYY-MM-DD,False,357.0,False,True,False,True
748,506,Germany,298,2024-01-10,506,GER,298,2024/01/10,False,False,False,False,False,False,valid,YYYY-MM-DD,False,356.0,False,True,False,True
749,507,Germany,276,2024-08-09,507,germany,276,2024/08/09,False,False,False,False,False,False,valid,YYYY-MM-DD,False,144.0,False,True,False,True
750,507,Poland,258,2024-07-24,507,Poland,258,2024.07.24,False,False,False,False,False,False,valid,YYYY-MM-DD,False,160.0,False,True,False,True
751,508,Czech Republic,251,2023-12-29,508,Czechia,251,2023/12/29,False,False,False,False,False,False,valid,YYYY-MM-DD,False,368.0,False,True,False,True
752,508,Germany,269,2023-09-18,508,DE,269,18-09-2023,False,False,False,False,False,False,valid,DD-MM-YYYY,False,470.0,False,True,False,True
753,509,Germany,286,2023-05-13,509,Deutschland,286,2023/05/13,False,False,False,False,False,False,valid,YYYY-MM-DD,False,598.0,False,True,False,True
754,509,Czech Republic,68,2023-11-01,509,czechia,68,2023-11-01,False,False,False,False,False,False,valid,YYYY-MM-DD,False,426.0,False,True,False,True
755,510,Poland,287,2023-07-20,510,pl,287,2023-07-20,False,False,False,False,False,False,valid,YYYY-MM-DD,False,530.0,False,True,False,True
756,511,Germany,325,2023-09-13,511,GER,325,2023-09-13,False,False,False,False,False,False,valid,YYYY-MM-DD,False,475.0,False,True,False,True
757,512,Czech Republic,88,2023-10-05,512,Czechia,88,2023/10/05,False,False,False,False,False,False,valid,YYYY-MM-DD,False,453.0,False,True,False,True
758,512,Poland,280,2023-11-30,512,pl,280,2023-11-30,False,False,False,False,False,False,valid,YYYY-MM-DD,False,397.0,False,True,False,True
759,513,Germany,125,2023-09-26,513,Germany,125,26-09-2023,False,False,False,False,False,False,valid,DD-MM-YYYY,False,462.0,False,True,False,True
760,514,Czech Republic,49,2023-10-03,514,Czechia,49,2023/10/03,False,False,False,False,False,False,valid,YYYY-MM-DD,False,455.0,False,True,False,True
761,514,Poland,165,2023-08-16,514,poland,165,2023-08-16,False,False,False,False,False,False,valid,YYYY-MM-DD,False,503.0,False,True,False,True
762,515,Czech Republic,247,2023-09-22,515,Czechia,247,2023-09-22,False,False,False,False,False,False,valid,YYYY-MM-DD,False,466.0,False,True,False,True
763,516,Poland,145,2023-10-21,516,Polska,145,2023.10.21,False,False,False,False,False,False,valid,YYYY-MM-DD,False,437.0,False,True,False,True
764,517,Czech Republic,78,2023-09-03,517,Czech,78,03-09-2023,False,False,False,False,False,False,valid,DD-MM-YYYY,True,485.0,False,True,False,True
765,518,Czech Republic,20,2024-04-13,518,Czech Republic,20,2024-04-13,False,False,False,False,False,False,valid,YYYY-MM-DD,False,262.0,False,True,False,True
766,518,Poland,327,2024-02-05,518,PL,327,05-02-2024,False,False,False,False,False,False,valid,DD-MM-YYYY,True,330.0,False,True,False,True
767,519,Poland,174,2024-01-19,519,PL,174,19-01-2024,False,False,False,False,False,False,valid,DD-MM-YYYY,False,347.0,False,True,False,True
768,520,Germany,262,2024-10-24,520,Germany,262,2024/10/24,False,False,False,False,False,False,valid,YYYY-MM-DD,False,68.0,False,False,False,True
769,521,Czech Republic,140,2024-01-02,521,Czech,140,2024-01-02,False,False,False,False,False,False,valid,YYYY-MM-DD,False,364.0,False,True,False,True
770,522,Poland,0,2024-07-21,522,PL,0,2024/07/21,False,False,False,False,True,False,valid,YYYY-MM-DD,False,163.0,False,True,False,True
771,523,Czech Republic,0,2024-10-11,523,Czech,0,2024/10/11,False,False,False,False,True,False,valid,YYYY-MM-DD,False,81.0,False,False,False,True
772,524,Poland,70,2024-10-06,524,POL,70,2024-10-06,False,False,False,False,False,False,valid,YYYY-MM-DD,False,86.0,False,False,False,True
773,524,Czech Republic,107,2024-05-10,524,Czech,107,2024-05-10,False,False,False,False,False,False,valid,YYYY-MM-DD,False,235.0,False,True,False,True
774,525,Poland,103,2023-09-11,525,POL,103,11-09-2023,False,False,False,False,False,False,valid,DD-MM-YYYY,True,477.0,False,True,False,True
775,526,Germany,0,2024-04-22,526,DE,0,2024/04/22,False,False,False,False,True,False,valid,YYYY-MM-DD,False,253.0,False,True,False,True
776,526,Poland,297,2024-05-17,526,PL,297,2024-05-17,False,False,False,False,False,False,valid,YYYY-MM-DD,False,228.0,False,True,False,True
777,527,Czech Republic,307,2024-03-21,527,czechia,307,2024-03-21,False,False,False,False,False,False,valid,YYYY-MM-DD,False,285.0,False,True,False,True
778,528,Germany,48,2024-03-23,528,germany,48,2024/03/23,False,False,False,False,False,False,valid,YYYY-MM-DD,False,283.0,False,True,False,True
779,528,Poland,0,2024-03-13,528,Poland,0,2024-03-13,False,False,False,False,True,False,valid,YYYY-MM-DD,False,293.0,False,True,False,True
780,529,Poland,71,2024-11-06,529,POL,71,2024-11-06,False,False,False,False,False,False,valid,YYYY-MM-DD,False,55.0,False,False,False,True
781,529,Germany,0,2024-01-03,529,Deutschland,0,2024-01-03,False,False,False,False,True,False,valid,YYYY-MM-DD,False,363.0,False,True,False,True
782,530,Germany,50,2024-08-04,530,GER,50,2024/08/04,False,False,False,False,False,False,valid,YYYY-MM-DD,False,149.0,False,True,False,True
783,530,Czech Republic,2,2023-09-14,530,czechia,2,2023/09/14,False,False,False,False,False,False,valid,YYYY-MM-DD,False,474.0,False,True,False,True
784,531,Poland,408,2023-06-17,531,Polska,408,2023-06-17,False,False,False,False,False,False,valid,YYYY-MM-DD,False,563.0,False,True,False,True
785,531,Germany,145,2024-08-08,531,GER,145,2024-08-08,False,False,False,False,False,False,valid,YYYY-MM-DD,False,145.0,False,True,False,True
786,532,Poland,225,2023-09-14,532,Poland,225,2023-09-14,False,False,False,False,False,False,valid,YYYY-MM-DD,False,474.0,False,True,False,True
787,533,Poland,99,2024-12-13,533,pl,99,2024/12/13,False,False,False,False,False,False,valid,YYYY-MM-DD,False,18.0,False,False,False,True
788,533,Czech Republic,130,2024-05-12,533,Czech Republic,130,2024-05-12,False,False,False,False,False,False,valid,YYYY-MM-DD,False,233.0,False,True,False,True
789,534,Poland,119,2024-03-06,534,POL,119,06/03/2024,False,False,False,False,False,False,valid,DD-MM-YYYY,True,300.0,False,True,False,True
790,534,Czech Republic,341,2024-03-23,534,CZ,341,23-03-2024,False,False,False,False,False,False,valid,DD-MM-YYYY,False,283.0,False,True,False,True
791,535,Czech Republic,274,2024-05-21,535,Czechia,274,2024-05-21,False,False,False,False,False,False,valid,YYYY-MM-DD,False,224.0,False,True,False,True
792,536,Poland,383,2024-07-30,536,Poland,383,2024-07-30,False,False,False,False,False,False,valid,YYYY-MM-DD,False,154.0,False,True,False,True
793,537,Poland,25,2023-07-16,537,PL,25,2023-07-16,False,False,False,False,False,False,valid,YYYY-MM-DD,False,534.0,False,True,False,True
794,537,Czech Republic,167,2024-05-25,537,CZ,167,2024-05-25,False,False,False,False,False,False,valid,YYYY-MM-DD,False,220.0,False,True,False,True
795,538,Czech Republic,111,2023-10-17,538,CZ,111,2023.10.17,False,False,False,False,False,False,valid,YYYY-MM-DD,False,441.0,False,True,False,True
796,539,Czech Republic,230,2024-10-20,539,CZ,230,2024-10-20,False,False,False,False,False,False,valid,YYYY-MM-DD,False,72.0,False,False,False,True
797,540,Germany,105,2024-02-29,540,Deutschland,105,2024/02/29,False,False,False,False,False,False,valid,YYYY-MM-DD,False,306.0,False,True,False,True
798,540,Czech Republic,247,2023-10-03,540,Czech Republic,247,2023-10-03,False,False,False,False,False,False,valid,YYYY-MM-DD,False,455.0,False,True,False,True
799,541,Poland,202,2024-08-08,541,PL,202,2024-08-08,False,False,False,False,False,False,valid,YYYY-MM-DD,False,145.0,False,True,False,True
800,541,Germany,0,2023-09-27,541,germany,0,2023-09-27,False,False,False,False,True,False,valid,YYYY-MM-DD,False,461.0,False,True,False,True
801,542,Czech Republic,201,2024-12-10,542,Czech,201,2024-12-10,False,False,False,False,False,False,valid,YYYY-MM-DD,False,21.0,False,False,False,True
802,542,Poland,360,2023-08-30,542,POL,360,30-08-2023,False,False,False,False,False,False,valid,DD-MM-YYYY,False,489.0,False,True,False,True
803,543,Czech Republic,400,2024-04-15,543,Czechia,400,2024-04-15,False,False,False,False,False,False,valid,YYYY-MM-DD,False,260.0,False,True,False,True
804,544,Poland,135,2023-09-26,544,POL,135,2023-09-26,False,False,False,False,False,False,valid,YYYY-MM-DD,False,462.0,False,True,False,True
805,545,Czech Republic,86,2023-12-14,545,Czechia,86,2023-12-14,False,False,False,False,False,False,valid,YYYY-MM-DD,False,383.0,False,True,False,True
806,545,Poland,250,2024-05-31,545,PL,250,2024/05/31,False,False,False,False,False,False,valid,YYYY-MM-DD,False,214.0,False,True,False,True
807,546,Poland,265,2024-03-10,546,Poland,265,2024-03-10,False,False,False,False,False,False,valid,YYYY-MM-DD,False,296.0,False,True,False,True
808,546,Czech Republic,62,2024-11-06,546,CZ,62,2024-11-06,False,False,False,False,False,False,valid,YYYY-MM-DD,False,55.0,False,False,False,True
809,547,Czech Republic,154,2024-06-07,547,CZ,154,07-06-2024,False,False,False,False,False,False,valid,DD-MM-YYYY,True,207.0,False,True,False,True
810,547,Poland,67,2023-09-25,547,PL,67,2023-09-25,False,False,False,False,False,False,valid,YYYY-MM-DD,False,463.0,False,True,False,True
811,548,Germany,279,2023-06-08,548,DE,279,2023-06-08,False,False,False,False,False,False,valid,YYYY-MM-DD,False,572.0,False,True,False,True
812,549,Czech Republic,143,2024-07-21,549,CZ,143,2024-07-21,False,False,False,False,False,False,valid,YYYY-MM-DD,False,163.0,False,True,False,True
813,550,Czech Republic,206,2024-02-16,550,czechia,206,2024/02/16,False,False,False,False,False,False,valid,YYYY-MM-DD,False,319.0,False,True,False,True
814,550,Germany,160,2024-11-14,550,Deutschland,160,2024-11-14,False,False,False,False,False,False,valid,YYYY-MM-DD,False,47.0,False,False,False,True
815,551,Czech Republic,312,2024-07-30,551,Czech Republic,312,30-07-2024,False,False,False,False,False,False,valid,DD-MM-YYYY,False,154.0,False,True,False,True
816,552,Poland,182,2023-11-07,552,Polska,182,2023/11/07,False,False,False,False,False,False,valid,YYYY-MM-DD,False,420.0,False,True,False,True
817,552,Germany,79,2024-08-06,552,GER,79,2024-08-06,False,False,False,False,False,False,valid,YYYY-MM-DD,False,147.0,False,True,False,True
818,553,Czech Republic,416,2024-07-30,553,Czech Republic,416,2024-07-30,False,False,False,False,False,False,valid,YYYY-MM-DD,False,154.0,False,True,False,True
819,554,Poland,82,2023-12-02,554,poland,82,2023-12-02,False,False,False,False,False,False,valid,YYYY-MM-DD,False,395.0,False,True,False,True
820,554,Czech Republic,93,2024-07-19,554,Czechia,93,19/07/2024,False,False,False,False,False,False,valid,DD-MM-YYYY,False,165.0,False,True,False,True
821,555,Germany,218,2024-05-30,555,GER,218,2024-05-30,False,False,False,False,False,False,valid,YYYY-MM-DD,False,215.0,False,True,False,True
822,555,Poland,0,2024-11-28,555,POL,0,2024-11-28,False,False,False,False,True,False,valid,YYYY-MM-DD,False,33.0,False,False,False,True
823,556,Czech Republic,96,2023-05-28,556,Czechia,96,2023-05-28,False,False,False,False,False,False,valid,YYYY-MM-DD,False,583.0,False,True,False,True
825,558,Czech Republic,186,2024-07-25,558,CZ,186,2024-07-25,False,False,False,False,False,False,valid,YYYY-MM-DD,False,159.0,False,True,False,True
826,559,Czech Republic,319,2023-06-18,559,CZ,319,2023-06-18,False,False,False,False,False,False,valid,YYYY-MM-DD,False,562.0,False,True,False,True
827,560,Poland,137,2024-05-03,560,pl,137,2024/05/03,False,False,False,False,False,False,valid,YYYY-MM-DD,False,242.0,False,True,False,True
828,561,Czech Republic,216,2024-08-06,561,Czech,216,2024-08-06,False,False,False,False,False,False,valid,YYYY-MM-DD,False,147.0,False,True,False,True
829,561,Germany,400,2023-05-13,561,Germany,400,2023-05-13,False,False,False,False,False,False,valid,YYYY-MM-DD,False,598.0,False,True,False,True
830,562,Poland,335,2024-09-17,562,PL,335,2024-09-17,False,False,False,False,False,False,valid,YYYY-MM-DD,False,105.0,False,True,False,True
831,562,Germany,334,2024-01-30,562,Germany,334,30/01/2024,False,False,False,False,False,False,valid,DD-MM-YYYY,False,336.0,False,True,False,True
832,563,Germany,241,2023-07-10,563,Deutschland,241,2023-07-10,False,False,False,False,False,False,valid,YYYY-MM-DD,False,540.0,False,True,False,True
833,564,Poland,0,2023-09-06,564,pl,0,06-09-2023,False,False,False,False,True,False,valid,DD-MM-YYYY,True,482.0,False,True,False,True
834,564,Czech Republic,5,2023-08-31,564,czechia,5,31-08-2023,False,False,False,False,False,False,valid,DD-MM-YYYY,False,488.0,False,True,False,True
835,565,Germany,356,2023-08-19,565,germany,356,19-08-2023,False,False,False,False,False,False,valid,DD-MM-YYYY,False,500.0,False,True,False,True
836,565,Poland,270,2023-11-28,565,PL,270,2023-11-28,False,False,False,False,False,False,valid,YYYY-MM-DD,False,399.0,False,True,False,True
837,566,Germany,306,2024-11-06,566,germany,306,2024/11/06,False,False,False,False,False,False,valid,YYYY-MM-DD,False,55.0,False,False,False,True
838,566,Czech Republic,274,2024-07-23,566,Czechia,274,2024-07-23,False,False,False,False,False,False,valid,YYYY-MM-DD,False,161.0,False,True,False,True
839,567,Poland,90,2024-06-24,567,POL,90,2024-06-24,False,False,False,False,False,False,valid,YYYY-MM-DD,False,190.0,False,True,False,True
840,567,Germany,162,2024-02-25,567,GER,162,2024-02-25,False,False,False,False,False,False,valid,YYYY-MM-DD,False,310.0,False,True,False,True
841,568,Poland,132,2023-08-23,568,poland,132,2023-08-23,False,False,False,False,False,False,valid,YYYY-MM-DD,False,496.0,False,True,False,True
842,568,Czech Republic,307,2024-09-16,568,czechia,307,2024-09-16,False,False,False,False,False,False,valid,YYYY-MM-DD,False,106.0,False,True,False,True
843,569,Germany,0,2024-05-31,569,germany,0,31-05-2024,False,False,False,False,True,False,valid,DD-MM-YYYY,False,214.0,False,True,False,True
844,570,Czech Republic,251,2023-07-13,570,CZ,251,2023.07.13,False,False,False,False,False,False,valid,YYYY-MM-DD,False,537.0,False,True,False,True
845,570,Poland,165,2024-04-16,570,POL,165,2024-04-16,False,False,False,False,False,False,valid,YYYY-MM-DD,False,259.0,False,True,False,True
846,571,Poland,20,2023-06-08,571,POL,20,2023-06-08,False,False,False,False,False,False,valid,YYYY-MM-DD,False,572.0,False,True,False,True
847,571,Czech Republic,223,2024-08-02,571,czechia,223,2024-08-02,False,False,False,False,False,False,valid,YYYY-MM-DD,False,151.0,False,True,False,True
848,572,Poland,60,2024-06-19,572,poland,60,2024-06-19,False,False,False,False,False,False,valid,YYYY-MM-DD,False,195.0,False,True,False,True
849,573,Germany,194,2023-08-10,573,germany,194,2023-08-10,False,False,False,False,False,False,valid,YYYY-MM-DD,False,509.0,False,True,False,True
850,574,Czech Republic,287,2023-10-24,574,CZ,287,2023-10-24,False,False,False,False,False,False,valid,YYYY-MM-DD,False,434.0,False,True,False,True
851,575,Czech Republic,112,2023-09-08,575,Czech Republic,112,2023-09-08,False,False,False,False,False,False,valid,YYYY-MM-DD,False,480.0,False,True,False,True
852,575,Germany,166,2023-07-31,575,germany,166,2023-07-31,False,False,False,False,False,False,valid,YYYY-MM-DD,False,519.0,False,True,False,True
853,576,Germany,210,2023-05-26,576,germany,210,2023.05.26,False,False,False,False,False,False,valid,YYYY-MM-DD,False,585.0,False,True,False,True
854,576,Czech Republic,0,2023-12-04,576,Czech,0,04-12-2023,False,False,False,False,True,False,valid,DD-MM-YYYY,True,393.0,False,True,False,True
855,577,Poland,235,2024-01-11,577,pl,235,2024.01.11,False,False,False,False,False,False,valid,YYYY-MM-DD,False,355.0,False,True,False,True
856,578,Germany,255,2023-10-19,578,Germany,255,2023-10-19,False,False,False,False,False,False,valid,YYYY-MM-DD,False,439.0,False,True,False,True
857,578,Poland,203,2024-07-20,578,Polska,203,2024/07/20,False,False,False,False,False,False,valid,YYYY-MM-DD,False,164.0,False,True,False,True
858,579,Poland,234,2023-12-20,579,PL,234,20-12-2023,False,False,False,False,False,False,valid,DD-MM-YYYY,False,377.0,False,True,False,True
859,579,Germany,199,2023-09-06,579,DE,199,2023/09/06,False,False,False,False,False,False,valid,YYYY-MM-DD,False,482.0,False,True,False,True
860,580,Czech Republic,75,2024-11-29,580,Czech Republic,75,2024-11-29,False,False,False,False,False,False,valid,YYYY-MM-DD,False,32.0,False,False,False,True
861,580,Germany,78,2024-01-29,580,DE,78,2024-01-29,False,False,False,False,False,False,valid,YYYY-MM-DD,False,337.0,False,True,False,True
862,581,Czech Republic,295,2023-09-25,581,czechia,295,2023-09-25,False,False,False,False,False,False,valid,YYYY-MM-DD,False,463.0,False,True,False,True
863,582,Czech Republic,129,2024-05-19,582,CZ,129,2024-05-19,False,False,False,False,False,False,valid,YYYY-MM-DD,False,226.0,False,True,False,True
864,583,Czech Republic,215,2023-10-02,583,Czech Republic,215,2023-10-02,False,False,False,False,False,False,valid,YYYY-MM-DD,False,456.0,False,True,False,True
865,584,Germany,45,2023-11-23,584,Germany,45,2023-11-23,False,False,False,False,False,False,valid,YYYY-MM-DD,False,404.0,False,True,False,True
866,585,Czech Republic,186,2024-09-30,585,Czech,186,2024.09.30,False,False,False,False,False,False,valid,YYYY-MM-DD,False,92.0,False,True,False,True
867,586,Poland,236,2024-01-28,586,pl,236,2024-01-28,False,False,False,False,False,False,valid,YYYY-MM-DD,False,338.0,False,True,False,True
868,586,Germany,330,2023-07-18,586,Germany,330,18/07/2023,False,False,False,False,False,False,valid,DD-MM-YYYY,False,532.0,False,True,False,True
869,587,Czech Republic,239,2023-07-19,587,Czech,239,19-07-2023,False,False,False,False,False,False,valid,DD-MM-YYYY,False,531.0,False,True,False,True
870,587,Germany,60,2024-01-27,587,Germany,60,2024-01-27,False,False,False,False,False,False,valid,YYYY-MM-DD,False,339.0,False,True,False,True
871,588,Germany,251,2024-03-30,588,GER,251,30-03-2024,False,False,False,False,False,False,valid,DD-MM-YYYY,False,276.0,False,True,False,True
872,588,Czech Republic,30,2024-05-21,588,CZ,30,2024-05-21,False,False,False,False,False,False,valid,YYYY-MM-DD,False,224.0,False,True,False,True
873,589,Poland,0,2023-11-04,589,Polska,0,04-11-2023,False,False,False,False,True,False,valid,DD-MM-YYYY,True,423.0,False,True,False,True
874,590,Poland,168,2024-10-09,590,pl,168,2024-10-09,False,False,False,False,False,False,valid,YYYY-MM-DD,False,83.0,False,False,False,True
875,591,Czech Republic,337,2024-04-06,591,czechia,337,2024.04.06,False,False,False,False,False,False,valid,YYYY-MM-DD,False,269.0,False,True,False,True
876,592,Czech Republic,47,2024-09-24,592,Czech Republic,47,2024-09-24,False,False,False,False,False,False,valid,YYYY-MM-DD,False,98.0,False,True,False,True
877,593,Poland,315,2023-10-07,593,pl,315,2023/10/07,False,False,False,False,False,False,valid,YYYY-MM-DD,False,451.0,False,True,False,True
878,594,Poland,311,2023-07-29,594,PL,311,2023-07-29,False,False,False,False,False,False,valid,YYYY-MM-DD,False,521.0,False,True,False,True
879,594,Czech Republic,0,2023-08-20,594,Czech,0,2023/08/20,False,False,False,False,True,False,valid,YYYY-MM-DD,False,499.0,False,True,False,True
880,595,Poland,293,2024-10-02,595,POL,293,2024-10-02,False,False,False,False,False,False,valid,YYYY-MM-DD,False,90.0,False,False,False,True
881,596,Germany,286,2024-11-19,596,germany,286,2024/11/19,False,False,False,False,False,False,valid,YYYY-MM-DD,False,42.0,False,False,False,True
882,597,Poland,259,2024-12-30,597,POL,259,2024-12-30,False,False,False,False,False,False,valid,YYYY-MM-DD,False,1.0,False,False,False,True
883,598,Poland,131,2024-07-17,598,poland,131,2024-07-17,False,False,False,False,False,False,valid,YYYY-MM-DD,False,167.0,False,True,False,True
884,598,Czech Republic,315,2024-05-09,598,czechia,315,09-05-2024,False,False,False,False,False,False,valid,DD-MM-YYYY,True,236.0,False,True,False,True
885,599,Czech Republic,276,2023-12-24,599,czechia,276,2023-12-24,False,False,False,False,False,False,valid,YYYY-MM-DD,False,373.0,False,True,False,True
886,599,Germany,233,2024-05-09,599,DE,233,2024-05-09,False,False,False,False,False,False,valid,YYYY-MM-DD,False,236.0,False,True,False,True
887,600,Poland,231,2024-08-01,600,pl,231,2024-08-01,False,False,False,False,False,False,valid,YYYY-MM-DD,False,152.0,False,True,False,True
888,600,Germany,222,2023-10-03,600,DE,222,2023-10-03,False,False,False,False,False,False,valid,YYYY-MM-DD,False,455.0,False,True,False,True
889,601,Poland,110,2024-10-05,601,PL,110,2024-10-05,False,False,False,False,False,False,valid,YYYY-MM-DD,False,87.0,False,False,False,True
890,601,Czech Republic,58,2024-07-09,601,Czech,58,2024-07-09,False,False,False,False,False,False,valid,YYYY-MM-DD,False,175.0,False,True,False,True
891,602,Poland,17,2023-07-15,602,poland,17,2023.07.15,False,False,False,False,False,False,valid,YYYY-MM-DD,False,535.0,False,True,False,True
892,603,Poland,63,2023-11-01,603,pl,63,01-11-2023,False,False,False,False,False,False,valid,DD-MM-YYYY,True,426.0,False,True,False,True
893,604,Poland,166,2023-11-14,604,POL,166,2023-11-14,False,False,False,False,False,False,valid,YYYY-MM-DD,False,413.0,False,True,False,True
894,604,Czech Republic,90,2023-07-01,604,CZ,90,2023-07-01,False,False,False,False,False,False,valid,YYYY-MM-DD,False,549.0,False,True,False,True
895,605,Germany,111,2023-06-03,605,DE,111,2023/06/03,False,False,False,False,False,False,valid,YYYY-MM-DD,False,577.0,False,True,False,True
896,606,Czech Republic,102,2024-08-27,606,Czechia,102,2024-08-27,False,False,False,False,False,False,valid,YYYY-MM-DD,False,126.0,False,True,False,True
897,606,Germany,118,2024-11-09,606,germany,118,2024-11-09,False,False,False,False,False,False,valid,YYYY-MM-DD,False,52.0,False,False,False,True
898,607,Poland,336,2024-05-16,607,poland,336,2024-05-16,False,False,False,False,False,False,valid,YYYY-MM-DD,False,229.0,False,True,False,True
899,607,Germany,25,2024-10-14,607,GER,25,2024/10/14,False,False,False,False,False,False,valid,YYYY-MM-DD,False,78.0,False,False,False,True
900,608,Germany,354,2023-10-31,608,germany,354,2023/10/31,False,False,False,False,False,False,valid,YYYY-MM-DD,False,427.0,False,True,False,True
901,609,Poland,395,2023-07-31,609,pl,395,2023-07-31,False,False,False,False,False,False,valid,YYYY-MM-DD,False,519.0,False,True,False,True
902,610,Germany,379,2024-08-31,610,Germany,379,31-08-2024,False,False,False,False,False,False,valid,DD-MM-YYYY,False,122.0,False,True,False,True
903,611,Czech Republic,23,2023-09-23,611,Czechia,23,23-09-2023,False,False,False,False,False,False,valid,DD-MM-YYYY,False,465.0,False,True,False,True
904,611,Poland,210,2024-06-20,611,pl,210,2024-06-20,False,False,False,False,False,False,valid,YYYY-MM-DD,False,194.0,False,True,False,True
905,612,Czech Republic,157,2023-10-01,612,Czechia,157,2023-10-01,False,False,False,False,False,False,valid,YYYY-MM-DD,False,457.0,False,True,False,True
906,612,Germany,403,2024-03-17,612,Deutschland,403,2024-03-17,False,False,False,False,False,False,valid,YYYY-MM-DD,False,289.0,False,True,False,True
907,613,Poland,274,2024-03-16,613,pl,274,2024-03-16,False,False,False,False,False,False,valid,YYYY-MM-DD,False,290.0,False,True,False,True
908,614,Germany,300,2024-09-24,614,Germany,300,24-09-2024,False,False,False,False,False,False,valid,DD-MM-YYYY,False,98.0,False,True,False,True
909,615,Poland,180,2024-11-09,615,Polska,180,2024-11-09,False,False,False,False,False,False,valid,YYYY-MM-DD,False,52.0,False,False,False,True
910,616,Germany,27,2023-08-22,616,Deutschland,27,2023-08-22,False,False,False,False,False,False,valid,YYYY-MM-DD,False,497.0,False,True,False,True
911,616,Czech Republic,206,2024-02-14,616,czechia,206,2024-02-14,False,False,False,False,False,False,valid,YYYY-MM-DD,False,321.0,False,True,False,True
912,617,Germany,175,2024-10-29,617,Deutschland,175,2024/10/29,False,False,False,False,False,False,valid,YYYY-MM-DD,False,63.0,False,False,False,True
913,617,Czech Republic,265,2024-08-17,617,Czechia,265,2024-08-17,False,False,False,False,False,False,valid,YYYY-MM-DD,False,136.0,False,True,False,True
914,618,Czech Republic,313,2024-10-26,618,Czech Republic,313,2024.10.26,False,False,False,False,False,False,valid,YYYY-MM-DD,False,66.0,False,False,False,True
915,619,Czech Republic,138,2024-01-21,619,Czech Republic,138,2024-01-21,False,False,False,False,False,False,valid,YYYY-MM-DD,False,345.0,False,True,False,True
916,620,Czech Republic,159,2023-12-01,620,czechia,159,2023-12-01,False,False,False,False,False,False,valid,YYYY-MM-DD,False,396.0,False,True,False,True
917,621,Czech Republic,292,2024-06-13,621,Czech,292,2024/06/13,False,False,False,False,False,False,valid,YYYY-MM-DD,False,201.0,False,True,False,True
918,621,Germany,280,2024-03-01,621,germany,280,01-03-2024,False,False,False,False,False,False,valid,DD-MM-YYYY,True,305.0,False,True,False,True
919,622,Czech Republic,356,2024-03-29,622,Czech,356,2024-03-29,False,False,False,False,False,False,valid,YYYY-MM-DD,False,277.0,False,True,False,True
920,623,Poland,349,2024-03-10,623,Polska,349,2024-03-10,False,False,False,False,False,False,valid,YYYY-MM-DD,False,296.0,False,True,False,True
921,624,Czech Republic,36,2024-01-11,624,czechia,36,2024-01-11,False,False,False,False,False,False,valid,YYYY-MM-DD,False,355.0,False,True,False,True
922,625,Poland,176,2024-07-29,625,POL,176,2024-07-29,False,False,False,False,False,False,valid,YYYY-MM-DD,False,155.0,False,True,False,True
923,626,Germany,85,2023-09-22,626,Germany,85,2023-09-22,False,False,False,False,False,False,valid,YYYY-MM-DD,False,466.0,False,True,False,True
924,626,Poland,365,2023-05-22,626,PL,365,2023-05-22,False,False,False,False,False,False,valid,YYYY-MM-DD,False,589.0,False,True,False,True
925,627,Poland,251,2024-10-11,627,pl,251,2024.10.11,False,False,False,False,False,False,valid,YYYY-MM-DD,False,81.0,False,False,False,True
926,627,Czech Republic,303,2024-03-02,627,CZ,303,2024.03.02,False,False,False,False,False,False,valid,YYYY-MM-DD,False,304.0,False,True,False,True
927,628,Germany,216,2024-02-22,628,Deutschland,216,2024/02/22,False,False,False,False,False,False,valid,YYYY-MM-DD,False,313.0,False,True,False,True
928,629,Czech Republic,222,2024-12-30,629,CZ,222,2024-12-30,False,False,False,False,False,False,valid,YYYY-MM-DD,False,1.0,False,False,False,True
929,629,Poland,185,2024-07-10,629,Poland,185,2024-07-10,False,False,False,False,False,False,valid,YYYY-MM-DD,False,174.0,False,True,False,True
930,630,Poland,384,2024-06-21,630,pl,384,2024-06-21,False,False,False,False,False,False,valid,YYYY-MM-DD,False,193.0,False,True,False,True
931,631,Germany,74,2023-09-08,631,DE,74,2023-09-08,False,False,False,False,False,False,valid,YYYY-MM-DD,False,480.0,False,True,False,True
932,631,Poland,348,2023-10-30,631,poland,348,2023-10-30,False,False,False,False,False,False,valid,YYYY-MM-DD,False,428.0,False,True,False,True
933,632,Poland,0,2023-10-05,632,Polska,0,2023-10-05,False,False,False,False,True,False,valid,YYYY-MM-DD,False,453.0,False,True,False,True
934,632,Germany,364,2024-03-22,632,Germany,364,2024/03/22,False,False,False,False,False,False,valid,YYYY-MM-DD,False,284.0,False,True,False,True
935,633,Poland,301,2023-09-16,633,pl,301,2023/09/16,False,False,False,False,False,False,valid,YYYY-MM-DD,False,472.0,False,True,False,True
936,634,Poland,197,2024-12-22,634,poland,197,2024-12-22,False,False,False,False,False,False,valid,YYYY-MM-DD,False,9.0,False,False,False,True
937,635,Poland,119,2024-09-24,635,poland,119,2024.09.24,False,False,False,False,False,False,valid,YYYY-MM-DD,False,98.0,False,True,False,True
938,636,Germany,213,2024-04-05,636,DE,213,2024.04.05,False,False,False,False,False,False,valid,YYYY-MM-DD,False,270.0,False,True,False,True
939,636,Czech Republic,173,2023-07-21,636,Czech Republic,173,2023-07-21,False,False,False,False,False,False,valid,YYYY-MM-DD,False,529.0,False,True,False,True
940,637,Poland,66,2024-01-27,637,Poland,66,2024-01-27,False,False,False,False,False,False,valid,YYYY-MM-DD,False,339.0,False,True,False,True
941,638,Poland,260,2023-06-08,638,pl,260,2023/06/08,False,False,False,False,False,False,valid,YYYY-MM-DD,False,572.0,False,True,False,True
942,639,Germany,234,2023-11-22,639,Deutschland,234,2023.11.22,False,False,False,False,False,False,valid,YYYY-MM-DD,False,405.0,False,True,False,True
943,640,Poland,113,2024-04-29,640,Polska,113,2024-04-29,False,False,False,False,False,False,valid,YYYY-MM-DD,False,246.0,False,True,False,True
944,640,Germany,56,2024-03-22,640,Deutschland,56,2024/03/22,False,False,False,False,False,False,valid,YYYY-MM-DD,False,284.0,False,True,False,True
945,641,Germany,218,2024-12-29,641,DE,218,2024-12-29,False,False,False,False,False,False,valid,YYYY-MM-DD,False,2.0,False,False,False,True
946,641,Czech Republic,31,2023-07-07,641,Czech,31,2023/07/07,False,False,False,False,False,False,valid,YYYY-MM-DD,False,543.0,False,True,False,True
947,642,Germany,0,2024-08-09,642,Deutschland,0,09-08-2024,False,False,False,False,True,False,valid,DD-MM-YYYY,True,144.0,False,True,False,True
948,642,Czech Republic,85,2023-11-14,642,CZ,85,2023/11/14,False,False,False,False,False,False,valid,YYYY-MM-DD,False,413.0,False,True,False,True
949,643,Germany,92,2024-05-11,643,Germany,92,2024-05-11,False,False,False,False,False,False,valid,YYYY-MM-DD,False,234.0,False,True,False,True
950,644,Czech Republic,192,2024-01-07,644,CZ,192,07-01-2024,False,False,False,False,False,False,valid,DD-MM-YYYY,True,359.0,False,True,False,True
951,644,Germany,90,2023-11-06,644,Deutschland,90,2023.11.06,False,False,False,False,False,False,valid,YYYY-MM-DD,False,421.0,False,True,False,True
952,645,Germany,152,2023-10-10,645,DE,152,2023-10-10,False,False,False,False,False,False,valid,YYYY-MM-DD,False,448.0,False,True,False,True
953,646,Poland,211,2024-07-21,646,pl,211,2024-07-21,False,False,False,False,False,False,valid,YYYY-MM-DD,False,163.0,False,True,False,True
954,646,Germany,7,2023-08-06,646,GER,7,2023-08-06,False,False,False,False,False,False,valid,YYYY-MM-DD,False,513.0,False,True,False,True
955,647,Poland,264,2024-11-23,647,Poland,264,2024-11-23,False,False,False,False,False,False,valid,YYYY-MM-DD,False,38.0,False,False,False,True
956,647,Czech Republic,208,2024-09-12,647,Czech,208,2024-09-12,False,False,False,False,False,False,valid,YYYY-MM-DD,False,110.0,False,True,False,True
957,648,Poland,89,2024-05-06,648,Poland,89,06-05-2024,False,False,False,False,False,False,valid,DD-MM-YYYY,True,239.0,False,True,False,True
958,648,Germany,0,2024-03-15,648,GER,0,2024-03-15,False,False,False,False,True,False,valid,YYYY-MM-DD,False,291.0,False,True,False,True
959,649,Czech Republic,61,2024-05-14,649,CZ,61,2024.05.14,False,False,False,False,False,False,valid,YYYY-MM-DD,False,231.0,False,True,False,True
960,650,Poland,0,2024-07-15,650,Polska,0,2024-07-15,False,False,False,False,True,False,valid,YYYY-MM-DD,False,169.0,False,True,False,True
961,650,Germany,120,2024-04-20,650,germany,120,2024/04/20,False,False,False,False,False,False,valid,YYYY-MM-DD,False,255.0,False,True,False,True
962,651,Czech Republic,453,2023-06-14,651,CZ,453,2023-06-14,False,False,False,False,False,False,valid,YYYY-MM-DD,False,566.0,False,True,False,True
963,651,Germany,182,2023-11-20,651,DE,182,2023-11-20,False,False,False,False,False,False,valid,YYYY-MM-DD,False,407.0,False,True,False,True
964,652,Czech Republic,72,2023-08-28,652,Czech Republic,72,2023-08-28,False,False,False,False,False,False,valid,YYYY-MM-DD,False,491.0,False,True,False,True
965,652,Poland,155,2023-08-03,652,pl,155,03-08-2023,False,False,False,False,False,False,valid,DD-MM-YYYY,True,516.0,False,True,False,True
966,653,Germany,307,2024-12-13,653,GER,307,2024-12-13,False,False,False,False,False,False,valid,YYYY-MM-DD,False,18.0,False,False,False,True
967,653,Czech Republic,336,2024-09-15,653,czechia,336,2024-09-15,False,False,False,False,False,False,valid,YYYY-MM-DD,False,107.0,False,True,False,True
969,654,Poland,196,2023-09-03,654,Poland,196,2023-09-03,False,False,False,False,False,False,valid,YYYY-MM-DD,False,485.0,False,True,False,True
970,655,Germany,315,2024-01-04,655,GER,315,2024-01-04,False,False,False,False,False,False,valid,YYYY-MM-DD,False,362.0,False,True,False,True
971,656,Germany,245,2024-11-06,656,germany,245,06-11-2024,False,False,False,False,False,False,valid,DD-MM-YYYY,True,55.0,False,False,False,True
972,656,Czech Republic,277,2024-10-29,656,CZ,277,29-10-2024,False,False,False,False,False,False,valid,DD-MM-YYYY,False,63.0,False,False,False,True
973,657,Poland,187,2023-06-11,657,poland,187,2023-06-11,False,False,False,False,False,False,valid,YYYY-MM-DD,False,569.0,False,True,False,True
974,658,Germany,223,2024-01-01,658,GER,223,2024/01/01,False,False,False,False,False,False,valid,YYYY-MM-DD,False,365.0,False,True,False,True
975,659,Czech Republic,163,2024-11-29,659,Czech Republic,163,2024-11-29,False,False,False,False,False,False,valid,YYYY-MM-DD,False,32.0,False,False,False,True
976,660,Czech Republic,187,2024-03-16,660,Czech Republic,187,2024-03-16,False,False,False,False,False,False,valid,YYYY-MM-DD,False,290.0,False,True,False,True
977,660,Poland,204,2023-09-27,660,Poland,204,2023-09-27,False,False,False,False,False,False,valid,YYYY-MM-DD,False,461.0,False,True,False,True
978,661,Germany,28,2024-01-19,661,germany,28,2024.01.19,False,False,False,False,False,False,valid,YYYY-MM-DD,False,347.0,False,True,False,True
979,661,Poland,183,2024-08-19,661,poland,183,2024-08-19,False,False,False,False,False,False,valid,YYYY-MM-DD,False,134.0,False,True,False,True
980,662,Czech Republic,148,2024-05-26,662,Czechia,148,2024-05-26,False,False,False,False,False,False,valid,YYYY-MM-DD,False,219.0,False,True,False,True
981,662,Poland,9,2023-07-07,662,Polska,9,2023/07/07,False,False,False,False,False,False,valid,YYYY-MM-DD,False,543.0,False,True,False,True
982,663,Poland,107,2024-04-06,663,poland,107,2024/04/06,False,False,False,False,False,False,valid,YYYY-MM-DD,False,269.0,False,True,False,True
983,663,Germany,214,2023-08-17,663,DE,214,2023.08.17,False,False,False,False,False,False,valid,YYYY-MM-DD,False,502.0,False,True,False,True
984,664,Czech Republic,255,2024-05-05,664,Czech,255,2024-05-05,False,False,False,False,False,False,valid,YYYY-MM-DD,False,240.0,False,True,False,True
985,664,Poland,329,2023-05-22,664,POL,329,2023-05-22,False,False,False,False,False,False,valid,YYYY-MM-DD,False,589.0,False,True,False,True
986,665,Poland,230,2024-10-11,665,Poland,230,2024/10/11,False,False,False,False,False,False,valid,YYYY-MM-DD,False,81.0,False,False,False,True
987,665,Czech Republic,243,2023-07-21,665,czechia,243,2023-07-21,False,False,False,False,False,False,valid,YYYY-MM-DD,False,529.0,False,True,False,True
988,666,Czech Republic,148,2024-04-06,666,CZ,148,06-04-2024,False,False,False,False,False,False,valid,DD-MM-YYYY,True,269.0,False,True,False,True
989,667,Czech Republic,299,2024-03-28,667,CZ,299,28-03-2024,False,False,False,False,False,False,valid,DD-MM-YYYY,False,278.0,False,True,False,True
990,668,Czech Republic,218,2023-07-13,668,Czechia,218,2023/07/13,False,False,False,False,False,False,valid,YYYY-MM-DD,False,537.0,False,True,False,True
991,668,Germany,337,2024-03-24,668,Deutschland,337,2024-03-24,False,False,False,False,False,False,valid,YYYY-MM-DD,False,282.0,False,True,False,True
992,669,Germany,384,2024-06-22,669,GER,384,2024-06-22,False,False,False,False,False,False,valid,YYYY-MM-DD,False,192.0,False,True,False,True
993,669,Czech Republic,90,2023-06-20,669,Czech Republic,90,20-06-2023,False,False,False,False,False,False,valid,DD-MM-YYYY,False,560.0,False,True,False,True
994,670,Poland,261,2024-10-07,670,Polska,261,2024-10-07,False,False,False,False,False,False,valid,YYYY-MM-DD,False,85.0,False,False,False,True
995,670,Czech Republic,226,2023-11-03,670,CZ,226,2023-11-03,False,False,False,False,False,False,valid,YYYY-MM-DD,False,424.0,False,True,False,True
996,671,Poland,348,2023-09-22,671,pl,348,2023-09-22,False,False,False,False,False,False,valid,YYYY-MM-DD,False,466.0,False,True,False,True
997,671,Germany,146,2024-11-07,671,DE,146,2024-11-07,False,False,False,False,False,False,valid,YYYY-MM-DD,False,54.0,False,False,False,True
998,672,Poland,142,2023-06-24,672,PL,142,2023-06-24,False,False,False,False,False,False,valid,YYYY-MM-DD,False,556.0,False,True,False,True
999,672,Germany,187,2023-07-06,672,GER,187,2023-07-06,False,False,False,False,False,False,valid,YYYY-MM-DD,False,544.0,False,True,False,True
1000,673,Germany,191,2024-02-27,673,germany,191,2024-02-27,False,False,False,False,False,False,valid,YYYY-MM-DD,False,308.0,False,True,False,True
1001,674,Germany,170,2023-09-15,674,GER,170,2023/09/15,False,False,False,False,False,False,valid,YYYY-MM-DD,False,473.0,False,True,False,True
1002,674,Czech Republic,152,2023-07-12,674,czechia,152,2023-07-12,False,False,False,False,False,False,valid,YYYY-MM-DD,False,538.0,False,True,False,True
1003,675,Poland,345,2023-10-09,675,Polska,345,2023-10-09,False,False,False,False,False,False,valid,YYYY-MM-DD,False,449.0,False,True,False,True
1004,676,Germany,342,2023-12-09,676,germany,342,2023-12-09,False,False,False,False,False,False,valid,YYYY-MM-DD,False,388.0,False,True,False,True
1005,676,Poland,159,2024-03-13,676,Polska,159,2024-03-13,False,False,False,False,False,False,valid,YYYY-MM-DD,False,293.0,False,True,False,True
1006,677,Poland,137,2024-09-08,677,Poland,137,2024-09-08,False,False,False,False,False,False,valid,YYYY-MM-DD,False,114.0,False,True,False,True
1007,678,Poland,295,2023-12-10,678,Polska,295,2023-12-10,False,False,False,False,False,False,valid,YYYY-MM-DD,False,387.0,False,True,False,True
1008,678,Czech Republic,144,2024-03-05,678,CZ,144,2024-03-05,False,False,False,False,False,False,valid,YYYY-MM-DD,False,301.0,False,True,False,True
1009,679,Czech Republic,132,2024-04-22,679,czechia,132,2024.04.22,False,False,False,False,False,False,valid,YYYY-MM-DD,False,253.0,False,True,False,True
1010,679,Poland,153,2024-05-07,679,pl,153,07-05-2024,False,False,False,False,False,False,valid,DD-MM-YYYY,True,238.0,False,True,False,True
1012,680,Germany,0,2024-05-29,680,Germany,0,2024/05/29,False,False,False,False,True,False,valid,YYYY-MM-DD,False,216.0,False,True,False,True
1013,681,Germany,49,2023-07-01,681,GER,49,2023-07-01,False,False,False,False,False,False,valid,YYYY-MM-DD,False,549.0,False,True,False,True
1014,682,Germany,269,2024-08-24,682,DE,269,2024-08-24,False,False,False,False,False,False,valid,YYYY-MM-DD,False,129.0,False,True,False,True
1015,683,Czech Republic,295,2023-09-22,683,Czech Republic,295,2023-09-22,False,False,False,False,False,False,valid,YYYY-MM-DD,False,466.0,False,True,False,True
1016,684,Poland,328,2023-05-15,684,PL,328,15/05/2023,False,False,False,False,False,False,valid,DD-MM-YYYY,False,596.0,False,True,False,True
1017,685,Czech Republic,233,2024-05-19,685,Czech,233,2024-05-19,False,False,False,False,False,False,valid,YYYY-MM-DD,False,226.0,False,True,False,True
1018,686,Poland,106,2024-06-21,686,Polska,106,21-06-2024,False,False,False,False,False,False,valid,DD-MM-YYYY,False,193.0,False,True,False,True
1019,686,Germany,57,2024-03-01,686,Deutschland,57,2024.03.01,False,False,False,False,False,False,valid,YYYY-MM-DD,False,305.0,False,True,False,True
1020,687,Germany,230,2023-08-13,687,Deutschland,230,2023-08-13,False,False,False,False,False,False,valid,YYYY-MM-DD,False,506.0,False,True,False,True
1021,688,Poland,89,2024-12-12,688,Polska,89,2024-12-12,False,False,False,False,False,False,valid,YYYY-MM-DD,False,19.0,False,False,False,True
1022,688,Germany,0,2024-08-17,688,germany,0,2024-08-17,False,False,False,False,True,False,valid,YYYY-MM-DD,False,136.0,False,True,False,True
1023,689,Poland,208,2024-04-26,689,pl,208,2024-04-26,False,False,False,False,False,False,valid,YYYY-MM-DD,False,249.0,False,True,False,True
1024,690,Germany,78,2024-08-08,690,GER,78,2024-08-08,False,False,False,False,False,False,valid,YYYY-MM-DD,False,145.0,False,True,False,True
1025,691,Poland,296,2023-08-05,691,POL,296,2023-08-05,False,False,False,False,False,False,valid,YYYY-MM-DD,False,514.0,False,True,False,True
1026,691,Czech Republic,0,2023-10-06,691,Czech,0,2023-10-06,False,False,False,False,True,False,valid,YYYY-MM-DD,False,452.0,False,True,False,True
1027,692,Germany,51,2023-07-01,692,GER,51,2023-07-01,False,False,False,False,False,False,valid,YYYY-MM-DD,False,549.0,False,True,False,True
1028,693,Poland,156,2024-08-12,693,Polska,156,2024/08/12,False,False,False,False,False,False,valid,YYYY-MM-DD,False,141.0,False,True,False,True
1029,693,Czech Republic,141,2023-09-13,693,czechia,141,13/09/2023,False,False,False,False,False,False,valid,DD-MM-YYYY,False,475.0,False,True,False,True
1030,694,Germany,332,2024-12-28,694,DE,332,2024/12/28,False,False,False,False,False,False,valid,YYYY-MM-DD,False,3.0,False,False,False,True
1031,694,Czech Republic,449,2024-12-21,694,Czech,449,21/12/2024,False,False,False,False,False,False,valid,DD-MM-YYYY,False,10.0,False,False,False,True
1032,695,Poland,239,2023-05-19,695,poland,239,2023/05/19,False,False,False,False,False,False,valid,YYYY-MM-DD,False,592.0,False,True,False,True
1033,695,Czech Republic,375,2024-10-25,695,CZ,375,2024-10-25,False,False,False,False,False,False,valid,YYYY-MM-DD,False,67.0,False,False,False,True
1034,696,Germany,173,2024-10-25,696,germany,173,2024-10-25,False,False,False,False,False,False,valid,YYYY-MM-DD,False,67.0,False,False,False,True
1035,697,Czech Republic,104,2023-12-24,697,czechia,104,2023-12-24,False,False,False,False,False,False,valid,YYYY-MM-DD,False,373.0,False,True,False,True
1036,697,Poland,313,2023-10-06,697,Poland,313,06-10-2023,False,False,False,False,False,False,valid,DD-MM-YYYY,True,452.0,False,True,False,True
1037,698,Germany,322,2024-12-09,698,germany,322,2024-12-09,False,False,False,False,False,False,valid,YYYY-MM-DD,False,22.0,False,False,False,True
1038,699,Germany,189,2023-06-09,699,Germany,189,2023-06-09,False,False,False,False,False,False,valid,YYYY-MM-DD,False,571.0,False,True,False,True
1039,699,Poland,331,2023-05-20,699,PL,331,2023-05-20,False,False,False,False,False,False,valid,YYYY-MM-DD,False,591.0,False,True,False,True
1040,700,Germany,187,2023-11-28,700,Germany,187,2023-11-28,False,False,False,False,False,False,valid,YYYY-MM-DD,False,399.0,False,True,False,True
1041,701,Czech Republic,209,2023-12-01,701,Czech,209,2023-12-01,False,False,False,False,False,False,valid,YYYY-MM-DD,False,396.0,False,True,False,True
1042,702,Germany,174,2024-01-27,702,germany,174,2024/01/27,False,False,False,False,False,False,valid,YYYY-MM-DD,False,339.0,False,True,False,True
1043,702,Poland,246,2023-10-12,702,Poland,246,2023-10-12,False,False,False,False,False,False,valid,YYYY-MM-DD,False,446.0,False,True,False,True
1044,703,Poland,234,2024-01-04,703,Poland,234,2024/01/04,False,False,False,False,False,False,valid,YYYY-MM-DD,False,362.0,False,True,False,True
1045,703,Germany,343,2023-10-09,703,Deutschland,343,2023/10/09,False,False,False,False,False,False,valid,YYYY-MM-DD,False,449.0,False,True,False,True
1046,704,Czech Republic,418,2023-12-17,704,czechia,418,2023-12-17,False,False,False,False,False,False,valid,YYYY-MM-DD,False,380.0,False,True,False,True
1047,704,Poland,121,2023-05-21,704,poland,121,2023-05-21,False,False,False,False,False,False,valid,YYYY-MM-DD,False,590.0,False,True,False,True
1048,705,Germany,0,2024-07-17,705,Deutschland,0,2024-07-17,False,False,False,False,True,False,valid,YYYY-MM-DD,False,167.0,False,True,False,True
1049,705,Czech Republic,267,2023-09-30,705,Czech,267,2023-09-30,False,False,False,False,False,False,valid,YYYY-MM-DD,False,458.0,False,True,False,True
1050,706,Poland,90,2024-05-02,706,poland,90,2024-05-02,False,False,False,False,False,False,valid,YYYY-MM-DD,False,243.0,False,True,False,True
1051,706,Czech Republic,152,2024-04-11,706,Czech Republic,152,2024-04-11,False,False,False,False,False,False,valid,YYYY-MM-DD,False,264.0,False,True,False,True
1052,707,Poland,134,2023-11-25,707,POL,134,2023-11-25,False,False,False,False,False,False,valid,YYYY-MM-DD,False,402.0,False,True,False,True
1053,707,Germany,236,2023-11-02,707,Germany,236,2023-11-02,False,False,False,False,False,False,valid,YYYY-MM-DD,False,425.0,False,True,False,True
1054,708,Germany,258,2024-02-04,708,Deutschland,258,2024-02-04,False,False,False,False,False,False,valid,YYYY-MM-DD,False,331.0,False,True,False,True
1055,709,Czech Republic,205,2024-06-14,709,czechia,205,2024-06-14,False,False,False,False,False,False,valid,YYYY-MM-DD,False,200.0,False,True,False,True
1056,710,Germany,340,2023-08-27,710,Deutschland,340,2023-08-27,False,False,False,False,False,False,valid,YYYY-MM-DD,False,492.0,False,True,False,True
1057,710,Poland,32,2023-12-07,710,pl,32,2023-12-07,False,False,False,False,False,False,valid,YYYY-MM-DD,False,390.0,False,True,False,True
1058,711,Poland,301,2024-11-19,711,Poland,301,2024-11-19,False,False,False,False,False,False,valid,YYYY-MM-DD,False,42.0,False,False,False,True
1059,712,Poland,0,2024-08-17,712,Poland,0,2024-08-17,False,False,False,False,True,False,valid,YYYY-MM-DD,False,136.0,False,True,False,True
1060,713,Poland,0,2024-01-28,713,Poland,0,2024/01/28,False,False,False,False,True,False,valid,YYYY-MM-DD,False,338.0,False,True,False,True
1061,714,Germany,119,2023-07-20,714,germany,119,2023-07-20,False,False,False,False,False,False,valid,YYYY-MM-DD,False,530.0,False,True,False,True
1062,714,Czech Republic,274,2024-07-27,714,Czech Republic,274,27-07-2024,False,False,False,False,False,False,valid,DD-MM-YYYY,False,157.0,False,True,False,True
1063,715,Poland,178,2023-06-26,715,Poland,178,2023-06-26,False,False,False,False,False,False,valid,YYYY-MM-DD,False,554.0,False,True,False,True
1064,716,Germany,347,2024-01-30,716,GER,347,2024-01-30,False,False,False,False,False,False,valid,YYYY-MM-DD,False,336.0,False,True,False,True
1065,716,Czech Republic,72,2023-11-22,716,CZ,72,2023-11-22,False,False,False,False,False,False,valid,YYYY-MM-DD,False,405.0,False,True,False,True
1066,717,Germany,147,2023-10-29,717,GER,147,2023-10-29,False,False,False,False,False,False,valid,YYYY-MM-DD,False,429.0,False,True,False,True
1067,718,Germany,244,2024-12-19,718,GER,244,19-12-2024,False,False,False,False,False,False,valid,DD-MM-YYYY,False,12.0,False,False,False,True
1068,719,Czech Republic,7,2024-11-26,719,Czech Republic,7,2024-11-26,False,False,False,False,False,False,valid,YYYY-MM-DD,False,35.0,False,False,False,True
1069,720,Poland,236,2024-04-15,720,PL,236,2024-04-15,False,False,False,False,False,False,valid,YYYY-MM-DD,False,260.0,False,True,False,True
1070,720,Germany,199,2023-09-10,720,GER,199,10/09/2023,False,False,False,False,False,False,valid,DD-MM-YYYY,True,478.0,False,True,False,True
1071,721,Czech Republic,171,2024-05-30,721,czechia,171,2024-05-30,False,False,False,False,False,False,valid,YYYY-MM-DD,False,215.0,False,True,False,True
1072,721,Germany,224,2024-12-04,721,Germany,224,2024-12-04,False,False,False,False,False,False,valid,YYYY-MM-DD,False,27.0,False,False,False,True
1073,722,Germany,117,2024-12-09,722,germany,117,2024/12/09,False,False,False,False,False,False,valid,YYYY-MM-DD,False,22.0,False,False,False,True
1074,723,Czech Republic,37,2024-07-09,723,CZ,37,2024-07-09,False,False,False,False,False,False,valid,YYYY-MM-DD,False,175.0,False,True,False,True
1075,723,Germany,34,2024-09-27,723,Deutschland,34,2024-09-27,False,False,False,False,False,False,valid,YYYY-MM-DD,False,95.0,False,True,False,True
1076,724,Germany,252,2023-05-17,724,GER,252,2023/05/17,False,False,False,False,False,False,valid,YYYY-MM-DD,False,594.0,False,True,False,True
1077,724,Poland,400,2024-12-14,724,pl,400,2024/12/14,False,False,False,False,False,False,valid,YYYY-MM-DD,False,17.0,False,False,False,True
1078,725,Czech Republic,17,2024-07-02,725,czechia,17,2024-07-02,False,False,False,False,False,False,valid,YYYY-MM-DD,False,182.0,False,True,False,True
1079,725,Germany,296,2024-04-17,725,germany,296,2024-04-17,False,False,False,False,False,False,valid,YYYY-MM-DD,False,258.0,False,True,False,True
1080,726,Germany,0,2023-10-12,726,GER,0,2023.10.12,False,False,False,False,True,False,valid,YYYY-MM-DD,False,446.0,False,True,False,True
1081,726,Czech Republic,199,2024-07-25,726,Czech,199,2024-07-25,False,False,False,False,False,False,valid,YYYY-MM-DD,False,159.0,False,True,False,True
1082,727,Czech Republic,173,2024-09-08,727,czechia,173,2024/09/08,False,False,False,False,False,False,valid,YYYY-MM-DD,False,114.0,False,True,False,True
1083,728,Poland,63,2023-11-01,728,poland,63,2023-11-01,False,False,False,False,False,False,valid,YYYY-MM-DD,False,426.0,False,True,False,True
1084,728,Czech Republic,36,2024-07-12,728,CZ,36,2024-07-12,False,False,False,False,False,False,valid,YYYY-MM-DD,False,172.0,False,True,False,True
1085,729,Germany,317,2024-07-27,729,GER,317,2024-07-27,False,False,False,False,False,False,valid,YYYY-MM-DD,False,157.0,False,True,False,True
1086,730,Czech Republic,291,2024-09-17,730,Czechia,291,17-09-2024,False,False,False,False,False,False,valid,DD-MM-YYYY,False,105.0,False,True,False,True
1087,730,Germany,345,2024-11-17,730,GER,345,17-11-2024,False,False,False,False,False,False,valid,DD-MM-YYYY,False,44.0,False,False,False,True
1088,731,Poland,80,2024-11-28,731,POL,80,2024-11-28,False,False,False,False,False,False,valid,YYYY-MM-DD,False,33.0,False,False,False,True
1089,731,Czech Republic,0,2023-12-08,731,Czech,0,08-12-2023,False,False,False,False,True,False,valid,DD-MM-YYYY,True,389.0,False,True,False,True
1090,732,Germany,227,2023-06-19,732,Germany,227,2023-06-19,False,False,False,False,False,False,valid,YYYY-MM-DD,False,561.0,False,True,False,True
1091,733,Poland,162,2023-08-18,733,Polska,162,18-08-2023,False,False,False,False,False,False,valid,DD-MM-YYYY,False,501.0,False,True,False,True
1092,734,Germany,290,2024-08-04,734,GER,290,2024-08-04,False,False,False,False,False,False,valid,YYYY-MM-DD,False,149.0,False,True,False,True
1093,735,Germany,156,2023-12-23,735,Deutschland,156,23-12-2023,False,False,False,False,False,False,valid,DD-MM-YYYY,False,374.0,False,True,False,True
1094,735,Czech Republic,288,2023-06-30,735,CZ,288,2023-06-30,False,False,False,False,False,False,valid,YYYY-MM-DD,False,550.0,False,True,False,True
1095,736,Poland,94,2023-12-29,736,poland,94,2023-12-29,False,False,False,False,False,False,valid,YYYY-MM-DD,False,368.0,False,True,False,True
1096,737,Czech Republic,289,2024-06-05,737,Czech,289,2024.06.05,False,False,False,False,False,False,valid,YYYY-MM-DD,False,209.0,False,True,False,True
1097,737,Poland,217,2023-06-09,737,poland,217,2023-06-09,False,False,False,False,False,False,valid,YYYY-MM-DD,False,571.0,False,True,False,True
1098,738,Czech Republic,157,2023-09-27,738,czechia,157,2023-09-27,False,False,False,False,False,False,valid,YYYY-MM-DD,False,461.0,False,True,False,True
1099,738,Germany,87,2024-08-04,738,Deutschland,87,2024-08-04,False,False,False,False,False,False,valid,YYYY-MM-DD,False,149.0,False,True,False,True
1100,739,Germany,199,2023-08-22,739,germany,199,2023/08/22,False,False,False,False,False,False,valid,YYYY-MM-DD,False,497.0,False,True,False,True
1101,740,Poland,118,2024-11-04,740,Poland,118,2024-11-04,False,False,False,False,False,False,valid,YYYY-MM-DD,False,57.0,False,False,False,True
1102,741,Poland,392,2023-09-09,741,PL,392,2023-09-09,False,False,False,False,False,False,valid,YYYY-MM-DD,False,479.0,False,True,False,True
1103,741,Germany,13,2024-03-14,741,GER,13,2024-03-14,False,False,False,False,False,False,valid,YYYY-MM-DD,False,292.0,False,True,False,True
1104,742,Czech Republic,288,2024-09-04,742,Czechia,288,04/09/2024,False,False,False,False,False,False,valid,DD-MM-YYYY,True,118.0,False,True,False,True
1105,742,Germany,224,2024-11-25,742,Deutschland,224,2024-11-25,False,False,False,False,False,False,valid,YYYY-MM-DD,False,36.0,False,False,False,True
1106,743,Czech Republic,151,2024-03-17,743,Czechia,151,2024/03/17,False,False,False,False,False,False,valid,YYYY-MM-DD,False,289.0,False,True,False,True
1107,743,Germany,281,2024-11-10,743,germany,281,10-11-2024,False,False,False,False,False,False,valid,DD-MM-YYYY,True,51.0,False,False,False,True
1108,744,Poland,323,2024-08-12,744,Polska,323,2024-08-12,False,False,False,False,False,False,valid,YYYY-MM-DD,False,141.0,False,True,False,True
1109,744,Czech Republic,27,2024-12-03,744,Czech,27,2024-12-03,False,False,False,False,False,False,valid,YYYY-MM-DD,False,28.0,False,False,False,True
1110,745,Poland,110,2024-05-01,745,PL,110,2024-05-01,False,False,False,False,False,False,valid,YYYY-MM-DD,False,244.0,False,True,False,True
1111,745,Germany,17,2024-01-12,745,Germany,17,2024-01-12,False,False,False,False,False,False,valid,YYYY-MM-DD,False,354.0,False,True,False,True
1112,746,Poland,0,2024-12-16,746,POL,0,2024-12-16,False,False,False,False,True,False,valid,YYYY-MM-DD,False,15.0,False,False,False,True
1113,747,Poland,177,2024-10-26,747,Poland,177,2024-10-26,False,False,False,False,False,False,valid,YYYY-MM-DD,False,66.0,False,False,False,True
1114,748,Germany,195,2024-12-29,748,germany,195,2024-12-29,False,False,False,False,False,False,valid,YYYY-MM-DD,False,2.0,False,False,False,True
1115,749,Czech Republic,174,2024-04-15,749,Czechia,174,2024-04-15,False,False,False,False,False,False,valid,YYYY-MM-DD,False,260.0,False,True,False,True
1116,750,Poland,175,2024-06-11,750,pl,175,2024-06-11,False,False,False,False,False,False,valid,YYYY-MM-DD,False,203.0,False,True,False,True
1117,751,Germany,0,2024-05-05,751,DE,0,2024/05/05,False,False,False,False,True,False,valid,YYYY-MM-DD,False,240.0,False,True,False,True
1118,752,Poland,293,2024-01-05,752,Poland,293,2024.01.05,False,False,False,False,False,False,valid,YYYY-MM-DD,False,361.0,False,True,False,True
1119,753,Poland,392,2024-10-11,753,POL,392,2024-10-11,False,False,False,False,False,False,valid,YYYY-MM-DD,False,81.0,False,False,False,True
1120,753,Germany,185,2024-02-13,753,germany,185,13-02-2024,False,False,False,False,False,False,valid,DD-MM-YYYY,False,322.0,False,True,False,True
1121,754,Czech Republic,55,2024-01-22,754,Czechia,55,2024-01-22,False,False,False,False,False,False,valid,YYYY-MM-DD,False,344.0,False,True,False,True
1122,755,Czech Republic,0,2024-12-24,755,Czechia,0,2024/12/24,False,False,False,False,True,False,valid,YYYY-MM-DD,False,7.0,False,False,False,True
1123,755,Poland,194,2024-02-11,755,Poland,194,2024-02-11,False,False,False,False,False,False,valid,YYYY-MM-DD,False,324.0,False,True,False,True
1124,756,Czech Republic,181,2023-06-12,756,Czech,181,12-06-2023,False,False,False,False,False,False,valid,DD-MM-YYYY,True,568.0,False,True,False,True
1125,756,Poland,202,2023-08-11,756,Poland,202,2023-08-11,False,False,False,False,False,False,valid,YYYY-MM-DD,False,508.0,False,True,False,True
1126,757,Germany,219,2024-09-05,757,Germany,219,2024-09-05,False,False,False,False,False,False,valid,YYYY-MM-DD,False,117.0,False,True,False,True
1127,757,Czech Republic,213,2024-03-01,757,czechia,213,2024-03-01,False,False,False,False,False,False,valid,YYYY-MM-DD,False,305.0,False,True,False,True
1128,758,Czech Republic,206,2024-07-10,758,czechia,206,10-07-2024,False,False,False,False,False,False,valid,DD-MM-YYYY,True,174.0,False,True,False,True
1129,759,Poland,123,2023-10-01,759,Poland,123,2023/10/01,False,False,False,False,False,False,valid,YYYY-MM-DD,False,457.0,False,True,False,True
1130,759,Germany,0,2024-09-02,759,GER,0,2024-09-02,False,False,False,False,True,False,valid,YYYY-MM-DD,False,120.0,False,True,False,True
1131,760,Czech Republic,190,2023-09-02,760,Czechia,190,02-09-2023,False,False,False,False,False,False,valid,DD-MM-YYYY,True,486.0,False,True,False,True
1132,760,Poland,108,2024-01-02,760,Poland,108,2024-01-02,False,False,False,False,False,False,valid,YYYY-MM-DD,False,364.0,False,True,False,True
1133,761,Poland,366,2024-07-20,761,pl,366,2024-07-20,False,False,False,False,False,False,valid,YYYY-MM-DD,False,164.0,False,True,False,True
1134,761,Czech Republic,58,2024-03-15,761,Czech,58,2024-03-15,False,False,False,False,False,False,valid,YYYY-MM-DD,False,291.0,False,True,False,True
1135,762,Germany,118,2024-08-20,762,Germany,118,2024-08-20,False,False,False,False,False,False,valid,YYYY-MM-DD,False,133.0,False,True,False,True
1136,763,Poland,392,2024-12-16,763,pl,392,2024-12-16,False,False,False,False,False,False,valid,YYYY-MM-DD,False,15.0,False,False,False,True
1137,763,Czech Republic,127,2023-10-14,763,Czechia,127,2023/10/14,False,False,False,False,False,False,valid,YYYY-MM-DD,False,444.0,False,True,False,True
1138,764,Czech Republic,87,2024-11-17,764,Czech,87,2024-11-17,False,False,False,False,False,False,valid,YYYY-MM-DD,False,44.0,False,False,False,True
1139,764,Germany,244,2023-08-16,764,DE,244,2023-08-16,False,False,False,False,False,False,valid,YYYY-MM-DD,False,503.0,False,True,False,True
1140,765,Poland,228,2023-07-19,765,Poland,228,2023-07-19,False,False,False,False,False,False,valid,YYYY-MM-DD,False,531.0,False,True,False,True
1141,766,Poland,178,2024-12-16,766,Poland,178,2024.12.16,False,False,False,False,False,False,valid,YYYY-MM-DD,False,15.0,False,False,False,True
1142,767,Germany,206,2024-11-28,767,germany,206,2024-11-28,False,False,False,False,False,False,valid,YYYY-MM-DD,False,33.0,False,False,False,True
1143,767,Czech Republic,333,2024-09-18,767,CZ,333,2024-09-18,False,False,False,False,False,False,valid,YYYY-MM-DD,False,104.0,False,True,False,True
1144,768,Czech Republic,26,2024-03-11,768,Czech Republic,26,2024/03/11,False,False,False,False,False,False,valid,YYYY-MM-DD,False,295.0,False,True,False,True
1145,769,Poland,122,2024-07-11,769,Polska,122,2024-07-11,False,False,False,False,False,False,valid,YYYY-MM-DD,False,173.0,False,True,False,True
1146,770,Poland,0,2023-06-04,770,Polska,0,2023-06-04,False,False,False,False,True,False,valid,YYYY-MM-DD,False,576.0,False,True,False,True
1147,771,Poland,55,2023-06-08,771,Poland,55,2023-06-08,False,False,False,False,False,False,valid,YYYY-MM-DD,False,572.0,False,True,False,True
1149,772,Germany,102,2024-09-01,772,Deutschland,102,2024-09-01,False,False,False,False,False,False,valid,YYYY-MM-DD,False,121.0,False,True,False,True
1150,773,Poland,57,2024-09-04,773,Polska,57,2024-09-04,False,False,False,False,False,False,valid,YYYY-MM-DD,False,118.0,False,True,False,True
1151,773,Czech Republic,0,2023-09-20,773,CZ,0,2023-09-20,False,False,False,False,True,False,valid,YYYY-MM-DD,False,468.0,False,True,False,True
1152,774,Germany,157,2024-05-17,774,germany,157,2024-05-17,False,False,False,False,False,False,valid,YYYY-MM-DD,False,228.0,False,True,False,True
1153,775,Germany,150,2024-11-10,775,Germany,150,2024/11/10,False,False,False,False,False,False,valid,YYYY-MM-DD,False,51.0,False,False,False,True
1154,775,Poland,70,2024-05-24,775,POL,70,2024-05-24,False,False,False,False,False,False,valid,YYYY-MM-DD,False,221.0,False,True,False,True
1155,776,Poland,359,2024-10-12,776,PL,359,2024-10-12,False,False,False,False,False,False,valid,YYYY-MM-DD,False,80.0,False,False,False,True
1156,776,Czech Republic,71,2024-01-06,776,Czech Republic,71,2024-01-06,False,False,False,False,False,False,valid,YYYY-MM-DD,False,360.0,False,True,False,True
1157,777,Czech Republic,259,2024-04-26,777,Czechia,259,2024-04-26,False,False,False,False,False,False,valid,YYYY-MM-DD,False,249.0,False,True,False,True
1158,778,Poland,203,2023-06-16,778,PL,203,16-06-2023,False,False,False,False,False,False,valid,DD-MM-YYYY,False,564.0,False,True,False,True
1159,779,Poland,221,2023-05-27,779,Poland,221,27-05-2023,False,False,False,False,False,False,valid,DD-MM-YYYY,False,584.0,False,True,False,True
1160,780,Germany,175,2023-08-26,780,Deutschland,175,2023-08-26,False,False,False,False,False,False,valid,YYYY-MM-DD,False,493.0,False,True,False,True
1161,780,Czech Republic,298,2024-07-08,780,Czech,298,2024-07-08,False,False,False,False,False,False,valid,YYYY-MM-DD,False,176.0,False,True,False,True
1162,781,Poland,202,2024-11-15,781,poland,202,15-11-2024,False,False,False,False,False,False,valid,DD-MM-YYYY,False,46.0,False,False,False,True
1163,782,Czech Republic,127,2023-12-24,782,Czech Republic,127,2023/12/24,False,False,False,False,False,False,valid,YYYY-MM-DD,False,373.0,False,True,False,True
1164,782,Germany,324,2024-12-06,782,DE,324,2024-12-06,False,False,False,False,False,False,valid,YYYY-MM-DD,False,25.0,False,False,False,True
1165,783,Germany,182,2024-11-23,783,Deutschland,182,2024-11-23,False,False,False,False,False,False,valid,YYYY-MM-DD,False,38.0,False,False,False,True
1166,783,Czech Republic,218,2023-11-05,783,CZ,218,2023-11-05,False,False,False,False,False,False,valid,YYYY-MM-DD,False,422.0,False,True,False,True
1167,784,Poland,181,2024-09-26,784,poland,181,26-09-2024,False,False,False,False,False,False,valid,DD-MM-YYYY,False,96.0,False,True,False,True
1168,785,Germany,312,2024-07-30,785,germany,312,2024-07-30,False,False,False,False,False,False,valid,YYYY-MM-DD,False,154.0,False,True,False,True
1169,786,Germany,290,2023-06-24,786,DE,290,2023/06/24,False,False,False,False,False,False,valid,YYYY-MM-DD,False,556.0,False,True,False,True
1170,787,Poland,21,2023-12-22,787,Poland,21,2023-12-22,False,False,False,False,False,False,valid,YYYY-MM-DD,False,375.0,False,True,False,True
1171,788,Czech Republic,191,2023-11-12,788,Czech Republic,191,12-11-2023,False,False,False,False,False,False,valid,DD-MM-YYYY,True,415.0,False,True,False,True
1172,788,Poland,432,2024-04-04,788,poland,432,2024-04-04,False,False,False,False,False,False,valid,YYYY-MM-DD,False,271.0,False,True,False,True
1173,789,Poland,31,2024-07-18,789,poland,31,2024-07-18,False,False,False,False,False,False,valid,YYYY-MM-DD,False,166.0,False,True,False,True
1174,789,Czech Republic,280,2024-01-03,789,czechia,280,03/01/2024,False,False,False,False,False,False,valid,DD-MM-YYYY,True,363.0,False,True,False,True
1175,790,Germany,133,2024-10-16,790,Germany,133,2024/10/16,False,False,False,False,False,False,valid,YYYY-MM-DD,False,76.0,False,False,False,True
1176,790,Czech Republic,143,2024-05-17,790,Czech Republic,143,2024-05-17,False,False,False,False,False,False,valid,YYYY-MM-DD,False,228.0,False,True,False,True
1177,791,Czech Republic,78,2023-12-02,791,czechia,78,2023-12-02,False,False,False,False,False,False,valid,YYYY-MM-DD,False,395.0,False,True,False,True
1178,792,Germany,274,2024-02-22,792,Deutschland,274,2024-02-22,False,False,False,False,False,False,valid,YYYY-MM-DD,False,313.0,False,True,False,True
1179,793,Czech Republic,307,2024-03-06,793,Czech,307,2024-03-06,False,False,False,False,False,False,valid,YYYY-MM-DD,False,300.0,False,True,False,True
1180,794,Poland,85,2024-10-15,794,Poland,85,2024/10/15,False,False,False,False,False,False,valid,YYYY-MM-DD,False,77.0,False,False,False,True
1181,794,Germany,183,2024-08-15,794,Germany,183,2024-08-15,False,False,False,False,False,False,valid,YYYY-MM-DD,False,138.0,False,True,False,True
1182,795,Poland,266,2024-04-01,795,poland,266,01/04/2024,False,False,False,False,False,False,valid,DD-MM-YYYY,True,274.0,False,True,False,True
1183,795,Czech Republic,8,2024-04-23,795,czechia,8,2024/04/23,False,False,False,False,False,False,valid,YYYY-MM-DD,False,252.0,False,True,False,True
1184,796,Germany,105,2024-06-12,796,DE,105,2024-06-12,False,False,False,False,False,False,valid,YYYY-MM-DD,False,202.0,False,True,False,True
1185,797,Czech Republic,92,2023-08-06,797,czechia,92,06-08-2023,False,False,False,False,False,False,valid,DD-MM-YYYY,True,513.0,False,True,False,True
1186,797,Poland,98,2024-02-12,797,POL,98,2024.02.12,False,False,False,False,False,False,valid,YYYY-MM-DD,False,323.0,False,True,False,True
1187,798,Germany,0,2023-05-25,798,GER,0,2023-05-25,False,False,False,False,True,False,valid,YYYY-MM-DD,False,586.0,False,True,False,True
1188,798,Poland,160,2024-05-10,798,pl,160,2024-05-10,False,False,False,False,False,False,valid,YYYY-MM-DD,False,235.0,False,True,False,True
1189,799,Germany,243,2024-07-17,799,DE,243,2024-07-17,False,False,False,False,False,False,valid,YYYY-MM-DD,False,167.0,False,True,False,True
1190,799,Poland,184,2024-11-25,799,pl,184,2024-11-25,False,False,False,False,False,False,valid,YYYY-MM-DD,False,36.0,False,False,False,True
1191,800,Germany,126,2024-12-18,800,DE,126,2024-12-18,False,False,False,False,False,False,valid,YYYY-MM-DD,False,13.0,False,False,False,True
1192,800,Poland,160,2023-11-26,800,poland,160,2023-11-26,False,False,False,False,False,False,valid,YYYY-MM-DD,False,401.0,False,True,False,True
1193,801,Poland,238,2024-01-16,801,POL,238,2024-01-16,False,False,False,False,False,False,valid,YYYY-MM-DD,False,350.0,False,True,False,True
1194,801,Czech Republic,255,2024-11-07,801,czechia,255,2024/11/07,False,False,False,False,False,False,valid,YYYY-MM-DD,False,54.0,False,False,False,True
1195,802,Poland,224,2023-09-22,802,POL,224,2023/09/22,False,False,False,False,False,False,valid,YYYY-MM-DD,False,466.0,False,True,False,True
1196,802,Czech Republic,353,2023-08-20,802,Czech,353,2023-08-20,False,False,False,False,False,False,valid,YYYY-MM-DD,False,499.0,False,True,False,True
1197,803,Poland,256,2024-02-09,803,Poland,256,09/02/2024,False,False,False,False,False,False,valid,DD-MM-YYYY,True,326.0,False,True,False,True
1198,804,Germany,101,2024-03-17,804,GER,101,2024/03/17,False,False,False,False,False,False,valid,YYYY-MM-DD,False,289.0,False,True,False,True
1199,804,Poland,211,2024-01-21,804,POL,211,2024-01-21,False,False,False,False,False,False,valid,YYYY-MM-DD,False,345.0,False,True,False,True
1200,805,Germany,51,2024-09-22,805,DE,51,2024/09/22,False,False,False,False,False,False,valid,YYYY-MM-DD,False,100.0,False,True,False,True
1201,805,Czech Republic,271,2024-07-03,805,Czech,271,2024-07-03,False,False,False,False,False,False,valid,YYYY-MM-DD,False,181.0,False,True,False,True
1202,806,Poland,219,2023-12-20,806,poland,219,2023.12.20,False,False,False,False,False,False,valid,YYYY-MM-DD,False,377.0,False,True,False,True
1203,806,Czech Republic,320,2023-09-15,806,Czech Republic,320,2023/09/15,False,False,False,False,False,False,valid,YYYY-MM-DD,False,473.0,False,True,False,True
1204,807,Germany,86,2023-05-24,807,germany,86,2023-05-24,False,False,False,False,False,False,valid,YYYY-MM-DD,False,587.0,False,True,False,True
1205,807,Czech Republic,264,2024-08-01,807,czechia,264,2024/08/01,False,False,False,False,False,False,valid,YYYY-MM-DD,False,152.0,False,True,False,True
1206,808,Czech Republic,258,2023-07-23,808,Czech Republic,258,2023/07/23,False,False,False,False,False,False,valid,YYYY-MM-DD,False,527.0,False,True,False,True
1207,808,Germany,95,2023-10-27,808,germany,95,2023-10-27,False,False,False,False,False,False,valid,YYYY-MM-DD,False,431.0,False,True,False,True
1208,809,Germany,106,2024-06-15,809,germany,106,2024-06-15,False,False,False,False,False,False,valid,YYYY-MM-DD,False,199.0,False,True,False,True
1209,809,Czech Republic,432,2024-12-16,809,CZ,432,2024-12-16,False,False,False,False,False,False,valid,YYYY-MM-DD,False,15.0,False,False,False,True
1210,810,Germany,90,2024-10-25,810,GER,90,2024-10-25,False,False,False,False,False,False,valid,YYYY-MM-DD,False,67.0,False,False,False,True
1211,811,Germany,0,2024-06-15,811,DE,0,2024-06-15,False,False,False,False,True,False,valid,YYYY-MM-DD,False,199.0,False,True,False,True
1212,811,Czech Republic,296,2023-06-22,811,Czech Republic,296,2023-06-22,False,False,False,False,False,False,valid,YYYY-MM-DD,False,558.0,False,True,False,True
1213,812,Czech Republic,257,2024-02-15,812,Czech,257,2024/02/15,False,False,False,False,False,False,valid,YYYY-MM-DD,False,320.0,False,True,False,True
1214,813,Czech Republic,232,2024-09-17,813,Czechia,232,2024-09-17,False,False,False,False,False,False,valid,YYYY-MM-DD,False,105.0,False,True,False,True
1215,814,Germany,25,2024-12-15,814,GER,25,2024/12/15,False,False,False,False,False,False,valid,YYYY-MM-DD,False,16.0,False,False,False,True
1216,815,Czech Republic,163,2024-02-15,815,Czechia,163,2024-02-15,False,False,False,False,False,False,valid,YYYY-MM-DD,False,320.0,False,True,False,True
1217,816,Germany,235,2023-12-03,816,Deutschland,235,2023/12/03,False,False,False,False,False,False,valid,YYYY-MM-DD,False,394.0,False,True,False,True
1218,817,Germany,335,2023-07-19,817,Deutschland,335,2023/07/19,False,False,False,False,False,False,valid,YYYY-MM-DD,False,531.0,False,True,False,True
1219,817,Poland,265,2023-10-30,817,poland,265,2023-10-30,False,False,False,False,False,False,valid,YYYY-MM-DD,False,428.0,False,True,False,True
1220,818,Germany,86,2024-07-21,818,Deutschland,86,2024-07-21,False,False,False,False,False,False,valid,YYYY-MM-DD,False,163.0,False,True,False,True
1221,819,Germany,55,2024-06-28,819,GER,55,2024-06-28,False,False,False,False,False,False,valid,YYYY-MM-DD,False,186.0,False,True,False,True
1222,820,Czech Republic,170,2024-08-25,820,Czechia,170,2024-08-25,False,False,False,False,False,False,valid,YYYY-MM-DD,False,128.0,False,True,False,True
1223,821,Poland,113,2023-12-02,821,PL,113,2023-12-02,False,False,False,False,False,False,valid,YYYY-MM-DD,False,395.0,False,True,False,True
1224,821,Germany,45,2023-06-26,821,DE,45,2023/06/26,False,False,False,False,False,False,valid,YYYY-MM-DD,False,554.0,False,True,False,True
1225,822,Czech Republic,8,2023-12-16,822,Czech,8,2023-12-16,False,False,False,False,False,False,valid,YYYY-MM-DD,False,381.0,False,True,False,True
1226,823,Czech Republic,177,2023-07-17,823,czechia,177,2023.07.17,False,False,False,False,False,False,valid,YYYY-MM-DD,False,533.0,False,True,False,True
1227,823,Germany,265,2024-10-20,823,DE,265,2024-10-20,False,False,False,False,False,False,valid,YYYY-MM-DD,False,72.0,False,False,False,True
1228,824,Czech Republic,213,2023-11-21,824,Czech,213,21-11-2023,False,False,False,False,False,False,valid,DD-MM-YYYY,False,406.0,False,True,False,True
1229,825,Poland,66,2023-12-12,825,poland,66,2023.12.12,False,False,False,False,False,False,valid,YYYY-MM-DD,False,385.0,False,True,False,True
1230,826,Germany,247,2024-09-17,826,Deutschland,247,17-09-2024,False,False,False,False,False,False,valid,DD-MM-YYYY,False,105.0,False,True,False,True
1231,826,Poland,264,2024-01-14,826,PL,264,2024-01-14,False,False,False,False,False,False,valid,YYYY-MM-DD,False,352.0,False,True,False,True
1232,827,Germany,88,2023-05-31,827,Germany,88,2023-05-31,False,False,False,False,False,False,valid,YYYY-MM-DD,False,580.0,False,True,False,True
1233,827,Czech Republic,190,2024-03-25,827,Czech,190,25/03/2024,False,False,False,False,False,False,valid,DD-MM-YYYY,False,281.0,False,True,False,True
1234,828,Poland,208,2024-12-05,828,PL,208,05/12/2024,False,False,False,False,False,False,valid,DD-MM-YYYY,True,26.0,False,False,False,True
1235,828,Czech Republic,176,2024-07-02,828,czechia,176,2024-07-02,False,False,False,False,False,False,valid,YYYY-MM-DD,False,182.0,False,True,False,True
1236,829,Poland,234,2023-09-26,829,poland,234,2023-09-26,False,False,False,False,False,False,valid,YYYY-MM-DD,False,462.0,False,True,False,True
1237,829,Germany,189,2024-02-14,829,GER,189,2024/02/14,False,False,False,False,False,False,valid,YYYY-MM-DD,False,321.0,False,True,False,True
1238,830,Germany,126,2024-03-19,830,Deutschland,126,2024-03-19,False,False,False,False,False,False,valid,YYYY-MM-DD,False,287.0,False,True,False,True
1239,831,Poland,247,2024-04-07,831,POL,247,2024-04-07,False,False,False,False,False,False,valid,YYYY-MM-DD,False,268.0,False,True,False,True
1240,831,Czech Republic,255,2024-05-29,831,Czech,255,29-05-2024,False,False,False,False,False,False,valid,DD-MM-YYYY,False,216.0,False,True,False,True
1241,832,Poland,112,2024-09-20,832,Poland,112,2024-09-20,False,False,False,False,False,False,valid,YYYY-MM-DD,False,102.0,False,True,False,True
1242,833,Germany,44,2024-09-15,833,GER,44,2024-09-15,False,False,False,False,False,False,valid,YYYY-MM-DD,False,107.0,False,True,False,True
1243,833,Czech Republic,127,2023-11-30,833,Czech,127,30-11-2023,False,False,False,False,False,False,valid,DD-MM-YYYY,False,397.0,False,True,False,True
1244,834,Czech Republic,187,2023-11-16,834,CZ,187,2023-11-16,False,False,False,False,False,False,valid,YYYY-MM-DD,False,411.0,False,True,False,True
1245,835,Poland,257,2023-09-11,835,poland,257,2023-09-11,False,False,False,False,False,False,valid,YYYY-MM-DD,False,477.0,False,True,False,True
1246,835,Germany,337,2023-07-21,835,DE,337,2023.07.21,False,False,False,False,False,False,valid,YYYY-MM-DD,False,529.0,False,True,False,True
1247,836,Czech Republic,237,2024-05-19,836,CZ,237,2024/05/19,False,False,False,False,False,False,valid,YYYY-MM-DD,False,226.0,False,True,False,True
1248,836,Poland,222,2024-04-18,836,PL,222,2024-04-18,False,False,False,False,False,False,valid,YYYY-MM-DD,False,257.0,False,True,False,True
1249,837,Czech Republic,129,2024-07-29,837,Czech Republic,129,2024/07/29,False,False,False,False,False,False,valid,YYYY-MM-DD,False,155.0,False,True,False,True
1250,838,Czech Republic,296,2024-10-14,838,CZ,296,2024-10-14,False,False,False,False,False,False,valid,YYYY-MM-DD,False,78.0,False,False,False,True
1251,838,Poland,121,2023-07-19,838,PL,121,2023-07-19,False,False,False,False,False,False,valid,YYYY-MM-DD,False,531.0,False,True,False,True
1252,839,Poland,0,2024-04-22,839,pl,0,2024/04/22,False,False,False,False,True,False,valid,YYYY-MM-DD,False,253.0,False,True,False,True
1253,839,Czech Republic,72,2024-01-24,839,CZ,72,2024-01-24,False,False,False,False,False,False,valid,YYYY-MM-DD,False,342.0,False,True,False,True
1254,840,Czech Republic,118,2024-10-10,840,CZ,118,2024-10-10,False,False,False,False,False,False,valid,YYYY-MM-DD,False,82.0,False,False,False,True
1255,841,Germany,186,2024-07-09,841,DE,186,2024-07-09,False,False,False,False,False,False,valid,YYYY-MM-DD,False,175.0,False,True,False,True
1256,841,Poland,303,2024-02-17,841,poland,303,2024-02-17,False,False,False,False,False,False,valid,YYYY-MM-DD,False,318.0,False,True,False,True
1257,842,Poland,9,2024-02-15,842,pl,9,2024/02/15,False,False,False,False,False,False,valid,YYYY-MM-DD,False,320.0,False,True,False,True
1258,842,Germany,134,2023-09-27,842,DE,134,2023-09-27,False,False,False,False,False,False,valid,YYYY-MM-DD,False,461.0,False,True,False,True
1259,843,Czech Republic,23,2024-02-28,843,Czechia,23,2024/02/28,False,False,False,False,False,False,valid,YYYY-MM-DD,False,307.0,False,True,False,True
1260,844,Czech Republic,266,2024-02-08,844,Czechia,266,08-02-2024,False,False,False,False,False,False,valid,DD-MM-YYYY,True,327.0,False,True,False,True
1261,845,Germany,70,2024-06-26,845,GER,70,2024-06-26,False,False,False,False,False,False,valid,YYYY-MM-DD,False,188.0,False,True,False,True
1262,846,Czech Republic,353,2023-12-28,846,czechia,353,2023/12/28,False,False,False,False,False,False,valid,YYYY-MM-DD,False,369.0,False,True,False,True
1263,846,Poland,346,2024-07-19,846,poland,346,2024-07-19,False,False,False,False,False,False,valid,YYYY-MM-DD,False,165.0,False,True,False,True
1264,847,Poland,399,2023-07-20,847,Poland,399,2023/07/20,False,False,False,False,False,False,valid,YYYY-MM-DD,False,530.0,False,True,False,True
1265,847,Czech Republic,65,2023-07-23,847,czechia,65,2023-07-23,False,False,False,False,False,False,valid,YYYY-MM-DD,False,527.0,False,True,False,True
1266,848,Czech Republic,112,2024-06-30,848,Czechia,112,2024-06-30,False,False,False,False,False,False,valid,YYYY-MM-DD,False,184.0,False,True,False,True
1267,849,Germany,273,2024-06-18,849,DE,273,2024-06-18,False,False,False,False,False,False,valid,YYYY-MM-DD,False,196.0,False,True,False,True
1268,850,Germany,198,2024-03-22,850,germany,198,2024-03-22,False,False,False,False,False,False,valid,YYYY-MM-DD,False,284.0,False,True,False,True
1269,851,Poland,0,2024-07-12,851,Polska,0,2024-07-12,False,False,False,False,True,False,valid,YYYY-MM-DD,False,172.0,False,True,False,True
1270,852,Czech Republic,155,2024-03-29,852,CZ,155,2024-03-29,False,False,False,False,False,False,valid,YYYY-MM-DD,False,277.0,False,True,False,True
1271,852,Poland,236,2024-02-17,852,pl,236,2024-02-17,False,False,False,False,False,False,valid,YYYY-MM-DD,False,318.0,False,True,False,True
1272,853,Czech Republic,380,2024-10-23,853,Czech,380,23-10-2024,False,False,False,False,False,False,valid,DD-MM-YYYY,False,69.0,False,False,False,True
1273,853,Poland,208,2024-08-28,853,Poland,208,2024-08-28,False,False,False,False,False,False,valid,YYYY-MM-DD,False,125.0,False,True,False,True
1274,854,Germany,146,2023-06-02,854,DE,146,2023-06-02,False,False,False,False,False,False,valid,YYYY-MM-DD,False,578.0,False,True,False,True
1275,854,Poland,99,2023-09-03,854,Poland,99,2023-09-03,False,False,False,False,False,False,valid,YYYY-MM-DD,False,485.0,False,True,False,True
1276,855,Poland,71,2024-10-21,855,poland,71,2024-10-21,False,False,False,False,False,False,valid,YYYY-MM-DD,False,71.0,False,False,False,True
1277,856,Germany,118,2024-09-13,856,germany,118,2024-09-13,False,False,False,False,False,False,valid,YYYY-MM-DD,False,109.0,False,True,False,True
1278,857,Poland,117,2023-09-08,857,POL,117,2023.09.08,False,False,False,False,False,False,valid,YYYY-MM-DD,False,480.0,False,True,False,True
1279,857,Czech Republic,81,2024-09-20,857,CZ,81,2024/09/20,False,False,False,False,False,False,valid,YYYY-MM-DD,False,102.0,False,True,False,True
1280,858,Germany,83,2024-05-03,858,DE,83,03-05-2024,False,False,False,False,False,False,valid,DD-MM-YYYY,True,242.0,False,True,False,True
1281,859,Germany,124,2024-01-16,859,GER,124,2024.01.16,False,False,False,False,False,False,valid,YYYY-MM-DD,False,350.0,False,True,False,True
1282,859,Poland,253,2024-07-20,859,POL,253,2024/07/20,False,False,False,False,False,False,valid,YYYY-MM-DD,False,164.0,False,True,False,True
1283,860,Czech Republic,145,2024-12-24,860,CZ,145,2024-12-24,False,False,False,False,False,False,valid,YYYY-MM-DD,False,7.0,False,False,False,True
1284,861,Poland,0,2024-07-14,861,POL,0,2024-07-14,False,False,False,False,True,False,valid,YYYY-MM-DD,False,170.0,False,True,False,True
1285,862,Poland,372,2024-11-13,862,poland,372,2024/11/13,False,False,False,False,False,False,valid,YYYY-MM-DD,False,48.0,False,False,False,True
1286,863,Germany,28,2024-10-09,863,DE,28,2024-10-09,False,False,False,False,False,False,valid,YYYY-MM-DD,False,83.0,False,False,False,True
1287,863,Poland,0,2024-11-06,863,POL,0,06-11-2024,False,False,False,False,True,False,valid,DD-MM-YYYY,True,55.0,False,False,False,True
1288,864,Poland,150,2024-08-16,864,Poland,150,2024-08-16,False,False,False,False,False,False,valid,YYYY-MM-DD,False,137.0,False,True,False,True
1289,865,Germany,229,2023-12-12,865,Deutschland,229,2023-12-12,False,False,False,False,False,False,valid,YYYY-MM-DD,False,385.0,False,True,False,True
1290,865,Poland,198,2024-06-04,865,Poland,198,2024-06-04,False,False,False,False,False,False,valid,YYYY-MM-DD,False,210.0,False,True,False,True
1291,866,Czech Republic,87,2024-12-27,866,czechia,87,27/12/2024,False,False,False,False,False,False,valid,DD-MM-YYYY,False,4.0,False,False,False,True
1292,867,Czech Republic,184,2024-10-23,867,Czech,184,2024/10/23,False,False,False,False,False,False,valid,YYYY-MM-DD,False,69.0,False,False,False,True
1293,867,Germany,105,2023-06-01,867,germany,105,2023-06-01,False,False,False,False,False,False,valid,YYYY-MM-DD,False,579.0,False,True,False,True
1294,868,Czech Republic,283,2024-05-20,868,CZ,283,2024/05/20,False,False,False,False,False,False,valid,YYYY-MM-DD,False,225.0,False,True,False,True
1295,868,Poland,175,2024-10-14,868,POL,175,2024-10-14,False,False,False,False,False,False,valid,YYYY-MM-DD,False,78.0,False,False,False,True
1296,869,Germany,259,2023-10-24,869,DE,259,2023-10-24,False,False,False,False,False,False,valid,YYYY-MM-DD,False,434.0,False,True,False,True
1297,869,Poland,66,2024-05-03,869,PL,66,03/05/2024,False,False,False,False,False,False,valid,DD-MM-YYYY,True,242.0,False,True,False,True
1298,870,Czech Republic,77,2023-10-16,870,Czechia,77,2023-10-16,False,False,False,False,False,False,valid,YYYY-MM-DD,False,442.0,False,True,False,True
1299,870,Germany,214,2024-08-07,870,GER,214,2024-08-07,False,False,False,False,False,False,valid,YYYY-MM-DD,False,146.0,False,True,False,True
1300,871,Poland,295,2024-09-27,871,Polska,295,2024/09/27,False,False,False,False,False,False,valid,YYYY-MM-DD,False,95.0,False,True,False,True
1301,872,Czech Republic,355,2024-02-07,872,Czech Republic,355,2024/02/07,False,False,False,False,False,False,valid,YYYY-MM-DD,False,328.0,False,True,False,True
1302,873,Germany,325,2024-10-17,873,DE,325,2024-10-17,False,False,False,False,False,False,valid,YYYY-MM-DD,False,75.0,False,False,False,True
1303,874,Czech Republic,296,2023-07-09,874,czechia,296,2023/07/09,False,False,False,False,False,False,valid,YYYY-MM-DD,False,541.0,False,True,False,True
1304,874,Poland,297,2024-05-12,874,pl,297,2024-05-12,False,False,False,False,False,False,valid,YYYY-MM-DD,False,233.0,False,True,False,True
1305,875,Poland,0,2024-11-25,875,poland,0,2024-11-25,False,False,False,False,True,False,valid,YYYY-MM-DD,False,36.0,False,False,False,True
1306,876,Germany,338,2023-07-10,876,Deutschland,338,2023-07-10,False,False,False,False,False,False,valid,YYYY-MM-DD,False,540.0,False,True,False,True
1307,876,Czech Republic,315,2023-12-01,876,Czech,315,2023/12/01,False,False,False,False,False,False,valid,YYYY-MM-DD,False,396.0,False,True,False,True
1308,877,Germany,275,2023-09-28,877,DE,275,2023/09/28,False,False,False,False,False,False,valid,YYYY-MM-DD,False,460.0,False,True,False,True
1309,878,Poland,160,2024-03-28,878,POL,160,28/03/2024,False,False,False,False,False,False,valid,DD-MM-YYYY,False,278.0,False,True,False,True
1310,879,Poland,308,2024-01-14,879,Polska,308,2024-01-14,False,False,False,False,False,False,valid,YYYY-MM-DD,False,352.0,False,True,False,True
1311,880,Czech Republic,282,2023-10-03,880,CZ,282,03-10-2023,False,False,False,False,False,False,valid,DD-MM-YYYY,True,455.0,False,True,False,True
1312,880,Poland,146,2023-11-12,880,PL,146,2023-11-12,False,False,False,False,False,False,valid,YYYY-MM-DD,False,415.0,False,True,False,True
1313,881,Poland,201,2024-02-26,881,PL,201,2024-02-26,False,False,False,False,False,False,valid,YYYY-MM-DD,False,309.0,False,True,False,True
1314,881,Germany,122,2024-09-10,881,DE,122,2024-09-10,False,False,False,False,False,False,valid,YYYY-MM-DD,False,112.0,False,True,False,True
1315,882,Czech Republic,148,2023-07-12,882,CZ,148,2023-07-12,False,False,False,False,False,False,valid,YYYY-MM-DD,False,538.0,False,True,False,True
1316,882,Poland,88,2023-08-11,882,Poland,88,2023-08-11,False,False,False,False,False,False,valid,YYYY-MM-DD,False,508.0,False,True,False,True
1317,883,Poland,200,2023-07-27,883,PL,200,2023.07.27,False,False,False,False,False,False,valid,YYYY-MM-DD,False,523.0,False,True,False,True
1318,883,Czech Republic,92,2024-12-01,883,CZ,92,2024-12-01,False,False,False,False,False,False,valid,YYYY-MM-DD,False,30.0,False,False,False,True
1319,884,Germany,179,2023-10-11,884,GER,179,11-10-2023,False,False,False,False,False,False,valid,DD-MM-YYYY,True,447.0,False,True,False,True
1320,885,Czech Republic,103,2023-10-04,885,Czech Republic,103,04-10-2023,False,False,False,False,False,False,valid,DD-MM-YYYY,True,454.0,False,True,False,True
1321,886,Czech Republic,296,2024-02-27,886,Czech Republic,296,2024-02-27,False,False,False,False,False,False,valid,YYYY-MM-DD,False,308.0,False,True,False,True
1322,886,Poland,150,2023-09-05,886,pl,150,05-09-2023,False,False,False,False,False,False,valid,DD-MM-YYYY,True,483.0,False,True,False,True
1323,887,Poland,187,2023-06-25,887,PL,187,2023-06-25,False,False,False,False,False,False,valid,YYYY-MM-DD,False,555.0,False,True,False,True
1324,887,Germany,283,2023-11-13,887,DE,283,2023.11.13,False,False,False,False,False,False,valid,YYYY-MM-DD,False,414.0,False,True,False,True
1325,888,Germany,236,2024-04-15,888,Germany,236,2024/04/15,False,False,False,False,False,False,valid,YYYY-MM-DD,False,260.0,False,True,False,True
1326,889,Poland,389,2024-11-01,889,Polska,389,01-11-2024,False,False,False,False,False,False,valid,DD-MM-YYYY,True,60.0,False,False,False,True
1327,889,Czech Republic,72,2024-04-17,889,Czechia,72,2024-04-17,False,False,False,False,False,False,valid,YYYY-MM-DD,False,258.0,False,True,False,True
1328,890,Czech Republic,252,2024-05-23,890,Czechia,252,2024-05-23,False,False,False,False,False,False,valid,YYYY-MM-DD,False,222.0,False,True,False,True
1329,890,Poland,80,2024-11-18,890,Polska,80,18-11-2024,False,False,False,False,False,False,valid,DD-MM-YYYY,False,43.0,False,False,False,True
1330,891,Czech Republic,0,2024-08-08,891,Czechia,0,2024/08/08,False,False,False,False,True,False,valid,YYYY-MM-DD,False,145.0,False,True,False,True
1331,892,Czech Republic,151,2024-05-12,892,czechia,151,2024-05-12,False,False,False,False,False,False,valid,YYYY-MM-DD,False,233.0,False,True,False,True
1332,892,Poland,296,2024-12-17,892,Polska,296,2024-12-17,False,False,False,False,False,False,valid,YYYY-MM-DD,False,14.0,False,False,False,True
1333,893,Czech Republic,223,2023-07-23,893,czechia,223,2023/07/23,False,False,False,False,False,False,valid,YYYY-MM-DD,False,527.0,False,True,False,True
1334,893,Germany,112,2024-01-13,893,DE,112,2024/01/13,False,False,False,False,False,False,valid,YYYY-MM-DD,False,353.0,False,True,False,True
1335,894,Poland,196,2024-09-30,894,PL,196,30-09-2024,False,False,False,False,False,False,valid,DD-MM-YYYY,False,92.0,False,True,False,True
1336,895,Poland,209,2023-11-14,895,Polska,209,2023/11/14,False,False,False,False,False,False,valid,YYYY-MM-DD,False,413.0,False,True,False,True
1337,895,Germany,242,2024-12-01,895,germany,242,01-12-2024,False,False,False,False,False,False,valid,DD-MM-YYYY,True,30.0,False,False,False,True
1338,896,Czech Republic,552,2024-03-14,896,Czechia,552,2024-03-14,False,False,False,False,False,False,valid,YYYY-MM-DD,False,292.0,False,True,False,True
1339,897,Poland,275,2023-07-19,897,poland,275,2023.07.19,False,False,False,False,False,False,valid,YYYY-MM-DD,False,531.0,False,True,False,True
1340,897,Czech Republic,350,2024-07-21,897,czechia,350,2024-07-21,False,False,False,False,False,False,valid,YYYY-MM-DD,False,163.0,False,True,False,True
1341,898,Germany,224,2024-03-08,898,Deutschland,224,08-03-2024,False,False,False,False,False,False,valid,DD-MM-YYYY,True,298.0,False,True,False,True
1342,899,Poland,138,2023-08-27,899,PL,138,2023/08/27,False,False,False,False,False,False,valid,YYYY-MM-DD,False,492.0,False,True,False,True
1343,899,Czech Republic,173,2024-01-21,899,Czech Republic,173,21-01-2024,False,False,False,False,False,False,valid,DD-MM-YYYY,False,345.0,False,True,False,True
1344,900,Germany,140,2024-09-17,900,DE,140,2024/09/17,False,False,False,False,False,False,valid,YYYY-MM-DD,False,105.0,False,True,False,True
1345,901,Germany,53,2024-09-17,901,Deutschland,53,2024-09-17,False,False,False,False,False,False,valid,YYYY-MM-DD,False,105.0,False,True,False,True
1346,901,Poland,223,2023-08-21,901,PL,223,2023.08.21,False,False,False,False,False,False,valid,YYYY-MM-DD,False,498.0,False,True,False,True
1347,902,Germany,251,2024-09-20,902,germany,251,2024-09-20,False,False,False,False,False,False,valid,YYYY-MM-DD,False,102.0,False,True,False,True
1348,902,Poland,195,2023-09-04,902,Polska,195,2023-09-04,False,False,False,False,False,False,valid,YYYY-MM-DD,False,484.0,False,True,False,True
1349,903,Poland,118,2024-03-12,903,Polska,118,2024/03/12,False,False,False,False,False,False,valid,YYYY-MM-DD,False,294.0,False,True,False,True
1350,904,Germany,285,2023-05-16,904,GER,285,2023-05-16,False,False,False,False,False,False,valid,YYYY-MM-DD,False,595.0,False,True,False,True
1351,904,Poland,142,2023-08-22,904,pl,142,2023-08-22,False,False,False,False,False,False,valid,YYYY-MM-DD,False,497.0,False,True,False,True
1352,905,Czech Republic,256,2024-09-29,905,Czech,256,2024-09-29,False,False,False,False,False,False,valid,YYYY-MM-DD,False,93.0,False,True,False,True
1353,905,Poland,0,2024-01-17,905,POL,0,17-01-2024,False,False,False,False,True,False,valid,DD-MM-YYYY,False,349.0,False,True,False,True
1354,906,Poland,242,2024-06-15,906,PL,242,15-06-2024,False,False,False,False,False,False,valid,DD-MM-YYYY,False,199.0,False,True,False,True
1355,906,Germany,263,2024-08-08,906,DE,263,2024-08-08,False,False,False,False,False,False,valid,YYYY-MM-DD,False,145.0,False,True,False,True
1356,907,Poland,247,2024-05-13,907,PL,247,2024-05-13,False,False,False,False,False,False,valid,YYYY-MM-DD,False,232.0,False,True,False,True
1357,908,Poland,81,2024-06-27,908,poland,81,2024.06.27,False,False,False,False,False,False,valid,YYYY-MM-DD,False,187.0,False,True,False,True
1358,908,Czech Republic,224,2024-05-31,908,Czechia,224,2024-05-31,False,False,False,False,False,False,valid,YYYY-MM-DD,False,214.0,False,True,False,True
1359,909,Germany,283,2024-11-17,909,GER,283,2024-11-17,False,False,False,False,False,False,valid,YYYY-MM-DD,False,44.0,False,False,False,True
1360,909,Czech Republic,212,2024-04-18,909,czechia,212,2024/04/18,False,False,False,False,False,False,valid,YYYY-MM-DD,False,257.0,False,True,False,True
1361,910,Poland,209,2024-05-27,910,pl,209,2024/05/27,False,False,False,False,False,False,valid,YYYY-MM-DD,False,218.0,False,True,False,True
1362,910,Germany,230,2024-04-29,910,GER,230,29-04-2024,False,False,False,False,False,False,valid,DD-MM-YYYY,False,246.0,False,True,False,True
1363,911,Czech Republic,157,2024-10-09,911,Czechia,157,2024-10-09,False,False,False,False,False,False,valid,YYYY-MM-DD,False,83.0,False,False,False,True
1364,912,Poland,0,2023-09-27,912,POL,0,2023-09-27,False,False,False,False,True,False,valid,YYYY-MM-DD,False,461.0,False,True,False,True
1365,912,Germany,260,2024-08-02,912,germany,260,2024/08/02,False,False,False,False,False,False,valid,YYYY-MM-DD,False,151.0,False,True,False,True
1366,913,Poland,198,2024-09-14,913,poland,198,2024-09-14,False,False,False,False,False,False,valid,YYYY-MM-DD,False,108.0,False,True,False,True
1367,913,Germany,216,2024-09-01,913,GER,216,2024-09-01,False,False,False,False,False,False,valid,YYYY-MM-DD,False,121.0,False,True,False,True
1368,914,Germany,219,2024-11-12,914,GER,219,2024-11-12,False,False,False,False,False,False,valid,YYYY-MM-DD,False,49.0,False,False,False,True
1369,914,Poland,82,2023-12-18,914,Poland,82,2023-12-18,False,False,False,False,False,False,valid,YYYY-MM-DD,False,379.0,False,True,False,True
1370,915,Czech Republic,151,2024-02-29,915,CZ,151,29/02/2024,False,False,False,False,False,False,valid,DD-MM-YYYY,False,306.0,False,True,False,True
1371,916,Germany,169,2023-09-24,916,Germany,169,2023/09/24,False,False,False,False,False,False,valid,YYYY-MM-DD,False,464.0,False,True,False,True
1372,916,Poland,330,2023-09-15,916,PL,330,2023/09/15,False,False,False,False,False,False,valid,YYYY-MM-DD,False,473.0,False,True,False,True
1373,917,Poland,21,2023-09-25,917,pl,21,2023/09/25,False,False,False,False,False,False,valid,YYYY-MM-DD,False,463.0,False,True,False,True
1374,918,Germany,255,2023-08-20,918,Germany,255,2023-08-20,False,False,False,False,False,False,valid,YYYY-MM-DD,False,499.0,False,True,False,True
1375,919,Poland,307,2023-08-13,919,PL,307,2023.08.13,False,False,False,False,False,False,valid,YYYY-MM-DD,False,506.0,False,True,False,True
1376,920,Poland,197,2024-06-14,920,PL,197,2024/06/14,False,False,False,False,False,False,valid,YYYY-MM-DD,False,200.0,False,True,False,True
1377,920,Germany,167,2024-05-17,920,Deutschland,167,17-05-2024,False,False,False,False,False,False,valid,DD-MM-YYYY,False,228.0,False,True,False,True
1378,921,Germany,100,2023-09-01,921,DE,100,2023-09-01,False,False,False,False,False,False,valid,YYYY-MM-DD,False,487.0,False,True,False,True
1379,921,Poland,160,2024-04-05,921,Poland,160,2024-04-05,False,False,False,False,False,False,valid,YYYY-MM-DD,False,270.0,False,True,False,True
1380,922,Poland,138,2023-07-16,922,pl,138,2023/07/16,False,False,False,False,False,False,valid,YYYY-MM-DD,False,534.0,False,True,False,True
1381,922,Germany,0,2024-03-02,922,GER,0,2024-03-02,False,False,False,False,True,False,valid,YYYY-MM-DD,False,304.0,False,True,False,True
1382,923,Poland,230,2024-07-26,923,PL,230,2024/07/26,False,False,False,False,False,False,valid,YYYY-MM-DD,False,158.0,False,True,False,True
1383,924,Poland,237,2024-06-10,924,pl,237,2024-06-10,False,False,False,False,False,False,valid,YYYY-MM-DD,False,204.0,False,True,False,True
1384,924,Czech Republic,176,2023-10-26,924,Czech Republic,176,2023-10-26,False,False,False,False,False,False,valid,YYYY-MM-DD,False,432.0,False,True,False,True
1385,925,Czech Republic,116,2023-11-07,925,Czech,116,2023-11-07,False,False,False,False,False,False,valid,YYYY-MM-DD,False,420.0,False,True,False,True
1386,925,Poland,108,2023-11-21,925,Poland,108,2023-11-21,False,False,False,False,False,False,valid,YYYY-MM-DD,False,406.0,False,True,False,True
1387,926,Poland,96,2023-05-26,926,poland,96,2023-05-26,False,False,False,False,False,False,valid,YYYY-MM-DD,False,585.0,False,True,False,True
1388,926,Czech Republic,229,2023-12-28,926,Czechia,229,2023-12-28,False,False,False,False,False,False,valid,YYYY-MM-DD,False,369.0,False,True,False,True
1389,927,Germany,131,2023-10-05,927,Germany,131,2023-10-05,False,False,False,False,False,False,valid,YYYY-MM-DD,False,453.0,False,True,False,True
1390,927,Poland,0,2023-06-29,927,Poland,0,2023/06/29,False,False,False,False,True,False,valid,YYYY-MM-DD,False,551.0,False,True,False,True
1391,928,Poland,90,2023-10-05,928,pl,90,2023-10-05,False,False,False,False,False,False,valid,YYYY-MM-DD,False,453.0,False,True,False,True
1392,928,Germany,11,2023-09-16,928,germany,11,2023-09-16,False,False,False,False,False,False,valid,YYYY-MM-DD,False,472.0,False,True,False,True
1393,929,Germany,148,2023-06-07,929,Germany,148,2023-06-07,False,False,False,False,False,False,valid,YYYY-MM-DD,False,573.0,False,True,False,True
1394,930,Poland,54,2023-12-21,930,pl,54,21-12-2023,False,False,False,False,False,False,valid,DD-MM-YYYY,False,376.0,False,True,False,True
1395,930,Germany,168,2023-12-13,930,GER,168,13/12/2023,False,False,False,False,False,False,valid,DD-MM-YYYY,False,384.0,False,True,False,True
1396,931,Czech Republic,381,2023-10-28,931,czechia,381,2023/10/28,False,False,False,False,False,False,valid,YYYY-MM-DD,False,430.0,False,True,False,True
1397,932,Germany,191,2024-12-03,932,Deutschland,191,2024-12-03,False,False,False,False,False,False,valid,YYYY-MM-DD,False,28.0,False,False,False,True
1398,932,Czech Republic,89,2024-05-20,932,czechia,89,2024-05-20,False,False,False,False,False,False,valid,YYYY-MM-DD,False,225.0,False,True,False,True
1399,933,Czech Republic,282,2024-04-07,933,CZ,282,2024-04-07,False,False,False,False,False,False,valid,YYYY-MM-DD,False,268.0,False,True,False,True
1400,933,Germany,0,2024-02-12,933,germany,0,2024-02-12,False,False,False,False,True,False,valid,YYYY-MM-DD,False,323.0,False,True,False,True
1402,934,Poland,120,2024-09-29,934,Poland,120,2024-09-29,False,False,False,False,False,False,valid,YYYY-MM-DD,False,93.0,False,True,False,True
1403,935,Poland,25,2023-05-22,935,poland,25,22/05/2023,False,False,False,False,False,False,valid,DD-MM-YYYY,False,589.0,False,True,False,True
1404,936,Germany,179,2024-10-20,936,germany,179,2024-10-20,False,False,False,False,False,False,valid,YYYY-MM-DD,False,72.0,False,False,False,True
1405,937,Germany,121,2024-06-23,937,Germany,121,2024-06-23,False,False,False,False,False,False,valid,YYYY-MM-DD,False,191.0,False,True,False,True
1406,938,Germany,43,2023-11-17,938,Germany,43,2023-11-17,False,False,False,False,False,False,valid,YYYY-MM-DD,False,410.0,False,True,False,True
1407,938,Poland,137,2024-06-08,938,pl,137,2024-06-08,False,False,False,False,False,False,valid,YYYY-MM-DD,False,206.0,False,True,False,True
1408,939,Poland,481,2023-11-10,939,poland,481,10/11/2023,False,False,False,False,False,False,valid,DD-MM-YYYY,True,417.0,False,True,False,True
1409,939,Germany,397,2024-01-15,939,Deutschland,397,2024.01.15,False,False,False,False,False,False,valid,YYYY-MM-DD,False,351.0,False,True,False,True
1410,940,Czech Republic,158,2024-10-04,940,Czechia,158,2024.10.04,False,False,False,False,False,False,valid,YYYY-MM-DD,False,88.0,False,False,False,True
1411,940,Germany,235,2024-07-11,940,Deutschland,235,2024.07.11,False,False,False,False,False,False,valid,YYYY-MM-DD,False,173.0,False,True,False,True
1412,941,Czech Republic,286,2024-10-05,941,Czech Republic,286,2024-10-05,False,False,False,False,False,False,valid,YYYY-MM-DD,False,87.0,False,False,False,True
1413,941,Poland,239,2024-01-25,941,POL,239,2024/01/25,False,False,False,False,False,False,valid,YYYY-MM-DD,False,341.0,False,True,False,True
1414,942,Poland,352,2024-09-23,942,poland,352,2024.09.23,False,False,False,False,False,False,valid,YYYY-MM-DD,False,99.0,False,True,False,True
1415,943,Poland,92,2024-02-01,943,POL,92,2024-02-01,False,False,False,False,False,False,valid,YYYY-MM-DD,False,334.0,False,True,False,True
1416,944,Czech Republic,19,2023-07-22,944,czechia,19,2023-07-22,False,False,False,False,False,False,valid,YYYY-MM-DD,False,528.0,False,True,False,True
1417,945,Germany,136,2023-10-26,945,DE,136,2023-10-26,False,False,False,False,False,False,valid,YYYY-MM-DD,False,432.0,False,True,False,True
1418,946,Poland,134,2023-12-04,946,POL,134,2023-12-04,False,False,False,False,False,False,valid,YYYY-MM-DD,False,393.0,False,True,False,True
1419,947,Germany,323,2024-07-19,947,Deutschland,323,2024-07-19,False,False,False,False,False,False,valid,YYYY-MM-DD,False,165.0,False,True,False,True
1420,948,Germany,145,2023-09-05,948,GER,145,2023.09.05,False,False,False,False,False,False,valid,YYYY-MM-DD,False,483.0,False,True,False,True
1421,948,Poland,124,2024-10-25,948,Poland,124,2024.10.25,False,False,False,False,False,False,valid,YYYY-MM-DD,False,67.0,False,False,False,True
1422,949,Poland,67,2024-03-05,949,POL,67,2024-03-05,False,False,False,False,False,False,valid,YYYY-MM-DD,False,301.0,False,True,False,True
1423,949,Czech Republic,67,2024-10-29,949,Czechia,67,2024-10-29,False,False,False,False,False,False,valid,YYYY-MM-DD,False,63.0,False,False,False,True
1424,950,Poland,183,2024-08-28,950,Polska,183,28/08/2024,False,False,False,False,False,False,valid,DD-MM-YYYY,False,125.0,False,True,False,True
1425,951,Poland,65,2024-11-28,951,Polska,65,2024-11-28,False,False,False,False,False,False,valid,YYYY-MM-DD,False,33.0,False,False,False,True
1426,952,Poland,135,2024-08-19,952,Polska,135,2024.08.19,False,False,False,False,False,False,valid,YYYY-MM-DD,False,134.0,False,True,False,True
1427,952,Czech Republic,68,2023-12-17,952,czechia,68,17-12-2023,False,False,False,False,False,False,valid,DD-MM-YYYY,False,380.0,False,True,False,True
1428,953,Germany,162,2024-12-15,953,Germany,162,2024-12-15,False,False,False,False,False,False,valid,YYYY-MM-DD,False,16.0,False,False,False,True
1429,954,Germany,354,2024-07-01,954,Deutschland,354,2024-07-01,False,False,False,False,False,False,valid,YYYY-MM-DD,False,183.0,False,True,False,True
1430,954,Czech Republic,135,2023-10-21,954,czechia,135,21-10-2023,False,False,False,False,False,False,valid,DD-MM-YYYY,False,437.0,False,True,False,True
1431,955,Germany,0,2024-08-16,955,GER,0,2024-08-16,False,False,False,False,True,False,valid,YYYY-MM-DD,False,137.0,False,True,False,True
1432,955,Czech Republic,350,2024-05-24,955,Czechia,350,2024.05.24,False,False,False,False,False,False,valid,YYYY-MM-DD,False,221.0,False,True,False,True
1433,956,Poland,117,2023-05-31,956,pl,117,31-05-2023,False,False,False,False,False,False,valid,DD-MM-YYYY,False,580.0,False,True,False,True
1434,956,Germany,164,2024-06-10,956,GER,164,2024-06-10,False,False,False,False,False,False,valid,YYYY-MM-DD,False,204.0,False,True,False,True
1435,957,Czech Republic,192,2024-01-25,957,Czechia,192,2024/01/25,False,False,False,False,False,False,valid,YYYY-MM-DD,False,341.0,False,True,False,True
1436,958,Poland,0,2024-06-02,958,poland,0,2024-06-02,False,False,False,False,True,False,valid,YYYY-MM-DD,False,212.0,False,True,False,True
1437,959,Germany,175,2024-10-09,959,germany,175,09/10/2024,False,False,False,False,False,False,valid,DD-MM-YYYY,True,83.0,False,False,False,True
1438,960,Czech Republic,75,2023-12-25,960,czechia,75,2023-12-25,False,False,False,False,False,False,valid,YYYY-MM-DD,False,372.0,False,True,False,True
1439,960,Germany,63,2024-05-23,960,DE,63,23-05-2024,False,False,False,False,False,False,valid,DD-MM-YYYY,False,222.0,False,True,False,True
1440,961,Czech Republic,129,2024-12-03,961,Czechia,129,03-12-2024,False,False,False,False,False,False,valid,DD-MM-YYYY,True,28.0,False,False,False,True
1441,961,Poland,310,2024-07-15,961,pl,310,15-07-2024,False,False,False,False,False,False,valid,DD-MM-YYYY,False,169.0,False,True,False,True
1442,962,Poland,260,2024-12-05,962,PL,260,05-12-2024,False,False,False,False,False,False,valid,DD-MM-YYYY,True,26.0,False,False,False,True
1443,962,Germany,190,2023-12-03,962,DE,190,2023-12-03,False,False,False,False,False,False,valid,YYYY-MM-DD,False,394.0,False,True,False,True
1444,963,Czech Republic,240,2023-11-19,963,CZ,240,2023.11.19,False,False,False,False,False,False,valid,YYYY-MM-DD,False,408.0,False,True,False,True
1445,964,Czech Republic,103,2023-11-15,964,Czech Republic,103,2023/11/15,False,False,False,False,False,False,valid,YYYY-MM-DD,False,412.0,False,True,False,True
1446,964,Germany,251,2023-10-23,964,DE,251,2023-10-23,False,False,False,False,False,False,valid,YYYY-MM-DD,False,435.0,False,True,False,True
1447,965,Poland,293,2024-02-25,965,Poland,293,2024/02/25,False,False,False,False,False,False,valid,YYYY-MM-DD,False,310.0,False,True,False,True
1448,966,Poland,272,2024-01-14,966,Polska,272,2024-01-14,False,False,False,False,False,False,valid,YYYY-MM-DD,False,352.0,False,True,False,True
1449,967,Czech Republic,173,2024-06-10,967,Czech Republic,173,2024-06-10,False,False,False,False,False,False,valid,YYYY-MM-DD,False,204.0,False,True,False,True
1450,967,Poland,279,2023-09-18,967,POL,279,2023-09-18,False,False,False,False,False,False,valid,YYYY-MM-DD,False,470.0,False,True,False,True
1451,968,Czech Republic,116,2023-11-13,968,Czech Republic,116,2023-11-13,False,False,False,False,False,False,valid,YYYY-MM-DD,False,414.0,False,True,False,True
1452,969,Czech Republic,171,2023-12-07,969,czechia,171,2023-12-07,False,False,False,False,False,False,valid,YYYY-MM-DD,False,390.0,False,True,False,True
1453,969,Germany,220,2023-11-25,969,germany,220,25/11/2023,False,False,False,False,False,False,valid,DD-MM-YYYY,False,402.0,False,True,False,True
1454,970,Poland,273,2024-06-13,970,POL,273,2024-06-13,False,False,False,False,False,False,valid,YYYY-MM-DD,False,201.0,False,True,False,True
1455,971,Germany,56,2023-12-11,971,germany,56,2023-12-11,False,False,False,False,False,False,valid,YYYY-MM-DD,False,386.0,False,True,False,True
1456,972,Germany,226,2024-02-06,972,Germany,226,2024-02-06,False,False,False,False,False,False,valid,YYYY-MM-DD,False,329.0,False,True,False,True
1457,972,Czech Republic,17,2024-12-12,972,czechia,17,2024-12-12,False,False,False,False,False,False,valid,YYYY-MM-DD,False,19.0,False,False,False,True
1458,973,Czech Republic,262,2024-07-18,973,Czech,262,2024-07-18,False,False,False,False,False,False,valid,YYYY-MM-DD,False,166.0,False,True,False,True
1459,974,Germany,274,2024-07-27,974,DE,274,2024-07-27,False,False,False,False,False,False,valid,YYYY-MM-DD,False,157.0,False,True,False,True
1460,975,Germany,131,2024-08-15,975,Germany,131,2024-08-15,False,False,False,False,False,False,valid,YYYY-MM-DD,False,138.0,False,True,False,True
1461,976,Poland,266,2024-05-27,976,poland,266,2024/05/27,False,False,False,False,False,False,valid,YYYY-MM-DD,False,218.0,False,True,False,True
1462,977,Czech Republic,165,2023-12-28,977,czechia,165,2023-12-28,False,False,False,False,False,False,valid,YYYY-MM-DD,False,369.0,False,True,False,True
1463,977,Germany,72,2023-12-16,977,Deutschland,72,2023-12-16,False,False,False,False,False,False,valid,YYYY-MM-DD,False,381.0,False,True,False,True
1464,978,Poland,392,2024-06-29,978,poland,392,2024-06-29,False,False,False,False,False,False,valid,YYYY-MM-DD,False,185.0,False,True,False,True
1465,979,Germany,100,2023-11-20,979,Deutschland,100,2023.11.20,False,False,False,False,False,False,valid,YYYY-MM-DD,False,407.0,False,True,False,True
1466,979,Poland,299,2024-09-23,979,poland,299,2024.09.23,False,False,False,False,False,False,valid,YYYY-MM-DD,False,99.0,False,True,False,True
1467,980,Germany,252,2024-05-04,980,Germany,252,2024.05.04,False,False,False,False,False,False,valid,YYYY-MM-DD,False,241.0,False,True,False,True
1468,980,Czech Republic,225,2024-03-24,980,Czech Republic,225,2024-03-24,False,False,False,False,False,False,valid,YYYY-MM-DD,False,282.0,False,True,False,True
1469,981,Germany,187,2024-06-06,981,GER,187,2024/06/06,False,False,False,False,False,False,valid,YYYY-MM-DD,False,208.0,False,True,False,True
1470,981,Czech Republic,231,2024-01-02,981,Czech Republic,231,2024-01-02,False,False,False,False,False,False,valid,YYYY-MM-DD,False,364.0,False,True,False,True
1471,982,Germany,225,2023-05-20,982,germany,225,2023-05-20,False,False,False,False,False,False,valid,YYYY-MM-DD,False,591.0,False,True,False,True
1472,982,Czech Republic,155,2023-12-06,982,Czech Republic,155,2023/12/06,False,False,False,False,False,False,valid,YYYY-MM-DD,False,391.0,False,True,False,True
1473,983,Poland,308,2023-07-19,983,PL,308,2023-07-19,False,False,False,False,False,False,valid,YYYY-MM-DD,False,531.0,False,True,False,True
1474,984,Germany,305,2024-05-17,984,DE,305,2024/05/17,False,False,False,False,False,False,valid,YYYY-MM-DD,False,228.0,False,True,False,True
1475,985,Czech Republic,222,2024-10-13,985,Czech,222,2024-10-13,False,False,False,False,False,False,valid,YYYY-MM-DD,False,79.0,False,False,False,True
1476,986,Germany,0,2024-04-03,986,GER,0,03-04-2024,False,False,False,False,True,False,valid,DD-MM-YYYY,True,272.0,False,True,False,True
1477,986,Czech Republic,167,2024-09-28,986,Czechia,167,2024-09-28,False,False,False,False,False,False,valid,YYYY-MM-DD,False,94.0,False,True,False,True
1478,987,Czech Republic,137,2024-02-21,987,CZ,137,2024-02-21,False,False,False,False,False,False,valid,YYYY-MM-DD,False,314.0,False,True,False,True
1479,988,Poland,269,2024-09-20,988,POL,269,20/09/2024,False,False,False,False,False,False,valid,DD-MM-YYYY,False,102.0,False,True,False,True
1480,989,Germany,0,2023-07-13,989,Germany,0,2023-07-13,False,False,False,False,True,False,valid,YYYY-MM-DD,False,537.0,False,True,False,True
1481,990,Poland,78,2024-03-04,990,poland,78,04/03/2024,False,False,False,False,False,False,valid,DD-MM-YYYY,True,302.0,False,True,False,True
1482,990,Czech Republic,394,2023-06-24,990,Czechia,394,24-06-2023,False,False,False,False,False,False,valid,DD-MM-YYYY,False,556.0,False,True,False,True
1483,991,Poland,0,2024-03-13,991,PL,0,2024-03-13,False,False,False,False,True,False,valid,YYYY-MM-DD,False,293.0,False,True,False,True
1484,992,Poland,99,2023-05-19,992,Polska,99,2023/05/19,False,False,False,False,False,False,valid,YYYY-MM-DD,False,592.0,False,True,False,True
1485,992,Germany,150,2023-08-04,992,DE,150,2023-08-04,False,False,False,False,False,False,valid,YYYY-MM-DD,False,515.0,False,True,False,True
1486,993,Germany,371,2024-11-26,993,GER,371,2024/11/26,False,False,False,False,False,False,valid,YYYY-MM-DD,False,35.0,False,False,False,True
1487,994,Czech Republic,399,2024-08-15,994,Czech Republic,399,2024-08-15,False,False,False,False,False,False,valid,YYYY-MM-DD,False,138.0,False,True,False,True
1488,995,Poland,120,2023-12-06,995,pl,120,2023-12-06,False,False,False,False,False,False,valid,YYYY-MM-DD,False,391.0,False,True,False,True
1489,996,Poland,109,2024-03-29,996,Poland,109,29/03/2024,False,False,False,False,False,False,valid,DD-MM-YYYY,False,277.0,False,True,False,True
1490,996,Czech Republic,0,2023-06-15,996,Czech,0,2023-06-15,False,False,False,False,True,False,valid,YYYY-MM-DD,False,565.0,False,True,False,True
1491,997,Poland,187,2024-03-23,997,POL,187,2024-03-23,False,False,False,False,False,False,valid,YYYY-MM-DD,False,283.0,False,True,False,True
1492,998,Poland,113,2024-01-25,998,PL,113,2024-01-25,False,False,False,False,False,False,valid,YYYY-MM-DD,False,341.0,False,True,False,True
1493,998,Germany,305,2024-05-25,998,DE,305,2024-05-25,False,False,False,False,False,False,valid,YYYY-MM-DD,False,220.0,False,True,False,True
1494,999,Germany,52,2024-02-11,999,Deutschland,52,2024/02/11,False,False,False,False,False,False,valid,YYYY-MM-DD,False,324.0,False,True,False,True
1495,999,Czech Republic,0,2024-01-16,999,CZ,0,16-01-2024,False,False,False,False,True,False,valid,DD-MM-YYYY,False,350.0,False,True,False,True
1496,1000,Czech Republic,43,2024-05-19,1000,czechia,43,2024/05/19,False,False,False,False,False,False,valid,YYYY-MM-DD,False,226.0,False,True,False,True
1497,1001,Czech Republic,0,2023-05-26,1001,CZ,0,2023-05-26,False,False,False,False,True,False,valid,YYYY-MM-DD,False,585.0,False,True,False,True
1498,1002,Germany,155,2024-12-04,1002,germany,155,2024/12/04,False,False,False,False,False,False,valid,YYYY-MM-DD,False,27.0,False,False,False,True
1499,1002,Poland,236,2023-12-28,1002,Polska,236,2023-12-28,False,False,False,False,False,False,valid,YYYY-MM-DD,False,369.0,False,True,False,True
1500,1003,Czech Republic,279,2023-06-16,1003,CZ,279,2023-06-16,False,False,False,False,False,False,valid,YYYY-MM-DD,False,564.0,False,True,False,True
1501,1003,Poland,191,2024-11-13,1003,POL,191,2024-11-13,False,False,False,False,False,False,valid,YYYY-MM-DD,False,48.0,False,False,False,True
1502,1004,Poland,225,2023-06-05,1004,pl,225,05/06/2023,False,False,False,False,False,False,valid,DD-MM-YYYY,True,575.0,False,True,False,True
1503,1005,Germany,152,2024-06-22,1005,GER,152,2024/06/22,False,False,False,False,False,False,valid,YYYY-MM-DD,False,192.0,False,True,False,True
1504,1005,Czech Republic,471,2023-11-02,1005,Czech,471,2023-11-02,False,False,False,False,False,False,valid,YYYY-MM-DD,False,425.0,False,True,False,True
1505,1006,Czech Republic,212,2023-06-06,1006,Czech Republic,212,06-06-2023,False,False,False,False,False,False,valid,DD-MM-YYYY,True,574.0,False,True,False,True
1506,1007,Czech Republic,160,2023-10-09,1007,Czech,160,2023.10.09,False,False,False,False,False,False,valid,YYYY-MM-DD,False,449.0,False,True,False,True
1507,1008,Poland,217,2023-10-02,1008,pl,217,2023-10-02,False,False,False,False,False,False,valid,YYYY-MM-DD,False,456.0,False,True,False,True
1508,1009,Poland,175,2023-12-31,1009,POL,175,2023.12.31,False,False,False,False,False,False,valid,YYYY-MM-DD,False,366.0,False,True,False,True
1509,1010,Germany,145,2024-02-12,1010,DE,145,12/02/2024,False,False,False,False,False,False,valid,DD-MM-YYYY,True,323.0,False,True,False,True
1510,1010,Poland,157,2024-12-20,1010,PL,157,20-12-2024,False,False,False,False,False,False,valid,DD-MM-YYYY,False,11.0,False,False,False,True
1511,1011,Poland,196,2024-05-04,1011,poland,196,2024-05-04,False,False,False,False,False,False,valid,YYYY-MM-DD,False,241.0,False,True,False,True
1512,1011,Germany,125,2024-08-22,1011,germany,125,22-08-2024,False,False,False,False,False,False,valid,DD-MM-YYYY,False,131.0,False,True,False,True
1513,1012,Germany,125,2024-10-13,1012,Deutschland,125,13-10-2024,False,False,False,False,False,False,valid,DD-MM-YYYY,False,79.0,False,False,False,True
1514,1013,Germany,206,2024-07-06,1013,Germany,206,2024-07-06,False,False,False,False,False,False,valid,YYYY-MM-DD,False,178.0,False,True,False,True
1515,1014,Czech Republic,99,2024-07-13,1014,Czech,99,13-07-2024,False,False,False,False,False,False,valid,DD-MM-YYYY,False,171.0,False,True,False,True
1516,1014,Germany,238,2023-07-17,1014,Deutschland,238,2023-07-17,False,False,False,False,False,False,valid,YYYY-MM-DD,False,533.0,False,True,False,True
1517,1015,Germany,218,2024-03-02,1015,GER,218,2024/03/02,False,False,False,False,False,False,valid,YYYY-MM-DD,False,304.0,False,True,False,True
1518,1015,Poland,215,2023-09-07,1015,POL,215,2023-09-07,False,False,False,False,False,False,valid,YYYY-MM-DD,False,481.0,False,True,False,True
1519,1016,Czech Republic,75,2024-07-02,1016,Czech,75,02-07-2024,False,False,False,False,False,False,valid,DD-MM-YYYY,True,182.0,False,True,False,True
1520,1017,Poland,253,2024-01-29,1017,Poland,253,2024-01-29,False,False,False,False,False,False,valid,YYYY-MM-DD,False,337.0,False,True,False,True
1521,1017,Czech Republic,94,2024-12-08,1017,Czech Republic,94,2024/12/08,False,False,False,False,False,False,valid,YYYY-MM-DD,False,23.0,False,False,False,True
1522,1018,Germany,0,2024-10-26,1018,GER,0,2024-10-26,False,False,False,False,True,False,valid,YYYY-MM-DD,False,66.0,False,False,False,True
1523,1019,Germany,275,2024-09-16,1019,GER,275,2024-09-16,False,False,False,False,False,False,valid,YYYY-MM-DD,False,106.0,False,True,False,True
1524,1020,Poland,42,2024-04-07,1020,PL,42,07-04-2024,False,False,False,False,False,False,valid,DD-MM-YYYY,True,268.0,False,True,False,True
1525,1021,Germany,152,2023-12-25,1021,Germany,152,2023-12-25,False,False,False,False,False,False,valid,YYYY-MM-DD,False,372.0,False,True,False,True
1526,1021,Czech Republic,327,2024-08-08,1021,Czechia,327,2024-08-08,False,False,False,False,False,False,valid,YYYY-MM-DD,False,145.0,False,True,False,True
1527,1022,Germany,201,2024-12-13,1022,Deutschland,201,13-12-2024,False,False,False,False,False,False,valid,DD-MM-YYYY,False,18.0,False,False,False,True
1528,1022,Poland,198,2023-10-27,1022,pl,198,2023/10/27,False,False,False,False,False,False,valid,YYYY-MM-DD,False,431.0,False,True,False,True
1529,1023,Czech Republic,163,2023-06-14,1023,CZ,163,2023-06-14,False,False,False,False,False,False,valid,YYYY-MM-DD,False,566.0,False,True,False,True
1530,1024,Germany,310,2024-10-15,1024,GER,310,2024-10-15,False,False,False,False,False,False,valid,YYYY-MM-DD,False,77.0,False,False,False,True
1531,1025,Czech Republic,160,2023-09-10,1025,Czechia,160,2023/09/10,False,False,False,False,False,False,valid,YYYY-MM-DD,False,478.0,False,True,False,True
1532,1026,Czech Republic,256,2024-01-08,1026,Czech,256,2024-01-08,False,False,False,False,False,False,valid,YYYY-MM-DD,False,358.0,False,True,False,True
1533,1027,Poland,258,2023-08-21,1027,POL,258,2023-08-21,False,False,False,False,False,False,valid,YYYY-MM-DD,False,498.0,False,True,False,True
1534,1028,Germany,373,2024-03-13,1028,DE,373,13-03-2024,False,False,False,False,False,False,valid,DD-MM-YYYY,False,293.0,False,True,False,True
1535,1028,Poland,138,2023-05-29,1028,PL,138,2023.05.29,False,False,False,False,False,False,valid,YYYY-MM-DD,False,582.0,False,True,False,True
1536,1029,Poland,122,2024-10-26,1029,Poland,122,2024.10.26,False,False,False,False,False,False,valid,YYYY-MM-DD,False,66.0,False,False,False,True
1537,1029,Czech Republic,220,2023-07-14,1029,Czechia,220,2023-07-14,False,False,False,False,False,False,valid,YYYY-MM-DD,False,536.0,False,True,False,True
1538,1030,Poland,0,2023-08-16,1030,Polska,0,2023-08-16,False,False,False,False,True,False,valid,YYYY-MM-DD,False,503.0,False,True,False,True
1539,1031,Germany,107,2024-01-04,1031,germany,107,2024/01/04,False,False,False,False,False,False,valid,YYYY-MM-DD,False,362.0,False,True,False,True
1540,1031,Poland,106,2024-11-15,1031,pl,106,2024-11-15,False,False,False,False,False,False,valid,YYYY-MM-DD,False,46.0,False,False,False,True
1541,1032,Germany,157,2023-11-04,1032,DE,157,2023-11-04,False,False,False,False,False,False,valid,YYYY-MM-DD,False,423.0,False,True,False,True
1542,1032,Czech Republic,285,2024-12-01,1032,Czechia,285,2024/12/01,False,False,False,False,False,False,valid,YYYY-MM-DD,False,30.0,False,False,False,True
1543,1033,Czech Republic,233,2024-11-29,1033,Czechia,233,2024-11-29,False,False,False,False,False,False,valid,YYYY-MM-DD,False,32.0,False,False,False,True
1544,1033,Poland,22,2024-12-24,1033,Poland,22,2024-12-24,False,False,False,False,False,False,valid,YYYY-MM-DD,False,7.0,False,False,False,True
1545,1034,Poland,193,2024-08-17,1034,poland,193,2024-08-17,False,False,False,False,False,False,valid,YYYY-MM-DD,False,136.0,False,True,False,True
1546,1034,Germany,446,2024-05-05,1034,germany,446,2024-05-05,False,False,False,False,False,False,valid,YYYY-MM-DD,False,240.0,False,True,False,True
1547,1035,Germany,419,2023-08-08,1035,germany,419,2023.08.08,False,False,False,False,False,False,valid,YYYY-MM-DD,False,511.0,False,True,False,True
1548,1035,Poland,179,2024-01-04,1035,PL,179,2024-01-04,False,False,False,False,False,False,valid,YYYY-MM-DD,False,362.0,False,True,False,True
1549,1036,Poland,49,2023-10-12,1036,POL,49,2023/10/12,False,False,False,False,False,False,valid,YYYY-MM-DD,False,446.0,False,True,False,True
1550,1036,Germany,144,2024-04-09,1036,DE,144,09/04/2024,False,False,False,False,False,False,valid,DD-MM-YYYY,True,266.0,False,True,False,True
1551,1037,Czech Republic,192,2024-01-21,1037,czechia,192,21-01-2024,False,False,False,False,False,False,valid,DD-MM-YYYY,False,345.0,False,True,False,True
1552,1037,Poland,231,2024-07-17,1037,pl,231,2024-07-17,False,False,False,False,False,False,valid,YYYY-MM-DD,False,167.0,False,True,False,True
1553,1038,Poland,194,2024-01-21,1038,poland,194,2024.01.21,False,False,False,False,False,False,valid,YYYY-MM-DD,False,345.0,False,True,False,True
1554,1039,Germany,351,2024-08-25,1039,Deutschland,351,2024-08-25,False,False,False,False,False,False,valid,YYYY-MM-DD,False,128.0,False,True,False,True
1555,1040,Germany,399,2024-02-23,1040,GER,399,2024.02.23,False,False,False,False,False,False,valid,YYYY-MM-DD,False,312.0,False,True,False,True
1556,1041,Germany,269,2024-09-25,1041,GER,269,2024-09-25,False,False,False,False,False,False,valid,YYYY-MM-DD,False,97.0,False,True,False,True
1557,1042,Czech Republic,265,2024-07-13,1042,Czechia,265,2024-07-13,False,False,False,False,False,False,valid,YYYY-MM-DD,False,171.0,False,True,False,True
1558,1042,Germany,280,2024-06-30,1042,Deutschland,280,2024-06-30,False,False,False,False,False,False,valid,YYYY-MM-DD,False,184.0,False,True,False,True
1559,1043,Czech Republic,29,2024-01-30,1043,czechia,29,30-01-2024,False,False,False,False,False,False,valid,DD-MM-YYYY,False,336.0,False,True,False,True
1560,1043,Germany,221,2023-11-28,1043,DE,221,2023-11-28,False,False,False,False,False,False,valid,YYYY-MM-DD,False,399.0,False,True,False,True
1561,1044,Czech Republic,399,2024-04-03,1044,Czechia,399,2024-04-03,False,False,False,False,False,False,valid,YYYY-MM-DD,False,272.0,False,True,False,True
1562,1045,Poland,225,2023-06-01,1045,Polska,225,01-06-2023,False,False,False,False,False,False,valid,DD-MM-YYYY,True,579.0,False,True,False,True
1563,1045,Germany,254,2024-05-10,1045,DE,254,2024/05/10,False,False,False,False,False,False,valid,YYYY-MM-DD,False,235.0,False,True,False,True
1564,1046,Poland,46,2024-07-05,1046,PL,46,2024-07-05,False,False,False,False,False,False,valid,YYYY-MM-DD,False,179.0,False,True,False,True
1565,1046,Czech Republic,0,2024-08-01,1046,Czechia,0,2024-08-01,False,False,False,False,True,False,valid,YYYY-MM-DD,False,152.0,False,True,False,True
1566,1047,Poland,0,2024-03-26,1047,pl,0,26-03-2024,False,False,False,False,True,False,valid,DD-MM-YYYY,False,280.0,False,True,False,True
1567,1047,Czech Republic,99,2023-05-17,1047,Czechia,99,2023-05-17,False,False,False,False,False,False,valid,YYYY-MM-DD,False,594.0,False,True,False,True
1568,1048,Czech Republic,142,2024-12-21,1048,Czech,142,2024/12/21,False,False,False,False,False,False,valid,YYYY-MM-DD,False,10.0,False,False,False,True
1569,1049,Poland,84,2024-08-29,1049,PL,84,2024/08/29,False,False,False,False,False,False,valid,YYYY-MM-DD,False,124.0,False,True,False,True
1570,1049,Germany,67,2024-07-29,1049,Germany,67,29-07-2024,False,False,False,False,False,False,valid,DD-MM-YYYY,False,155.0,False,True,False,True
1571,1050,Czech Republic,317,2023-12-25,1050,CZ,317,2023-12-25,False,False,False,False,False,False,valid,YYYY-MM-DD,False,372.0,False,True,False,True
1572,1051,Germany,147,2024-11-21,1051,DE,147,2024-11-21,False,False,False,False,False,False,valid,YYYY-MM-DD,False,40.0,False,False,False,True
1573,1051,Poland,194,2024-11-25,1051,pl,194,2024-11-25,False,False,False,False,False,False,valid,YYYY-MM-DD,False,36.0,False,False,False,True
1574,1052,Poland,360,2023-08-26,1052,Polska,360,26-08-2023,False,False,False,False,False,False,valid,DD-MM-YYYY,False,493.0,False,True,False,True
1575,1052,Germany,362,2024-09-15,1052,GER,362,2024-09-15,False,False,False,False,False,False,valid,YYYY-MM-DD,False,107.0,False,True,False,True
1576,1053,Czech Republic,360,2024-09-18,1053,CZ,360,2024/09/18,False,False,False,False,False,False,valid,YYYY-MM-DD,False,104.0,False,True,False,True
1577,1054,Poland,185,2024-12-21,1054,PL,185,2024-12-21,False,False,False,False,False,False,valid,YYYY-MM-DD,False,10.0,False,False,False,True
1578,1054,Germany,81,2023-06-12,1054,GER,81,2023-06-12,False,False,False,False,False,False,valid,YYYY-MM-DD,False,568.0,False,True,False,True
1579,1055,Poland,81,2024-04-07,1055,pl,81,2024-04-07,False,False,False,False,False,False,valid,YYYY-MM-DD,False,268.0,False,True,False,True
1580,1055,Germany,96,2023-06-09,1055,germany,96,2023-06-09,False,False,False,False,False,False,valid,YYYY-MM-DD,False,571.0,False,True,False,True
1581,1056,Czech Republic,9,2023-10-21,1056,Czech,9,2023-10-21,False,False,False,False,False,False,valid,YYYY-MM-DD,False,437.0,False,True,False,True
1582,1057,Germany,55,2023-12-17,1057,Deutschland,55,2023/12/17,False,False,False,False,False,False,valid,YYYY-MM-DD,False,380.0,False,True,False,True
1583,1057,Poland,116,2023-10-29,1057,pl,116,2023-10-29,False,False,False,False,False,False,valid,YYYY-MM-DD,False,429.0,False,True,False,True
1584,1058,Czech Republic,60,2024-01-29,1058,Czech Republic,60,2024/01/29,False,False,False,False,False,False,valid,YYYY-MM-DD,False,337.0,False,True,False,True
1585,1058,Germany,0,2023-08-25,1058,germany,0,2023-08-25,False,False,False,False,True,False,valid,YYYY-MM-DD,False,494.0,False,True,False,True
1587,1060,Czech Republic,317,2024-05-13,1060,CZ,317,2024-05-13,False,False,False,False,False,False,valid,YYYY-MM-DD,False,232.0,False,True,False,True
1588,1060,Germany,130,2024-01-04,1060,GER,130,2024-01-04,False,False,False,False,False,False,valid,YYYY-MM-DD,False,362.0,False,True,False,True
1589,1061,Czech Republic,137,2024-08-01,1061,czechia,137,2024/08/01,False,False,False,False,False,False,valid,YYYY-MM-DD,False,152.0,False,True,False,True
1590,1061,Poland,105,2023-07-21,1061,pl,105,21-07-2023,False,False,False,False,False,False,valid,DD-MM-YYYY,False,529.0,False,True,False,True
1591,1062,Poland,57,2024-06-17,1062,pl,57,2024-06-17,False,False,False,False,False,False,valid,YYYY-MM-DD,False,197.0,False,True,False,True
1592,1062,Czech Republic,186,2024-10-22,1062,Czech Republic,186,2024-10-22,False,False,False,False,False,False,valid,YYYY-MM-DD,False,70.0,False,False,False,True
1593,1063,Germany,130,2023-06-16,1063,Deutschland,130,2023/06/16,False,False,False,False,False,False,valid,YYYY-MM-DD,False,564.0,False,True,False,True
1594,1064,Poland,217,2023-10-27,1064,Poland,217,27-10-2023,False,False,False,False,False,False,valid,DD-MM-YYYY,False,431.0,False,True,False,True
1595,1065,Poland,153,2024-11-24,1065,poland,153,2024-11-24,False,False,False,False,False,False,valid,YYYY-MM-DD,False,37.0,False,False,False,True
1596,1065,Germany,130,2024-04-10,1065,germany,130,2024/04/10,False,False,False,False,False,False,valid,YYYY-MM-DD,False,265.0,False,True,False,True
1597,1066,Poland,291,2024-06-27,1066,pl,291,2024-06-27,False,False,False,False,False,False,valid,YYYY-MM-DD,False,187.0,False,True,False,True
1598,1067,Czech Republic,65,2024-11-21,1067,Czechia,65,2024-11-21,False,False,False,False,False,False,valid,YYYY-MM-DD,False,40.0,False,False,False,True
1599,1068,Germany,96,2024-02-25,1068,GER,96,2024-02-25,False,False,False,False,False,False,valid,YYYY-MM-DD,False,310.0,False,True,False,True
1600,1068,Poland,43,2024-06-23,1068,Polska,43,2024-06-23,False,False,False,False,False,False,valid,YYYY-MM-DD,False,191.0,False,True,False,True
1601,1069,Czech Republic,305,2024-09-29,1069,CZ,305,2024-09-29,False,False,False,False,False,False,valid,YYYY-MM-DD,False,93.0,False,True,False,True
1602,1070,Poland,255,2024-09-19,1070,Poland,255,2024-09-19,False,False,False,False,False,False,valid,YYYY-MM-DD,False,103.0,False,True,False,True
1603,1070,Czech Republic,226,2023-12-13,1070,Czech Republic,226,2023-12-13,False,False,False,False,False,False,valid,YYYY-MM-DD,False,384.0,False,True,False,True
1604,1071,Poland,241,2024-02-26,1071,PL,241,2024-02-26,False,False,False,False,False,False,valid,YYYY-MM-DD,False,309.0,False,True,False,True
1605,1072,Czech Republic,0,2024-10-09,1072,czechia,0,2024/10/09,False,False,False,False,True,False,valid,YYYY-MM-DD,False,83.0,False,False,False,True
1606,1072,Germany,315,2024-03-20,1072,Germany,315,2024-03-20,False,False,False,False,False,False,valid,YYYY-MM-DD,False,286.0,False,True,False,True
1607,1073,Poland,70,2023-05-14,1073,Polska,70,2023-05-14,False,False,False,False,False,False,valid,YYYY-MM-DD,False,597.0,False,True,False,True
1608,1074,Poland,260,2024-02-11,1074,Polska,260,2024-02-11,False,False,False,False,False,False,valid,YYYY-MM-DD,False,324.0,False,True,False,True
1609,1075,Poland,12,2024-08-28,1075,poland,12,2024-08-28,False,False,False,False,False,False,valid,YYYY-MM-DD,False,125.0,False,True,False,True
1610,1076,Poland,147,2024-02-10,1076,PL,147,2024-02-10,False,False,False,False,False,False,valid,YYYY-MM-DD,False,325.0,False,True,False,True
1611,1076,Germany,105,2023-08-27,1076,Germany,105,2023.08.27,False,False,False,False,False,False,valid,YYYY-MM-DD,False,492.0,False,True,False,True
1612,1077,Germany,424,2024-12-23,1077,GER,424,2024-12-23,False,False,False,False,False,False,valid,YYYY-MM-DD,False,8.0,False,False,False,True
1613,1077,Czech Republic,199,2023-12-09,1077,Czechia,199,2023-12-09,False,False,False,False,False,False,valid,YYYY-MM-DD,False,388.0,False,True,False,True
1614,1078,Czech Republic,411,2023-12-03,1078,CZ,411,2023-12-03,False,False,False,False,False,False,valid,YYYY-MM-DD,False,394.0,False,True,False,True
1615,1078,Poland,51,2024-01-19,1078,pl,51,2024-01-19,False,False,False,False,False,False,valid,YYYY-MM-DD,False,347.0,False,True,False,True
1616,1079,Czech Republic,105,2024-01-16,1079,czechia,105,2024-01-16,False,False,False,False,False,False,valid,YYYY-MM-DD,False,350.0,False,True,False,True
1617,1079,Germany,163,2024-09-01,1079,germany,163,2024/09/01,False,False,False,False,False,False,valid,YYYY-MM-DD,False,121.0,False,True,False,True
1618,1080,Germany,94,2023-09-09,1080,DE,94,2023-09-09,False,False,False,False,False,False,valid,YYYY-MM-DD,False,479.0,False,True,False,True
1619,1081,Germany,309,2024-10-24,1081,Deutschland,309,2024-10-24,False,False,False,False,False,False,valid,YYYY-MM-DD,False,68.0,False,False,False,True
1620,1082,Czech Republic,68,2024-12-19,1082,Czech Republic,68,2024-12-19,False,False,False,False,False,False,valid,YYYY-MM-DD,False,12.0,False,False,False,True
1621,1082,Poland,122,2024-05-09,1082,poland,122,2024-05-09,False,False,False,False,False,False,valid,YYYY-MM-DD,False,236.0,False,True,False,True
1622,1083,Czech Republic,0,2023-05-14,1083,Czechia,0,2023-05-14,False,False,False,False,True,False,valid,YYYY-MM-DD,False,597.0,False,True,False,True
1623,1083,Germany,203,2024-04-05,1083,germany,203,2024-04-05,False,False,False,False,False,False,valid,YYYY-MM-DD,False,270.0,False,True,False,True
1624,1084,Poland,94,2024-12-27,1084,POL,94,27-12-2024,False,False,False,False,False,False,valid,DD-MM-YYYY,False,4.0,False,False,False,True
1625,1084,Czech Republic,136,2023-06-09,1084,Czechia,136,2023-06-09,False,False,False,False,False,False,valid,YYYY-MM-DD,False,571.0,False,True,False,True
1626,1085,Poland,238,2024-06-08,1085,Poland,238,2024-06-08,False,False,False,False,False,False,valid,YYYY-MM-DD,False,206.0,False,True,False,True
1627,1086,Poland,450,2024-10-26,1086,pl,450,2024-10-26,False,False,False,False,False,False,valid,YYYY-MM-DD,False,66.0,False,False,False,True
1628,1086,Germany,140,2023-05-15,1086,Deutschland,140,2023-05-15,False,False,False,False,False,False,valid,YYYY-MM-DD,False,596.0,False,True,False,True
1629,1087,Poland,392,2024-05-13,1087,Poland,392,2024-05-13,False,False,False,False,False,False,valid,YYYY-MM-DD,False,232.0,False,True,False,True
1630,1088,Czech Republic,340,2024-01-12,1088,CZ,340,2024.01.12,False,False,False,False,False,False,valid,YYYY-MM-DD,False,354.0,False,True,False,True
1631,1088,Poland,211,2024-02-29,1088,PL,211,2024/02/29,False,False,False,False,False,False,valid,YYYY-MM-DD,False,306.0,False,True,False,True
1632,1089,Czech Republic,129,2023-11-15,1089,czechia,129,2023/11/15,False,False,False,False,False,False,valid,YYYY-MM-DD,False,412.0,False,True,False,True
1633,1090,Czech Republic,216,2024-11-19,1090,CZ,216,2024/11/19,False,False,False,False,False,False,valid,YYYY-MM-DD,False,42.0,False,False,False,True
1634,1091,Czech Republic,289,2023-05-23,1091,CZ,289,23-05-2023,False,False,False,False,False,False,valid,DD-MM-YYYY,False,588.0,False,True,False,True
1635,1092,Poland,183,2023-11-11,1092,Poland,183,2023-11-11,False,False,False,False,False,False,valid,YYYY-MM-DD,False,416.0,False,True,False,True
1636,1093,Germany,0,2024-10-11,1093,GER,0,11-10-2024,False,False,False,False,True,False,valid,DD-MM-YYYY,True,81.0,False,False,False,True
1637,1093,Czech Republic,54,2023-06-26,1093,czechia,54,26-06-2023,False,False,False,False,False,False,valid,DD-MM-YYYY,False,554.0,False,True,False,True
1638,1094,Poland,389,2024-05-17,1094,POL,389,2024/05/17,False,False,False,False,False,False,valid,YYYY-MM-DD,False,228.0,False,True,False,True
1639,1094,Czech Republic,312,2024-11-20,1094,czechia,312,2024.11.20,False,False,False,False,False,False,valid,YYYY-MM-DD,False,41.0,False,False,False,True
1640,1095,Czech Republic,52,2024-01-22,1095,czechia,52,2024-01-22,False,False,False,False,False,False,valid,YYYY-MM-DD,False,344.0,False,True,False,True
1641,1095,Poland,306,2024-03-28,1095,poland,306,28-03-2024,False,False,False,False,False,False,valid,DD-MM-YYYY,False,278.0,False,True,False,True
1642,1096,Poland,128,2024-09-08,1096,Poland,128,2024/09/08,False,False,False,False,False,False,valid,YYYY-MM-DD,False,114.0,False,True,False,True
1643,1096,Czech Republic,38,2024-11-13,1096,czechia,38,2024-11-13,False,False,False,False,False,False,valid,YYYY-MM-DD,False,48.0,False,False,False,True
1644,1097,Czech Republic,46,2023-08-01,1097,czechia,46,2023-08-01,False,False,False,False,False,False,valid,YYYY-MM-DD,False,518.0,False,True,False,True
1645,1097,Poland,0,2024-05-27,1097,poland,0,27-05-2024,False,False,False,False,True,False,valid,DD-MM-YYYY,False,218.0,False,True,False,True
1646,1098,Czech Republic,179,2024-02-04,1098,czechia,179,2024-02-04,False,False,False,False,False,False,valid,YYYY-MM-DD,False,331.0,False,True,False,True
1647,1098,Germany,263,2024-06-21,1098,Germany,263,2024-06-21,False,False,False,False,False,False,valid,YYYY-MM-DD,False,193.0,False,True,False,True
1648,1099,Czech Republic,0,2024-05-15,1099,CZ,0,2024-05-15,False,False,False,False,True,False,valid,YYYY-MM-DD,False,230.0,False,True,False,True
1649,1099,Poland,234,2023-06-27,1099,Polska,234,2023-06-27,False,False,False,False,False,False,valid,YYYY-MM-DD,False,553.0,False,True,False,True
1650,1100,Germany,0,2024-05-14,1100,Germany,0,2024-05-14,False,False,False,False,True,False,valid,YYYY-MM-DD,False,231.0,False,True,False,True
1651,1101,Poland,389,2024-01-09,1101,pl,389,09-01-2024,False,False,False,False,False,False,valid,DD-MM-YYYY,True,357.0,False,True,False,True
1652,1101,Czech Republic,357,2024-02-03,1101,Czech Republic,357,2024/02/03,False,False,False,False,False,False,valid,YYYY-MM-DD,False,332.0,False,True,False,True
1653,1102,Germany,207,2024-06-04,1102,DE,207,2024/06/04,False,False,False,False,False,False,valid,YYYY-MM-DD,False,210.0,False,True,False,True
1654,1102,Czech Republic,388,2024-05-22,1102,Czechia,388,2024-05-22,False,False,False,False,False,False,valid,YYYY-MM-DD,False,223.0,False,True,False,True
1655,1103,Poland,159,2024-12-11,1103,poland,159,2024-12-11,False,False,False,False,False,False,valid,YYYY-MM-DD,False,20.0,False,False,False,True
1656,1103,Germany,241,2023-10-03,1103,GER,241,2023-10-03,False,False,False,False,False,False,valid,YYYY-MM-DD,False,455.0,False,True,False,True
1657,1104,Germany,374,2023-07-19,1104,germany,374,2023-07-19,False,False,False,False,False,False,valid,YYYY-MM-DD,False,531.0,False,True,False,True
1658,1105,Germany,54,2023-08-11,1105,germany,54,2023/08/11,False,False,False,False,False,False,valid,YYYY-MM-DD,False,508.0,False,True,False,True
1659,1106,Czech Republic,64,2023-08-04,1106,czechia,64,04/08/2023,False,False,False,False,False,False,valid,DD-MM-YYYY,True,515.0,False,True,False,True
1660,1106,Germany,380,2024-05-12,1106,DE,380,2024/05/12,False,False,False,False,False,False,valid,YYYY-MM-DD,False,233.0,False,True,False,True
1661,1107,Germany,101,2024-02-18,1107,Deutschland,101,2024-02-18,False,False,False,False,False,False,valid,YYYY-MM-DD,False,317.0,False,True,False,True
1662,1107,Poland,308,2024-03-15,1107,PL,308,2024-03-15,False,False,False,False,False,False,valid,YYYY-MM-DD,False,291.0,False,True,False,True
1663,1108,Poland,175,2023-10-27,1108,poland,175,2023-10-27,False,False,False,False,False,False,valid,YYYY-MM-DD,False,431.0,False,True,False,True
1664,1109,Germany,0,2023-08-20,1109,DE,0,2023/08/20,False,False,False,False,True,False,valid,YYYY-MM-DD,False,499.0,False,True,False,True
1665,1109,Czech Republic,37,2023-08-04,1109,CZ,37,2023/08/04,False,False,False,False,False,False,valid,YYYY-MM-DD,False,515.0,False,True,False,True
1666,1110,Germany,258,2024-10-25,1110,GER,258,2024/10/25,False,False,False,False,False,False,valid,YYYY-MM-DD,False,67.0,False,False,False,True
1667,1110,Czech Republic,194,2023-09-26,1110,Czech,194,2023-09-26,False,False,False,False,False,False,valid,YYYY-MM-DD,False,462.0,False,True,False,True
1668,1111,Czech Republic,189,2024-08-16,1111,CZ,189,2024-08-16,False,False,False,False,False,False,valid,YYYY-MM-DD,False,137.0,False,True,False,True
1669,1112,Czech Republic,0,2023-11-09,1112,CZ,0,2023-11-09,False,False,False,False,True,False,valid,YYYY-MM-DD,False,418.0,False,True,False,True
1670,1113,Poland,39,2024-06-13,1113,Polska,39,2024-06-13,False,False,False,False,False,False,valid,YYYY-MM-DD,False,201.0,False,True,False,True
1671,1114,Germany,308,2024-03-23,1114,germany,308,2024-03-23,False,False,False,False,False,False,valid,YYYY-MM-DD,False,283.0,False,True,False,True
1672,1115,Germany,195,2024-07-23,1115,germany,195,23-07-2024,False,False,False,False,False,False,valid,DD-MM-YYYY,False,161.0,False,True,False,True
1673,1116,Poland,389,2024-06-28,1116,poland,389,2024-06-28,False,False,False,False,False,False,valid,YYYY-MM-DD,False,186.0,False,True,False,True
1674,1117,Poland,360,2024-07-08,1117,pl,360,08-07-2024,False,False,False,False,False,False,valid,DD-MM-YYYY,True,176.0,False,True,False,True
1675,1118,Poland,0,2024-04-07,1118,pl,0,2024-04-07,False,False,False,False,True,False,valid,YYYY-MM-DD,False,268.0,False,True,False,True
1676,1118,Czech Republic,232,2023-06-14,1118,czechia,232,2023.06.14,False,False,False,False,False,False,valid,YYYY-MM-DD,False,566.0,False,True,False,True
1677,1119,Poland,177,2024-04-18,1119,poland,177,2024-04-18,False,False,False,False,False,False,valid,YYYY-MM-DD,False,257.0,False,True,False,True
1678,1120,Germany,94,2024-10-02,1120,Deutschland,94,2024-10-02,False,False,False,False,False,False,valid,YYYY-MM-DD,False,90.0,False,False,False,True
1679,1120,Czech Republic,102,2024-01-06,1120,Czech Republic,102,06-01-2024,False,False,False,False,False,False,valid,DD-MM-YYYY,True,360.0,False,True,False,True
1680,1121,Poland,192,2023-05-16,1121,Polska,192,2023-05-16,False,False,False,False,False,False,valid,YYYY-MM-DD,False,595.0,False,True,False,True
1681,1121,Czech Republic,265,2024-05-19,1121,czechia,265,2024/05/19,False,False,False,False,False,False,valid,YYYY-MM-DD,False,226.0,False,True,False,True
1682,1122,Czech Republic,391,2023-06-28,1122,czechia,391,2023-06-28,False,False,False,False,False,False,valid,YYYY-MM-DD,False,552.0,False,True,False,True
1683,1122,Germany,290,2024-01-01,1122,germany,290,2024/01/01,False,False,False,False,False,False,valid,YYYY-MM-DD,False,365.0,False,True,False,True
1684,1123,Czech Republic,295,2024-11-20,1123,czechia,295,2024-11-20,False,False,False,False,False,False,valid,YYYY-MM-DD,False,41.0,False,False,False,True
1685,1124,Germany,163,2024-07-20,1124,Deutschland,163,2024-07-20,False,False,False,False,False,False,valid,YYYY-MM-DD,False,164.0,False,True,False,True
1686,1124,Poland,114,2024-01-01,1124,POL,114,2024-01-01,False,False,False,False,False,False,valid,YYYY-MM-DD,False,365.0,False,True,False,True
1687,1125,Germany,198,2024-03-11,1125,GER,198,2024-03-11,False,False,False,False,False,False,valid,YYYY-MM-DD,False,295.0,False,True,False,True
1688,1126,Poland,186,2024-09-30,1126,pl,186,2024.09.30,False,False,False,False,False,False,valid,YYYY-MM-DD,False,92.0,False,True,False,True
1689,1126,Germany,282,2024-10-31,1126,Germany,282,2024-10-31,False,False,False,False,False,False,valid,YYYY-MM-DD,False,61.0,False,False,False,True
1690,1127,Poland,277,2024-03-05,1127,POL,277,2024/03/05,False,False,False,False,False,False,valid,YYYY-MM-DD,False,301.0,False,True,False,True
1691,1128,Germany,407,2023-09-04,1128,germany,407,04-09-2023,False,False,False,False,False,False,valid,DD-MM-YYYY,True,484.0,False,True,False,True
1692,1128,Poland,92,2024-12-23,1128,POL,92,23-12-2024,False,False,False,False,False,False,valid,DD-MM-YYYY,False,8.0,False,False,False,True
1693,1129,Germany,192,2024-01-28,1129,germany,192,2024/01/28,False,False,False,False,False,False,valid,YYYY-MM-DD,False,338.0,False,True,False,True
1694,1130,Poland,158,2024-09-04,1130,POL,158,2024/09/04,False,False,False,False,False,False,valid,YYYY-MM-DD,False,118.0,False,True,False,True
1695,1130,Czech Republic,231,2024-06-27,1130,Czech,231,2024-06-27,False,False,False,False,False,False,valid,YYYY-MM-DD,False,187.0,False,True,False,True
1696,1131,Germany,98,2024-03-23,1131,Germany,98,2024-03-23,False,False,False,False,False,False,valid,YYYY-MM-DD,False,283.0,False,True,False,True
1697,1131,Poland,70,2023-12-22,1131,poland,70,2023-12-22,False,False,False,False,False,False,valid,YYYY-MM-DD,False,375.0,False,True,False,True
1698,1132,Germany,35,2024-02-24,1132,germany,35,2024/02/24,False,False,False,False,False,False,valid,YYYY-MM-DD,False,311.0,False,True,False,True
1699,1132,Czech Republic,553,2024-11-30,1132,czechia,553,2024-11-30,False,False,False,False,False,False,valid,YYYY-MM-DD,False,31.0,False,False,False,True
1700,1133,Czech Republic,271,2024-03-09,1133,czechia,271,2024-03-09,False,False,False,False,False,False,valid,YYYY-MM-DD,False,297.0,False,True,False,True
1701,1133,Germany,148,2024-04-11,1133,DE,148,2024-04-11,False,False,False,False,False,False,valid,YYYY-MM-DD,False,264.0,False,True,False,True
1702,1134,Poland,256,2024-05-03,1134,POL,256,2024-05-03,False,False,False,False,False,False,valid,YYYY-MM-DD,False,242.0,False,True,False,True
1703,1135,Czech Republic,326,2023-10-05,1135,Czech Republic,326,2023-10-05,False,False,False,False,False,False,valid,YYYY-MM-DD,False,453.0,False,True,False,True
1704,1136,Poland,221,2023-09-21,1136,Polska,221,2023-09-21,False,False,False,False,False,False,valid,YYYY-MM-DD,False,467.0,False,True,False,True
1705,1137,Poland,529,2023-09-01,1137,pl,529,2023-09-01,False,False,False,False,False,False,valid,YYYY-MM-DD,False,487.0,False,True,False,True
1706,1137,Germany,113,2024-05-03,1137,Deutschland,113,2024-05-03,False,False,False,False,False,False,valid,YYYY-MM-DD,False,242.0,False,True,False,True
1707,1138,Germany,353,2023-09-10,1138,germany,353,2023-09-10,False,False,False,False,False,False,valid,YYYY-MM-DD,False,478.0,False,True,False,True
1708,1139,Germany,15,2024-06-14,1139,Germany,15,2024/06/14,False,False,False,False,False,False,valid,YYYY-MM-DD,False,200.0,False,True,False,True
1709,1140,Czech Republic,153,2024-11-22,1140,Czech Republic,153,22-11-2024,False,False,False,False,False,False,valid,DD-MM-YYYY,False,39.0,False,False,False,True
1710,1141,Germany,82,2024-07-23,1141,DE,82,2024-07-23,False,False,False,False,False,False,valid,YYYY-MM-DD,False,161.0,False,True,False,True
1711,1141,Poland,195,2023-05-31,1141,poland,195,2023-05-31,False,False,False,False,False,False,valid,YYYY-MM-DD,False,580.0,False,True,False,True
1712,1142,Poland,0,2023-06-07,1142,Poland,0,2023-06-07,False,False,False,False,True,False,valid,YYYY-MM-DD,False,573.0,False,True,False,True
1713,1143,Germany,144,2023-09-01,1143,DE,144,2023.09.01,False,False,False,False,False,False,valid,YYYY-MM-DD,False,487.0,False,True,False,True
1714,1144,Germany,286,2024-04-02,1144,Germany,286,02-04-2024,False,False,False,False,False,False,valid,DD-MM-YYYY,True,273.0,False,True,False,True
1715,1144,Poland,113,2024-06-13,1144,pl,113,2024-06-13,False,False,False,False,False,False,valid,YYYY-MM-DD,False,201.0,False,True,False,True
1716,1145,Czech Republic,87,2023-08-06,1145,Czechia,87,2023/08/06,False,False,False,False,False,False,valid,YYYY-MM-DD,False,513.0,False,True,False,True
1717,1145,Germany,0,2024-08-15,1145,DE,0,2024-08-15,False,False,False,False,True,False,valid,YYYY-MM-DD,False,138.0,False,True,False,True
1718,1146,Poland,149,2023-08-07,1146,PL,149,2023-08-07,False,False,False,False,False,False,valid,YYYY-MM-DD,False,512.0,False,True,False,True
1719,1147,Poland,245,2024-06-21,1147,Polska,245,2024-06-21,False,False,False,False,False,False,valid,YYYY-MM-DD,False,193.0,False,True,False,True
1720,1148,Germany,197,2024-03-09,1148,Deutschland,197,2024/03/09,False,False,False,False,False,False,valid,YYYY-MM-DD,False,297.0,False,True,False,True
1721,1148,Czech Republic,249,2023-05-31,1148,Czech Republic,249,2023-05-31,False,False,False,False,False,False,valid,YYYY-MM-DD,False,580.0,False,True,False,True
1722,1149,Germany,241,2023-11-25,1149,Deutschland,241,2023/11/25,False,False,False,False,False,False,valid,YYYY-MM-DD,False,402.0,False,True,False,True
1723,1149,Czech Republic,119,2023-07-30,1149,Czech Republic,119,2023-07-30,False,False,False,False,False,False,valid,YYYY-MM-DD,False,520.0,False,True,False,True
1724,1150,Poland,192,2024-03-24,1150,Poland,192,2024-03-24,False,False,False,False,False,False,valid,YYYY-MM-DD,False,282.0,False,True,False,True
1725,1150,Czech Republic,199,2024-06-28,1150,Czech,199,2024-06-28,False,False,False,False,False,False,valid,YYYY-MM-DD,False,186.0,False,True,False,True
1726,1151,Poland,151,2023-10-11,1151,Poland,151,2023-10-11,False,False,False,False,False,False,valid,YYYY-MM-DD,False,447.0,False,True,False,True
1727,1151,Czech Republic,265,2023-06-05,1151,Czechia,265,2023-06-05,False,False,False,False,False,False,valid,YYYY-MM-DD,False,575.0,False,True,False,True
1728,1152,Czech Republic,304,2024-10-19,1152,Czech,304,2024-10-19,False,False,False,False,False,False,valid,YYYY-MM-DD,False,73.0,False,False,False,True
1729,1152,Germany,173,2023-06-22,1152,germany,173,2023.06.22,False,False,False,False,False,False,valid,YYYY-MM-DD,False,558.0,False,True,False,True
1730,1153,Poland,215,2024-04-03,1153,poland,215,2024-04-03,False,False,False,False,False,False,valid,YYYY-MM-DD,False,272.0,False,True,False,True
1731,1154,Czech Republic,239,2024-04-08,1154,Czechia,239,2024-04-08,False,False,False,False,False,False,valid,YYYY-MM-DD,False,267.0,False,True,False,True
1732,1154,Germany,196,2023-09-19,1154,germany,196,19-09-2023,False,False,False,False,False,False,valid,DD-MM-YYYY,False,469.0,False,True,False,True
1733,1155,Poland,215,2024-12-05,1155,Polska,215,2024-12-05,False,False,False,False,False,False,valid,YYYY-MM-DD,False,26.0,False,False,False,True
1734,1155,Czech Republic,153,2024-06-03,1155,czechia,153,2024-06-03,False,False,False,False,False,False,valid,YYYY-MM-DD,False,211.0,False,True,False,True
1735,1156,Germany,68,2024-03-22,1156,Germany,68,22/03/2024,False,False,False,False,False,False,valid,DD-MM-YYYY,False,284.0,False,True,False,True
1736,1157,Poland,267,2024-04-26,1157,Polska,267,2024-04-26,False,False,False,False,False,False,valid,YYYY-MM-DD,False,249.0,False,True,False,True
1737,1158,Poland,371,2023-08-18,1158,Poland,371,2023-08-18,False,False,False,False,False,False,valid,YYYY-MM-DD,False,501.0,False,True,False,True
1738,1159,Czech Republic,392,2024-07-13,1159,czechia,392,2024-07-13,False,False,False,False,False,False,valid,YYYY-MM-DD,False,171.0,False,True,False,True
1739,1160,Poland,226,2024-03-21,1160,PL,226,2024-03-21,False,False,False,False,False,False,valid,YYYY-MM-DD,False,285.0,False,True,False,True
1740,1161,Poland,141,2024-08-05,1161,POL,141,2024-08-05,False,False,False,False,False,False,valid,YYYY-MM-DD,False,148.0,False,True,False,True
1741,1162,Poland,148,2023-06-24,1162,poland,148,2023-06-24,False,False,False,False,False,False,valid,YYYY-MM-DD,False,556.0,False,True,False,True
1742,1163,Germany,180,2024-11-15,1163,Germany,180,2024-11-15,False,False,False,False,False,False,valid,YYYY-MM-DD,False,46.0,False,False,False,True
1743,1163,Czech Republic,134,2024-04-21,1163,Czechia,134,2024-04-21,False,False,False,False,False,False,valid,YYYY-MM-DD,False,254.0,False,True,False,True
1744,1164,Poland,119,2024-03-01,1164,poland,119,2024-03-01,False,False,False,False,False,False,valid,YYYY-MM-DD,False,305.0,False,True,False,True
1745,1164,Czech Republic,306,2023-06-12,1164,Czech,306,2023/06/12,False,False,False,False,False,False,valid,YYYY-MM-DD,False,568.0,False,True,False,True
1746,1165,Poland,120,2024-11-02,1165,poland,120,2024-11-02,False,False,False,False,False,False,valid,YYYY-MM-DD,False,59.0,False,False,False,True
1747,1165,Germany,315,2024-04-05,1165,Germany,315,05-04-2024,False,False,False,False,False,False,valid,DD-MM-YYYY,True,270.0,False,True,False,True
1748,1166,Czech Republic,373,2023-05-26,1166,czechia,373,2023-05-26,False,False,False,False,False,False,valid,YYYY-MM-DD,False,585.0,False,True,False,True
1749,1166,Poland,97,2024-05-04,1166,poland,97,04-05-2024,False,False,False,False,False,False,valid,DD-MM-YYYY,True,241.0,False,True,False,True
1750,1167,Czech Republic,222,2024-07-26,1167,czechia,222,2024.07.26,False,False,False,False,False,False,valid,YYYY-MM-DD,False,158.0,False,True,False,True
1751,1167,Poland,342,2023-09-28,1167,Poland,342,2023/09/28,False,False,False,False,False,False,valid,YYYY-MM-DD,False,460.0,False,True,False,True
1752,1168,Poland,0,2024-06-20,1168,Polska,0,2024/06/20,False,False,False,False,True,False,valid,YYYY-MM-DD,False,194.0,False,True,False,True
1753,1169,Germany,236,2024-11-01,1169,germany,236,2024-11-01,False,False,False,False,False,False,valid,YYYY-MM-DD,False,60.0,False,False,False,True
1754,1169,Czech Republic,46,2023-06-12,1169,CZ,46,12-06-2023,False,False,False,False,False,False,valid,DD-MM-YYYY,True,568.0,False,True,False,True
1755,1170,Germany,205,2024-08-09,1170,GER,205,2024/08/09,False,False,False,False,False,False,valid,YYYY-MM-DD,False,144.0,False,True,False,True
1756,1171,Poland,237,2023-11-01,1171,PL,237,01-11-2023,False,False,False,False,False,False,valid,DD-MM-YYYY,True,426.0,False,True,False,True
1757,1171,Czech Republic,101,2024-12-02,1171,Czech Republic,101,2024.12.02,False,False,False,False,False,False,valid,YYYY-MM-DD,False,29.0,False,False,False,True
1758,1172,Germany,106,2023-05-27,1172,Germany,106,2023-05-27,False,False,False,False,False,False,valid,YYYY-MM-DD,False,584.0,False,True,False,True
1759,1172,Poland,55,2024-02-27,1172,POL,55,2024-02-27,False,False,False,False,False,False,valid,YYYY-MM-DD,False,308.0,False,True,False,True
1760,1173,Germany,252,2024-10-24,1173,DE,252,2024/10/24,False,False,False,False,False,False,valid,YYYY-MM-DD,False,68.0,False,False,False,True
1761,1174,Poland,136,2023-07-05,1174,POL,136,05/07/2023,False,False,False,False,False,False,valid,DD-MM-YYYY,True,545.0,False,True,False,True
1762,1175,Germany,109,2023-09-07,1175,germany,109,2023-09-07,False,False,False,False,False,False,valid,YYYY-MM-DD,False,481.0,False,True,False,True
1763,1175,Czech Republic,125,2024-08-06,1175,Czech Republic,125,2024-08-06,False,False,False,False,False,False,valid,YYYY-MM-DD,False,147.0,False,True,False,True
1764,1176,Czech Republic,285,2023-08-10,1176,Czechia,285,10-08-2023,False,False,False,False,False,False,valid,DD-MM-YYYY,True,509.0,False,True,False,True
1765,1177,Czech Republic,205,2024-06-24,1177,Czechia,205,2024/06/24,False,False,False,False,False,False,valid,YYYY-MM-DD,False,190.0,False,True,False,True
1766,1178,Czech Republic,312,2023-05-31,1178,Czechia,312,2023-05-31,False,False,False,False,False,False,valid,YYYY-MM-DD,False,580.0,False,True,False,True
1767,1178,Poland,303,2024-04-10,1178,Poland,303,2024.04.10,False,False,False,False,False,False,valid,YYYY-MM-DD,False,265.0,False,True,False,True
1768,1179,Poland,259,2024-05-14,1179,pl,259,2024-05-14,False,False,False,False,False,False,valid,YYYY-MM-DD,False,231.0,False,True,False,True
1769,1179,Germany,287,2024-09-11,1179,GER,287,2024-09-11,False,False,False,False,False,False,valid,YYYY-MM-DD,False,111.0,False,True,False,True
1770,1180,Czech Republic,224,2023-09-04,1180,CZ,224,2023.09.04,False,False,False,False,False,False,valid,YYYY-MM-DD,False,484.0,False,True,False,True
1771,1181,Czech Republic,0,2024-01-16,1181,Czechia,0,2024-01-16,False,False,False,False,True,False,valid,YYYY-MM-DD,False,350.0,False,True,False,True
1772,1182,Czech Republic,82,2023-08-20,1182,Czechia,82,2023/08/20,False,False,False,False,False,False,valid,YYYY-MM-DD,False,499.0,False,True,False,True
1773,1183,Poland,189,2023-06-25,1183,pl,189,2023-06-25,False,False,False,False,False,False,valid,YYYY-MM-DD,False,555.0,False,True,False,True
1774,1183,Germany,203,2024-08-29,1183,germany,203,2024-08-29,False,False,False,False,False,False,valid,YYYY-MM-DD,False,124.0,False,True,False,True
1775,1184,Germany,498,2024-01-11,1184,germany,498,2024-01-11,False,False,False,False,False,False,valid,YYYY-MM-DD,False,355.0,False,True,False,True
1776,1184,Czech Republic,0,2024-02-24,1184,Czech Republic,0,2024-02-24,False,False,False,False,True,False,valid,YYYY-MM-DD,False,311.0,False,True,False,True
1777,1185,Germany,42,2024-01-25,1185,GER,42,2024-01-25,False,False,False,False,False,False,valid,YYYY-MM-DD,False,341.0,False,True,False,True
1778,1186,Poland,527,2024-10-21,1186,pl,527,2024-10-21,False,False,False,False,False,False,valid,YYYY-MM-DD,False,71.0,False,False,False,True
1779,1186,Czech Republic,44,2024-05-28,1186,Czech,44,2024-05-28,False,False,False,False,False,False,valid,YYYY-MM-DD,False,217.0,False,True,False,True
1780,1187,Germany,50,2024-05-25,1187,DE,50,2024-05-25,False,False,False,False,False,False,valid,YYYY-MM-DD,False,220.0,False,True,False,True
1781,1188,Czech Republic,0,2023-06-21,1188,CZ,0,2023/06/21,False,False,False,False,True,False,valid,YYYY-MM-DD,False,559.0,False,True,False,True
1782,1188,Germany,0,2023-08-15,1188,Deutschland,0,2023.08.15,False,False,False,False,True,False,valid,YYYY-MM-DD,False,504.0,False,True,False,True
1783,1189,Germany,230,2024-03-06,1189,GER,230,2024-03-06,False,False,False,False,False,False,valid,YYYY-MM-DD,False,300.0,False,True,False,True
1784,1190,Czech Republic,109,2024-12-23,1190,CZ,109,2024-12-23,False,False,False,False,False,False,valid,YYYY-MM-DD,False,8.0,False,False,False,True
1785,1190,Poland,303,2024-01-25,1190,Poland,303,2024-01-25,False,False,False,False,False,False,valid,YYYY-MM-DD,False,341.0,False,True,False,True
1786,1191,Germany,157,2023-06-13,1191,Deutschland,157,2023-06-13,False,False,False,False,False,False,valid,YYYY-MM-DD,False,567.0,False,True,False,True
1787,1191,Poland,381,2024-11-15,1191,Poland,381,15-11-2024,False,False,False,False,False,False,valid,DD-MM-YYYY,False,46.0,False,False,False,True
1788,1192,Poland,260,2023-10-08,1192,Polska,260,2023-10-08,False,False,False,False,False,False,valid,YYYY-MM-DD,False,450.0,False,True,False,True
1789,1193,Czech Republic,116,2023-09-03,1193,Czech Republic,116,2023/09/03,False,False,False,False,False,False,valid,YYYY-MM-DD,False,485.0,False,True,False,True
1790,1194,Germany,292,2024-07-17,1194,Germany,292,17-07-2024,False,False,False,False,False,False,valid,DD-MM-YYYY,False,167.0,False,True,False,True
1791,1195,Poland,293,2024-02-20,1195,Polska,293,2024/02/20,False,False,False,False,False,False,valid,YYYY-MM-DD,False,315.0,False,True,False,True
1792,1195,Czech Republic,0,2024-01-03,1195,czechia,0,2024-01-03,False,False,False,False,True,False,valid,YYYY-MM-DD,False,363.0,False,True,False,True
1793,1196,Poland,201,2024-09-13,1196,pl,201,2024-09-13,False,False,False,False,False,False,valid,YYYY-MM-DD,False,109.0,False,True,False,True
1794,1197,Czech Republic,0,2023-12-21,1197,Czech,0,2023/12/21,False,False,False,False,True,False,valid,YYYY-MM-DD,False,376.0,False,True,False,True
1795,1197,Germany,203,2023-05-28,1197,GER,203,2023-05-28,False,False,False,False,False,False,valid,YYYY-MM-DD,False,583.0,False,True,False,True
1796,1198,Czech Republic,567,2023-05-25,1198,Czechia,567,2023/05/25,False,False,False,False,False,False,valid,YYYY-MM-DD,False,586.0,False,True,False,True
1797,1199,Germany,111,2023-09-01,1199,Deutschland,111,01-09-2023,False,False,False,False,False,False,valid,DD-MM-YYYY,True,487.0,False,True,False,True
1798,1199,Czech Republic,224,2024-05-05,1199,CZ,224,2024/05/05,False,False,False,False,False,False,valid,YYYY-MM-DD,False,240.0,False,True,False,True
1799,1200,Poland,32,2024-08-28,1200,POL,32,2024/08/28,False,False,False,False,False,False,valid,YYYY-MM-DD,False,125.0,False,True,False,True
1800,1201,Czech Republic,164,2024-03-18,1201,Czechia,164,2024-03-18,False,False,False,False,False,False,valid,YYYY-MM-DD,False,288.0,False,True,False,True
1801,1201,Poland,107,2024-09-13,1201,PL,107,2024-09-13,False,False,False,False,False,False,valid,YYYY-MM-DD,False,109.0,False,True,False,True
1802,1202,Germany,250,2024-04-09,1202,GER,250,09-04-2024,False,False,False,False,False,False,valid,DD-MM-YYYY,True,266.0,False,True,False,True
1803,1202,Czech Republic,0,2024-04-05,1202,Czech,0,2024-04-05,False,False,False,False,True,False,valid,YYYY-MM-DD,False,270.0,False,True,False,True
1804,1203,Poland,29,2023-09-21,1203,pl,29,2023/09/21,False,False,False,False,False,False,valid,YYYY-MM-DD,False,467.0,False,True,False,True
1805,1204,Poland,0,2024-03-15,1204,Poland,0,2024-03-15,False,False,False,False,True,False,valid,YYYY-MM-DD,False,291.0,False,True,False,True
1806,1204,Germany,121,2024-06-26,1204,Germany,121,2024/06/26,False,False,False,False,False,False,valid,YYYY-MM-DD,False,188.0,False,True,False,True
1807,1205,Czech Republic,202,2024-05-26,1205,CZ,202,26-05-2024,False,False,False,False,False,False,valid,DD-MM-YYYY,False,219.0,False,True,False,True
1808,1206,Germany,136,2024-05-25,1206,germany,136,2024-05-25,False,False,False,False,False,False,valid,YYYY-MM-DD,False,220.0,False,True,False,True
1809,1206,Czech Republic,141,2024-01-31,1206,Czech,141,31-01-2024,False,False,False,False,False,False,valid,DD-MM-YYYY,False,335.0,False,True,False,True
1810,1207,Germany,331,2024-09-30,1207,germany,331,2024-09-30,False,False,False,False,False,False,valid,YYYY-MM-DD,False,92.0,False,True,False,True
1811,1208,Czech Republic,16,2024-07-22,1208,Czechia,16,2024-07-22,False,False,False,False,False,False,valid,YYYY-MM-DD,False,162.0,False,True,False,True
1812,1209,Czech Republic,268,2024-09-22,1209,Czech Republic,268,22-09-2024,False,False,False,False,False,False,valid,DD-MM-YYYY,False,100.0,False,True,False,True
1813,1209,Germany,204,2023-10-27,1209,Germany,204,2023-10-27,False,False,False,False,False,False,valid,YYYY-MM-DD,False,431.0,False,True,False,True
1814,1210,Poland,38,2023-10-13,1210,pl,38,2023-10-13,False,False,False,False,False,False,valid,YYYY-MM-DD,False,445.0,False,True,False,True
1815,1211,Czech Republic,288,2024-11-24,1211,Czech,288,24-11-2024,False,False,False,False,False,False,valid,DD-MM-YYYY,False,37.0,False,False,False,True
1816,1211,Poland,153,2024-02-26,1211,pl,153,2024-02-26,False,False,False,False,False,False,valid,YYYY-MM-DD,False,309.0,False,True,False,True
1817,1212,Czech Republic,300,2023-11-16,1212,czechia,300,2023-11-16,False,False,False,False,False,False,valid,YYYY-MM-DD,False,411.0,False,True,False,True
1818,1212,Poland,306,2024-10-06,1212,pl,306,2024-10-06,False,False,False,False,False,False,valid,YYYY-MM-DD,False,86.0,False,False,False,True
1819,1213,Czech Republic,152,2024-11-19,1213,czechia,152,2024/11/19,False,False,False,False,False,False,valid,YYYY-MM-DD,False,42.0,False,False,False,True
1820,1214,Germany,203,2023-06-06,1214,Germany,203,06-06-2023,False,False,False,False,False,False,valid,DD-MM-YYYY,True,574.0,False,True,False,True
1821,1215,Germany,268,2023-10-25,1215,Germany,268,2023-10-25,False,False,False,False,False,False,valid,YYYY-MM-DD,False,433.0,False,True,False,True
1822,1216,Germany,193,2024-01-18,1216,germany,193,18-01-2024,False,False,False,False,False,False,valid,DD-MM-YYYY,False,348.0,False,True,False,True
1823,1217,Poland,213,2023-06-13,1217,poland,213,2023-06-13,False,False,False,False,False,False,valid,YYYY-MM-DD,False,567.0,False,True,False,True
1824,1217,Germany,160,2023-06-14,1217,Deutschland,160,2023-06-14,False,False,False,False,False,False,valid,YYYY-MM-DD,False,566.0,False,True,False,True
1825,1218,Poland,98,2023-09-10,1218,Poland,98,2023-09-10,False,False,False,False,False,False,valid,YYYY-MM-DD,False,478.0,False,True,False,True
1826,1219,Czech Republic,254,2024-11-12,1219,Czechia,254,2024-11-12,False,False,False,False,False,False,valid,YYYY-MM-DD,False,49.0,False,False,False,True
1827,1220,Czech Republic,255,2023-07-22,1220,czechia,255,2023.07.22,False,False,False,False,False,False,valid,YYYY-MM-DD,False,528.0,False,True,False,True
1828,1221,Poland,53,2023-07-20,1221,Polska,53,2023-07-20,False,False,False,False,False,False,valid,YYYY-MM-DD,False,530.0,False,True,False,True
1829,1221,Czech Republic,227,2023-08-05,1221,czechia,227,05-08-2023,False,False,False,False,False,False,valid,DD-MM-YYYY,True,514.0,False,True,False,True
1830,1222,Poland,168,2024-04-24,1222,pl,168,2024-04-24,False,False,False,False,False,False,valid,YYYY-MM-DD,False,251.0,False,True,False,True
1831,1223,Poland,166,2024-12-31,1223,Poland,166,2024-12-31,False,False,False,False,False,False,valid,YYYY-MM-DD,False,0.0,False,False,False,True
1832,1224,Germany,171,2024-08-28,1224,Germany,171,28-08-2024,False,False,False,False,False,False,valid,DD-MM-YYYY,False,125.0,False,True,False,True
1833,1224,Czech Republic,194,2024-11-17,1224,Czech Republic,194,17-11-2024,False,False,False,False,False,False,valid,DD-MM-YYYY,False,44.0,False,False,False,True
1834,1225,Czech Republic,159,2024-08-06,1225,Czech,159,06-08-2024,False,False,False,False,False,False,valid,DD-MM-YYYY,True,147.0,False,True,False,True
1835,1225,Germany,159,2024-05-15,1225,DE,159,15-05-2024,False,False,False,False,False,False,valid,DD-MM-YYYY,False,230.0,False,True,False,True
1836,1226,Germany,152,2024-08-02,1226,Deutschland,152,2024/08/02,False,False,False,False,False,False,valid,YYYY-MM-DD,False,151.0,False,True,False,True
1837,1227,Germany,180,2024-04-27,1227,GER,180,2024/04/27,False,False,False,False,False,False,valid,YYYY-MM-DD,False,248.0,False,True,False,True
1838,1228,Czech Republic,289,2023-11-11,1228,czechia,289,2023-11-11,False,False,False,False,False,False,valid,YYYY-MM-DD,False,416.0,False,True,False,True
1839,1229,Poland,0,2024-12-06,1229,Polska,0,2024-12-06,False,False,False,False,True,False,valid,YYYY-MM-DD,False,25.0,False,False,False,True
1840,1230,Germany,319,2023-08-15,1230,DE,319,2023-08-15,False,False,False,False,False,False,valid,YYYY-MM-DD,False,504.0,False,True,False,True
1841,1230,Czech Republic,51,2023-07-04,1230,CZ,51,2023-07-04,False,False,False,False,False,False,valid,YYYY-MM-DD,False,546.0,False,True,False,True
1842,1231,Germany,314,2023-05-29,1231,germany,314,2023-05-29,False,False,False,False,False,False,valid,YYYY-MM-DD,False,582.0,False,True,False,True
1843,1232,Poland,277,2023-11-16,1232,Polska,277,2023/11/16,False,False,False,False,False,False,valid,YYYY-MM-DD,False,411.0,False,True,False,True
1844,1233,Germany,66,2024-10-28,1233,germany,66,2024-10-28,False,False,False,False,False,False,valid,YYYY-MM-DD,False,64.0,False,False,False,True
1845,1234,Germany,375,2024-12-10,1234,germany,375,2024-12-10,False,False,False,False,False,False,valid,YYYY-MM-DD,False,21.0,False,False,False,True
1846,1235,Poland,378,2023-10-22,1235,POL,378,2023-10-22,False,False,False,False,False,False,valid,YYYY-MM-DD,False,436.0,False,True,False,True
1847,1236,Czech Republic,262,2024-07-27,1236,czechia,262,2024-07-27,False,False,False,False,False,False,valid,YYYY-MM-DD,False,157.0,False,True,False,True
1848,1237,Germany,361,2023-06-26,1237,GER,361,26/06/2023,False,False,False,False,False,False,valid,DD-MM-YYYY,False,554.0,False,True,False,True
1849,1238,Czech Republic,226,2024-01-12,1238,Czech,226,2024-01-12,False,False,False,False,False,False,valid,YYYY-MM-DD,False,354.0,False,True,False,True
1850,1239,Poland,218,2024-10-04,1239,POL,218,2024/10/04,False,False,False,False,False,False,valid,YYYY-MM-DD,False,88.0,False,False,False,True
1851,1240,Czech Republic,289,2024-01-24,1240,CZ,289,2024-01-24,False,False,False,False,False,False,valid,YYYY-MM-DD,False,342.0,False,True,False,True
1852,1241,Czech Republic,256,2023-08-25,1241,czechia,256,2023-08-25,False,False,False,False,False,False,valid,YYYY-MM-DD,False,494.0,False,True,False,True
1853,1241,Germany,213,2024-06-13,1241,germany,213,2024-06-13,False,False,False,False,False,False,valid,YYYY-MM-DD,False,201.0,False,True,False,True
1854,1242,Germany,137,2024-05-27,1242,GER,137,27-05-2024,False,False,False,False,False,False,valid,DD-MM-YYYY,False,218.0,False,True,False,True
1855,1242,Czech Republic,128,2024-07-06,1242,CZ,128,06-07-2024,False,False,False,False,False,False,valid,DD-MM-YYYY,True,178.0,False,True,False,True
1856,1243,Germany,80,2024-11-21,1243,GER,80,2024-11-21,False,False,False,False,False,False,valid,YYYY-MM-DD,False,40.0,False,False,False,True
1857,1243,Poland,125,2024-12-08,1243,PL,125,2024/12/08,False,False,False,False,False,False,valid,YYYY-MM-DD,False,23.0,False,False,False,True
1858,1244,Germany,464,2023-07-24,1244,DE,464,2023-07-24,False,False,False,False,False,False,valid,YYYY-MM-DD,False,526.0,False,True,False,True
1859,1245,Poland,191,2023-10-03,1245,Poland,191,03-10-2023,False,False,False,False,False,False,valid,DD-MM-YYYY,True,455.0,False,True,False,True
1860,1246,Poland,276,2023-07-08,1246,poland,276,2023-07-08,False,False,False,False,False,False,valid,YYYY-MM-DD,False,542.0,False,True,False,True
1861,1247,Germany,213,2024-12-11,1247,Germany,213,2024.12.11,False,False,False,False,False,False,valid,YYYY-MM-DD,False,20.0,False,False,False,True
1862,1248,Czech Republic,196,2024-01-25,1248,Czechia,196,2024-01-25,False,False,False,False,False,False,valid,YYYY-MM-DD,False,341.0,False,True,False,True
1863,1248,Germany,380,2023-08-15,1248,DE,380,15-08-2023,False,False,False,False,False,False,valid,DD-MM-YYYY,False,504.0,False,True,False,True
1864,1249,Poland,160,2023-11-28,1249,Poland,160,2023/11/28,False,False,False,False,False,False,valid,YYYY-MM-DD,False,399.0,False,True,False,True
1865,1249,Czech Republic,71,2024-01-29,1249,czechia,71,2024-01-29,False,False,False,False,False,False,valid,YYYY-MM-DD,False,337.0,False,True,False,True
1866,1250,Poland,12,2023-10-12,1250,Poland,12,2023/10/12,False,False,False,False,False,False,valid,YYYY-MM-DD,False,446.0,False,True,False,True
1867,1250,Czech Republic,269,2024-09-23,1250,Czech,269,2024-09-23,False,False,False,False,False,False,valid,YYYY-MM-DD,False,99.0,False,True,False,True
1868,1251,Poland,334,2023-08-09,1251,pl,334,09-08-2023,False,False,False,False,False,False,valid,DD-MM-YYYY,True,510.0,False,True,False,True
1869,1251,Germany,153,2023-11-29,1251,Deutschland,153,2023-11-29,False,False,False,False,False,False,valid,YYYY-MM-DD,False,398.0,False,True,False,True
1870,1252,Czech Republic,246,2024-12-01,1252,Czech Republic,246,2024-12-01,False,False,False,False,False,False,valid,YYYY-MM-DD,False,30.0,False,False,False,True
1871,1252,Poland,203,2023-09-16,1252,PL,203,16-09-2023,False,False,False,False,False,False,valid,DD-MM-YYYY,False,472.0,False,True,False,True
1872,1253,Czech Republic,239,2024-12-01,1253,Czechia,239,2024-12-01,False,False,False,False,False,False,valid,YYYY-MM-DD,False,30.0,False,False,False,True
1873,1254,Czech Republic,199,2023-09-04,1254,czechia,199,2023/09/04,False,False,False,False,False,False,valid,YYYY-MM-DD,False,484.0,False,True,False,True
1874,1255,Germany,223,2024-10-07,1255,Deutschland,223,2024-10-07,False,False,False,False,False,False,valid,YYYY-MM-DD,False,85.0,False,False,False,True
1875,1256,Czech Republic,200,2024-05-26,1256,Czechia,200,2024.05.26,False,False,False,False,False,False,valid,YYYY-MM-DD,False,219.0,False,True,False,True
1876,1256,Poland,363,2024-09-02,1256,pl,363,2024-09-02,False,False,False,False,False,False,valid,YYYY-MM-DD,False,120.0,False,True,False,True
1877,1257,Poland,163,2023-10-12,1257,Poland,163,2023/10/12,False,False,False,False,False,False,valid,YYYY-MM-DD,False,446.0,False,True,False,True
1878,1257,Germany,68,2024-08-07,1257,DE,68,2024-08-07,False,False,False,False,False,False,valid,YYYY-MM-DD,False,146.0,False,True,False,True
1879,1258,Poland,111,2024-09-07,1258,POL,111,2024-09-07,False,False,False,False,False,False,valid,YYYY-MM-DD,False,115.0,False,True,False,True
1880,1259,Germany,122,2024-06-22,1259,germany,122,2024-06-22,False,False,False,False,False,False,valid,YYYY-MM-DD,False,192.0,False,True,False,True
1881,1259,Czech Republic,355,2023-09-09,1259,Czech Republic,355,2023/09/09,False,False,False,False,False,False,valid,YYYY-MM-DD,False,479.0,False,True,False,True
1882,1260,Czech Republic,286,2024-06-26,1260,CZ,286,2024-06-26,False,False,False,False,False,False,valid,YYYY-MM-DD,False,188.0,False,True,False,True
1883,1260,Germany,154,2024-04-07,1260,Germany,154,2024-04-07,False,False,False,False,False,False,valid,YYYY-MM-DD,False,268.0,False,True,False,True
1884,1261,Czech Republic,149,2023-05-13,1261,Czechia,149,2023.05.13,False,False,False,False,False,False,valid,YYYY-MM-DD,False,598.0,False,True,False,True
1885,1261,Poland,101,2024-06-12,1261,Poland,101,2024-06-12,False,False,False,False,False,False,valid,YYYY-MM-DD,False,202.0,False,True,False,True
1886,1262,Poland,346,2024-02-21,1262,pl,346,2024-02-21,False,False,False,False,False,False,valid,YYYY-MM-DD,False,314.0,False,True,False,True
1887,1263,Czech Republic,273,2023-11-27,1263,Czech,273,2023-11-27,False,False,False,False,False,False,valid,YYYY-MM-DD,False,400.0,False,True,False,True
1888,1264,Germany,211,2024-06-15,1264,Germany,211,2024-06-15,False,False,False,False,False,False,valid,YYYY-MM-DD,False,199.0,False,True,False,True
1889,1265,Czech Republic,123,2024-03-03,1265,czechia,123,2024-03-03,False,False,False,False,False,False,valid,YYYY-MM-DD,False,303.0,False,True,False,True
1890,1265,Poland,372,2024-04-06,1265,POL,372,2024/04/06,False,False,False,False,False,False,valid,YYYY-MM-DD,False,269.0,False,True,False,True
1891,1266,Czech Republic,278,2024-12-18,1266,Czechia,278,2024-12-18,False,False,False,False,False,False,valid,YYYY-MM-DD,False,13.0,False,False,False,True
1892,1267,Poland,386,2024-11-19,1267,poland,386,2024-11-19,False,False,False,False,False,False,valid,YYYY-MM-DD,False,42.0,False,False,False,True
1893,1267,Germany,255,2023-08-14,1267,Deutschland,255,2023-08-14,False,False,False,False,False,False,valid,YYYY-MM-DD,False,505.0,False,True,False,True
1894,1268,Germany,0,2024-01-22,1268,GER,0,2024-01-22,False,False,False,False,True,False,valid,YYYY-MM-DD,False,344.0,False,True,False,True
1895,1268,Poland,141,2024-02-28,1268,pl,141,2024/02/28,False,False,False,False,False,False,valid,YYYY-MM-DD,False,307.0,False,True,False,True
1896,1269,Czech Republic,234,2024-04-17,1269,Czech,234,2024-04-17,False,False,False,False,False,False,valid,YYYY-MM-DD,False,258.0,False,True,False,True
1897,1269,Germany,218,2024-11-12,1269,germany,218,2024-11-12,False,False,False,False,False,False,valid,YYYY-MM-DD,False,49.0,False,False,False,True
1898,1270,Czech Republic,260,2024-12-05,1270,Czech Republic,260,05-12-2024,False,False,False,False,False,False,valid,DD-MM-YYYY,True,26.0,False,False,False,True
1899,1270,Poland,410,2023-11-18,1270,Poland,410,2023-11-18,False,False,False,False,False,False,valid,YYYY-MM-DD,False,409.0,False,True,False,True
1900,1271,Czech Republic,215,2024-04-24,1271,Czech Republic,215,2024/04/24,False,False,False,False,False,False,valid,YYYY-MM-DD,False,251.0,False,True,False,True
1901,1271,Poland,226,2023-07-25,1271,POL,226,2023.07.25,False,False,False,False,False,False,valid,YYYY-MM-DD,False,525.0,False,True,False,True
1902,1272,Czech Republic,133,2024-06-02,1272,Czechia,133,2024-06-02,False,False,False,False,False,False,valid,YYYY-MM-DD,False,212.0,False,True,False,True
1903,1272,Poland,361,2024-03-08,1272,PL,361,2024-03-08,False,False,False,False,False,False,valid,YYYY-MM-DD,False,298.0,False,True,False,True
1904,1273,Czech Republic,295,2024-09-11,1273,CZ,295,2024-09-11,False,False,False,False,False,False,valid,YYYY-MM-DD,False,111.0,False,True,False,True
1905,1274,Czech Republic,195,2024-10-20,1274,Czechia,195,2024-10-20,False,False,False,False,False,False,valid,YYYY-MM-DD,False,72.0,False,False,False,True
1906,1274,Germany,157,2023-09-23,1274,GER,157,2023-09-23,False,False,False,False,False,False,valid,YYYY-MM-DD,False,465.0,False,True,False,True
1907,1275,Germany,0,2024-07-21,1275,Deutschland,0,2024-07-21,False,False,False,False,True,False,valid,YYYY-MM-DD,False,163.0,False,True,False,True
1908,1276,Germany,176,2024-11-07,1276,Germany,176,2024-11-07,False,False,False,False,False,False,valid,YYYY-MM-DD,False,54.0,False,False,False,True
1909,1277,Germany,222,2023-11-03,1277,Germany,222,2023/11/03,False,False,False,False,False,False,valid,YYYY-MM-DD,False,424.0,False,True,False,True
1910,1277,Poland,329,2024-02-17,1277,POL,329,2024/02/17,False,False,False,False,False,False,valid,YYYY-MM-DD,False,318.0,False,True,False,True
1911,1278,Germany,361,2024-04-27,1278,GER,361,2024/04/27,False,False,False,False,False,False,valid,YYYY-MM-DD,False,248.0,False,True,False,True
1912,1279,Germany,337,2023-10-26,1279,Deutschland,337,2023/10/26,False,False,False,False,False,False,valid,YYYY-MM-DD,False,432.0,False,True,False,True
1913,1279,Czech Republic,218,2024-05-15,1279,czechia,218,15/05/2024,False,False,False,False,False,False,valid,DD-MM-YYYY,False,230.0,False,True,False,True
1914,1280,Poland,246,2023-11-03,1280,PL,246,2023-11-03,False,False,False,False,False,False,valid,YYYY-MM-DD,False,424.0,False,True,False,True
1915,1280,Germany,227,2023-10-09,1280,Deutschland,227,2023-10-09,False,False,False,False,False,False,valid,YYYY-MM-DD,False,449.0,False,True,False,True
1916,1281,Czech Republic,376,2023-11-03,1281,Czech,376,2023-11-03,False,False,False,False,False,False,valid,YYYY-MM-DD,False,424.0,False,True,False,True
1917,1281,Poland,358,2024-09-23,1281,pl,358,2024-09-23,False,False,False,False,False,False,valid,YYYY-MM-DD,False,99.0,False,True,False,True
1918,1282,Czech Republic,73,2023-07-31,1282,CZ,73,2023/07/31,False,False,False,False,False,False,valid,YYYY-MM-DD,False,519.0,False,True,False,True
1919,1283,Czech Republic,88,2024-06-29,1283,Czech Republic,88,2024-06-29,False,False,False,False,False,False,valid,YYYY-MM-DD,False,185.0,False,True,False,True
1920,1284,Germany,207,2023-08-09,1284,Deutschland,207,2023-08-09,False,False,False,False,False,False,valid,YYYY-MM-DD,False,510.0,False,True,False,True
1921,1285,Poland,308,2024-08-11,1285,pl,308,2024-08-11,False,False,False,False,False,False,valid,YYYY-MM-DD,False,142.0,False,True,False,True
1922,1286,Czech Republic,137,2024-09-21,1286,czechia,137,2024-09-21,False,False,False,False,False,False,valid,YYYY-MM-DD,False,101.0,False,True,False,True
1923,1286,Germany,355,2024-08-08,1286,Germany,355,2024/08/08,False,False,False,False,False,False,valid,YYYY-MM-DD,False,145.0,False,True,False,True
1924,1287,Poland,178,2024-11-16,1287,POL,178,2024-11-16,False,False,False,False,False,False,valid,YYYY-MM-DD,False,45.0,False,False,False,True
1925,1287,Czech Republic,131,2023-11-21,1287,CZ,131,2023-11-21,False,False,False,False,False,False,valid,YYYY-MM-DD,False,406.0,False,True,False,True
1926,1288,Poland,118,2024-04-28,1288,POL,118,2024-04-28,False,False,False,False,False,False,valid,YYYY-MM-DD,False,247.0,False,True,False,True
1927,1289,Germany,261,2023-06-12,1289,DE,261,12-06-2023,False,False,False,False,False,False,valid,DD-MM-YYYY,True,568.0,False,True,False,True
1928,1290,Poland,53,2024-06-30,1290,PL,53,2024-06-30,False,False,False,False,False,False,valid,YYYY-MM-DD,False,184.0,False,True,False,True
1929,1291,Poland,11,2024-05-09,1291,PL,11,2024-05-09,False,False,False,False,False,False,valid,YYYY-MM-DD,False,236.0,False,True,False,True
1930,1292,Poland,135,2024-01-05,1292,Poland,135,2024/01/05,False,False,False,False,False,False,valid,YYYY-MM-DD,False,361.0,False,True,False,True
1931,1292,Czech Republic,131,2023-06-12,1292,CZ,131,2023-06-12,False,False,False,False,False,False,valid,YYYY-MM-DD,False,568.0,False,True,False,True
1932,1293,Poland,194,2023-11-26,1293,PL,194,2023-11-26,False,False,False,False,False,False,valid,YYYY-MM-DD,False,401.0,False,True,False,True
1933,1294,Germany,318,2024-09-11,1294,germany,318,11-09-2024,False,False,False,False,False,False,valid,DD-MM-YYYY,True,111.0,False,True,False,True
1934,1295,Czech Republic,192,2023-12-17,1295,czechia,192,2023/12/17,False,False,False,False,False,False,valid,YYYY-MM-DD,False,380.0,False,True,False,True
1935,1296,Czech Republic,377,2024-12-21,1296,Czech Republic,377,2024-12-21,False,False,False,False,False,False,valid,YYYY-MM-DD,False,10.0,False,False,False,True
1936,1296,Germany,146,2024-10-17,1296,GER,146,17/10/2024,False,False,False,False,False,False,valid,DD-MM-YYYY,False,75.0,False,False,False,True
1937,1297,Czech Republic,232,2023-05-20,1297,CZ,232,2023-05-20,False,False,False,False,False,False,valid,YYYY-MM-DD,False,591.0,False,True,False,True
1938,1297,Germany,130,2023-12-01,1297,GER,130,2023/12/01,False,False,False,False,False,False,valid,YYYY-MM-DD,False,396.0,False,True,False,True
1939,1298,Czech Republic,146,2023-12-15,1298,Czech Republic,146,2023-12-15,False,False,False,False,False,False,valid,YYYY-MM-DD,False,382.0,False,True,False,True
1940,1299,Germany,284,2024-06-02,1299,Germany,284,2024/06/02,False,False,False,False,False,False,valid,YYYY-MM-DD,False,212.0,False,True,False,True
1941,1299,Poland,0,2023-08-13,1299,pl,0,2023-08-13,False,False,False,False,True,False,valid,YYYY-MM-DD,False,506.0,False,True,False,True
1942,1300,Germany,178,2024-09-17,1300,germany,178,2024.09.17,False,False,False,False,False,False,valid,YYYY-MM-DD,False,105.0,False,True,False,True
1943,1300,Poland,273,2024-05-15,1300,Poland,273,2024-05-15,False,False,False,False,False,False,valid,YYYY-MM-DD,False,230.0,False,True,False,True
1944,1301,Czech Republic,287,2024-09-11,1301,Czechia,287,2024-09-11,False,False,False,False,False,False,valid,YYYY-MM-DD,False,111.0,False,True,False,True
1945,1301,Germany,357,2023-08-06,1301,Germany,357,2023.08.06,False,False,False,False,False,False,valid,YYYY-MM-DD,False,513.0,False,True,False,True
1946,1302,Poland,146,2024-09-05,1302,pl,146,2024-09-05,False,False,False,False,False,False,valid,YYYY-MM-DD,False,117.0,False,True,False,True
1947,1302,Czech Republic,130,2023-11-21,1302,Czech,130,2023-11-21,False,False,False,False,False,False,valid,YYYY-MM-DD,False,406.0,False,True,False,True
1948,1303,Poland,226,2024-12-27,1303,Poland,226,2024-12-27,False,False,False,False,False,False,valid,YYYY-MM-DD,False,4.0,False,False,False,True
1949,1304,Czech Republic,360,2023-07-15,1304,Czechia,360,15-07-2023,False,False,False,False,False,False,valid,DD-MM-YYYY,False,535.0,False,True,False,True
1950,1305,Germany,112,2024-09-07,1305,GER,112,07-09-2024,False,False,False,False,False,False,valid,DD-MM-YYYY,True,115.0,False,True,False,True
1951,1305,Poland,500,2023-09-18,1305,Polska,500,2023-09-18,False,False,False,False,False,False,valid,YYYY-MM-DD,False,470.0,False,True,False,True
1952,1306,Germany,31,2024-09-09,1306,germany,31,2024-09-09,False,False,False,False,False,False,valid,YYYY-MM-DD,False,113.0,False,True,False,True
1953,1306,Czech Republic,168,2024-11-08,1306,Czech,168,2024-11-08,False,False,False,False,False,False,valid,YYYY-MM-DD,False,53.0,False,False,False,True
1954,1307,Czech Republic,128,2024-03-07,1307,Czechia,128,07-03-2024,False,False,False,False,False,False,valid,DD-MM-YYYY,True,299.0,False,True,False,True
1955,1307,Germany,0,2024-03-09,1307,GER,0,2024-03-09,False,False,False,False,True,False,valid,YYYY-MM-DD,False,297.0,False,True,False,True
1956,1308,Czech Republic,3,2024-09-20,1308,Czech Republic,3,2024-09-20,False,False,False,False,False,False,valid,YYYY-MM-DD,False,102.0,False,True,False,True
1957,1309,Czech Republic,11,2023-11-23,1309,Czechia,11,2023-11-23,False,False,False,False,False,False,valid,YYYY-MM-DD,False,404.0,False,True,False,True
1958,1309,Poland,151,2023-09-28,1309,PL,151,2023-09-28,False,False,False,False,False,False,valid,YYYY-MM-DD,False,460.0,False,True,False,True
1959,1310,Germany,2,2024-07-18,1310,DE,2,2024-07-18,False,False,False,False,False,False,valid,YYYY-MM-DD,False,166.0,False,True,False,True
1960,1311,Poland,21,2024-07-18,1311,Polska,21,2024-07-18,False,False,False,False,False,False,valid,YYYY-MM-DD,False,166.0,False,True,False,True
1961,1311,Czech Republic,295,2023-06-23,1311,Czech Republic,295,2023-06-23,False,False,False,False,False,False,valid,YYYY-MM-DD,False,557.0,False,True,False,True
1962,1312,Czech Republic,352,2024-10-13,1312,Czech,352,2024/10/13,False,False,False,False,False,False,valid,YYYY-MM-DD,False,79.0,False,False,False,True
1963,1313,Czech Republic,10,2023-10-09,1313,Czechia,10,09-10-2023,False,False,False,False,False,False,valid,DD-MM-YYYY,True,449.0,False,True,False,True
1964,1313,Germany,75,2024-03-19,1313,DE,75,2024-03-19,False,False,False,False,False,False,valid,YYYY-MM-DD,False,287.0,False,True,False,True
1965,1314,Germany,169,2023-06-12,1314,DE,169,2023/06/12,False,False,False,False,False,False,valid,YYYY-MM-DD,False,568.0,False,True,False,True
1966,1315,Czech Republic,460,2024-10-01,1315,czechia,460,01-10-2024,False,False,False,False,False,False,valid,DD-MM-YYYY,True,91.0,False,True,False,True
1967,1315,Poland,7,2024-07-25,1315,PL,7,2024-07-25,False,False,False,False,False,False,valid,YYYY-MM-DD,False,159.0,False,True,False,True
1968,1316,Germany,26,2024-09-18,1316,GER,26,2024-09-18,False,False,False,False,False,False,valid,YYYY-MM-DD,False,104.0,False,True,False,True
1969,1317,Germany,71,2024-12-16,1317,Germany,71,2024-12-16,False,False,False,False,False,False,valid,YYYY-MM-DD,False,15.0,False,False,False,True
1970,1317,Poland,321,2024-08-25,1317,POL,321,2024-08-25,False,False,False,False,False,False,valid,YYYY-MM-DD,False,128.0,False,True,False,True
1971,1318,Czech Republic,0,2023-08-19,1318,Czechia,0,2023-08-19,False,False,False,False,True,False,valid,YYYY-MM-DD,False,500.0,False,True,False,True
1972,1319,Germany,173,2023-10-13,1319,Deutschland,173,2023/10/13,False,False,False,False,False,False,valid,YYYY-MM-DD,False,445.0,False,True,False,True
1973,1319,Poland,138,2023-06-26,1319,POL,138,2023-06-26,False,False,False,False,False,False,valid,YYYY-MM-DD,False,554.0,False,True,False,True
1974,1320,Poland,278,2024-03-11,1320,PL,278,2024-03-11,False,False,False,False,False,False,valid,YYYY-MM-DD,False,295.0,False,True,False,True
1975,1321,Germany,368,2024-09-15,1321,Deutschland,368,2024-09-15,False,False,False,False,False,False,valid,YYYY-MM-DD,False,107.0,False,True,False,True
1976,1322,Poland,104,2024-02-23,1322,Polska,104,2024-02-23,False,False,False,False,False,False,valid,YYYY-MM-DD,False,312.0,False,True,False,True
1977,1323,Germany,353,2024-11-23,1323,germany,353,2024-11-23,False,False,False,False,False,False,valid,YYYY-MM-DD,False,38.0,False,False,False,True
1979,1324,Czech Republic,168,2024-03-02,1324,CZ,168,2024-03-02,False,False,False,False,False,False,valid,YYYY-MM-DD,False,304.0,False,True,False,True
1980,1325,Czech Republic,236,2024-07-11,1325,Czech,236,2024-07-11,False,False,False,False,False,False,valid,YYYY-MM-DD,False,173.0,False,True,False,True
1981,1326,Poland,133,2023-10-06,1326,poland,133,2023-10-06,False,False,False,False,False,False,valid,YYYY-MM-DD,False,452.0,False,True,False,True
1982,1326,Czech Republic,178,2023-12-12,1326,czechia,178,2023-12-12,False,False,False,False,False,False,valid,YYYY-MM-DD,False,385.0,False,True,False,True
1983,1327,Germany,102,2024-06-15,1327,Germany,102,2024-06-15,False,False,False,False,False,False,valid,YYYY-MM-DD,False,199.0,False,True,False,True
1984,1328,Czech Republic,230,2023-09-21,1328,Czechia,230,2023-09-21,False,False,False,False,False,False,valid,YYYY-MM-DD,False,467.0,False,True,False,True
1985,1329,Poland,119,2023-09-18,1329,POL,119,2023-09-18,False,False,False,False,False,False,valid,YYYY-MM-DD,False,470.0,False,True,False,True
1986,1330,Czech Republic,143,2023-12-20,1330,Czechia,143,2023-12-20,False,False,False,False,False,False,valid,YYYY-MM-DD,False,377.0,False,True,False,True
1987,1330,Poland,169,2024-11-15,1330,POL,169,2024/11/15,False,False,False,False,False,False,valid,YYYY-MM-DD,False,46.0,False,False,False,True
1988,1331,Poland,204,2023-07-01,1331,pl,204,2023-07-01,False,False,False,False,False,False,valid,YYYY-MM-DD,False,549.0,False,True,False,True
1989,1331,Germany,197,2024-07-01,1331,germany,197,2024-07-01,False,False,False,False,False,False,valid,YYYY-MM-DD,False,183.0,False,True,False,True
1990,1332,Czech Republic,173,2023-11-10,1332,Czechia,173,2023-11-10,False,False,False,False,False,False,valid,YYYY-MM-DD,False,417.0,False,True,False,True
1991,1332,Poland,335,2024-07-21,1332,Polska,335,2024-07-21,False,False,False,False,False,False,valid,YYYY-MM-DD,False,163.0,False,True,False,True
1992,1333,Germany,135,2024-06-04,1333,DE,135,2024-06-04,False,False,False,False,False,False,valid,YYYY-MM-DD,False,210.0,False,True,False,True
1993,1333,Czech Republic,193,2023-05-15,1333,Czech,193,2023-05-15,False,False,False,False,False,False,valid,YYYY-MM-DD,False,596.0,False,True,False,True
1994,1334,Germany,202,2023-10-15,1334,germany,202,15-10-2023,False,False,False,False,False,False,valid,DD-MM-YYYY,False,443.0,False,True,False,True
1995,1335,Germany,90,2023-07-14,1335,Germany,90,2023/07/14,False,False,False,False,False,False,valid,YYYY-MM-DD,False,536.0,False,True,False,True
1996,1336,Poland,310,2023-07-13,1336,Polska,310,2023.07.13,False,False,False,False,False,False,valid,YYYY-MM-DD,False,537.0,False,True,False,True
1997,1337,Poland,249,2023-09-27,1337,pl,249,2023-09-27,False,False,False,False,False,False,valid,YYYY-MM-DD,False,461.0,False,True,False,True
1999,1339,Czech Republic,0,2023-09-11,1339,CZ,0,2023-09-11,False,False,False,False,True,False,valid,YYYY-MM-DD,False,477.0,False,True,False,True
2000,1339,Poland,218,2023-05-25,1339,poland,218,2023/05/25,False,False,False,False,False,False,valid,YYYY-MM-DD,False,586.0,False,True,False,True
2001,1340,Poland,344,2023-05-19,1340,POL,344,2023-05-19,False,False,False,False,False,False,valid,YYYY-MM-DD,False,592.0,False,True,False,True
2002,1341,Czech Republic,110,2024-09-28,1341,Czech,110,2024/09/28,False,False,False,False,False,False,valid,YYYY-MM-DD,False,94.0,False,True,False,True
2003,1342,Czech Republic,306,2023-12-22,1342,Czech,306,2023-12-22,False,False,False,False,False,False,valid,YYYY-MM-DD,False,375.0,False,True,False,True
2004,1342,Poland,202,2023-08-13,1342,pl,202,13-08-2023,False,False,False,False,False,False,valid,DD-MM-YYYY,False,506.0,False,True,False,True
2005,1343,Germany,128,2023-08-02,1343,Germany,128,2023-08-02,False,False,False,False,False,False,valid,YYYY-MM-DD,False,517.0,False,True,False,True
2006,1344,Germany,2,2024-12-09,1344,Germany,2,2024-12-09,False,False,False,False,False,False,valid,YYYY-MM-DD,False,22.0,False,False,False,True
2007,1344,Poland,167,2024-04-18,1344,Poland,167,2024-04-18,False,False,False,False,False,False,valid,YYYY-MM-DD,False,257.0,False,True,False,True
2008,1345,Czech Republic,381,2024-06-10,1345,CZ,381,2024-06-10,False,False,False,False,False,False,valid,YYYY-MM-DD,False,204.0,False,True,False,True
2009,1345,Germany,272,2023-06-28,1345,germany,272,2023-06-28,False,False,False,False,False,False,valid,YYYY-MM-DD,False,552.0,False,True,False,True
2010,1346,Germany,165,2023-10-30,1346,Deutschland,165,2023-10-30,False,False,False,False,False,False,valid,YYYY-MM-DD,False,428.0,False,True,False,True
2011,1347,Poland,239,2024-03-28,1347,poland,239,2024/03/28,False,False,False,False,False,False,valid,YYYY-MM-DD,False,278.0,False,True,False,True
2012,1348,Czech Republic,362,2023-09-27,1348,CZ,362,2023-09-27,False,False,False,False,False,False,valid,YYYY-MM-DD,False,461.0,False,True,False,True
2013,1349,Czech Republic,234,2024-08-10,1349,czechia,234,2024/08/10,False,False,False,False,False,False,valid,YYYY-MM-DD,False,143.0,False,True,False,True
2014,1349,Germany,254,2024-01-06,1349,GER,254,2024-01-06,False,False,False,False,False,False,valid,YYYY-MM-DD,False,360.0,False,True,False,True
2015,1350,Poland,204,2024-05-07,1350,Polska,204,2024-05-07,False,False,False,False,False,False,valid,YYYY-MM-DD,False,238.0,False,True,False,True
2016,1351,Czech Republic,46,2024-05-25,1351,Czech Republic,46,2024-05-25,False,False,False,False,False,False,valid,YYYY-MM-DD,False,220.0,False,True,False,True
2017,1352,Poland,241,2023-10-15,1352,POL,241,2023-10-15,False,False,False,False,False,False,valid,YYYY-MM-DD,False,443.0,False,True,False,True
2018,1352,Germany,296,2024-07-08,1352,Deutschland,296,2024-07-08,False,False,False,False,False,False,valid,YYYY-MM-DD,False,176.0,False,True,False,True
2019,1353,Poland,291,2023-12-16,1353,pl,291,2023-12-16,False,False,False,False,False,False,valid,YYYY-MM-DD,False,381.0,False,True,False,True
2020,1354,Poland,348,2023-10-17,1354,POL,348,2023-10-17,False,False,False,False,False,False,valid,YYYY-MM-DD,False,441.0,False,True,False,True
2021,1354,Germany,14,2024-10-30,1354,DE,14,2024-10-30,False,False,False,False,False,False,valid,YYYY-MM-DD,False,62.0,False,False,False,True
2022,1355,Poland,4,2024-07-14,1355,PL,4,2024/07/14,False,False,False,False,False,False,valid,YYYY-MM-DD,False,170.0,False,True,False,True
2023,1355,Czech Republic,45,2023-06-27,1355,Czechia,45,2023-06-27,False,False,False,False,False,False,valid,YYYY-MM-DD,False,553.0,False,True,False,True
2024,1356,Czech Republic,145,2024-03-03,1356,CZ,145,2024-03-03,False,False,False,False,False,False,valid,YYYY-MM-DD,False,303.0,False,True,False,True
2025,1357,Poland,241,2024-02-12,1357,Poland,241,12-02-2024,False,False,False,False,False,False,valid,DD-MM-YYYY,True,323.0,False,True,False,True
2026,1357,Germany,215,2023-08-26,1357,Deutschland,215,2023-08-26,False,False,False,False,False,False,valid,YYYY-MM-DD,False,493.0,False,True,False,True
2027,1358,Poland,44,2023-09-19,1358,PL,44,2023.09.19,False,False,False,False,False,False,valid,YYYY-MM-DD,False,469.0,False,True,False,True
2028,1358,Czech Republic,217,2024-06-27,1358,Czechia,217,2024-06-27,False,False,False,False,False,False,valid,YYYY-MM-DD,False,187.0,False,True,False,True
2029,1359,Germany,233,2023-05-27,1359,GER,233,2023-05-27,False,False,False,False,False,False,valid,YYYY-MM-DD,False,584.0,False,True,False,True
2030,1360,Poland,248,2023-07-15,1360,Poland,248,2023-07-15,False,False,False,False,False,False,valid,YYYY-MM-DD,False,535.0,False,True,False,True
2031,1360,Czech Republic,192,2024-06-09,1360,Czech Republic,192,2024-06-09,False,False,False,False,False,False,valid,YYYY-MM-DD,False,205.0,False,True,False,True
2032,1361,Czech Republic,182,2023-09-12,1361,CZ,182,12-09-2023,False,False,False,False,False,False,valid,DD-MM-YYYY,True,476.0,False,True,False,True
2033,1362,Czech Republic,251,2024-09-14,1362,CZ,251,2024/09/14,False,False,False,False,False,False,valid,YYYY-MM-DD,False,108.0,False,True,False,True
2034,1362,Germany,303,2024-04-27,1362,Germany,303,2024.04.27,False,False,False,False,False,False,valid,YYYY-MM-DD,False,248.0,False,True,False,True
2035,1363,Czech Republic,13,2023-12-07,1363,Czechia,13,2023.12.07,False,False,False,False,False,False,valid,YYYY-MM-DD,False,390.0,False,True,False,True
2036,1363,Germany,213,2023-11-19,1363,germany,213,2023-11-19,False,False,False,False,False,False,valid,YYYY-MM-DD,False,408.0,False,True,False,True
2037,1364,Czech Republic,119,2024-02-18,1364,czechia,119,2024-02-18,False,False,False,False,False,False,valid,YYYY-MM-DD,False,317.0,False,True,False,True
2038,1364,Poland,0,2023-10-12,1364,pl,0,2023-10-12,False,False,False,False,True,False,valid,YYYY-MM-DD,False,446.0,False,True,False,True
2039,1365,Czech Republic,102,2024-03-25,1365,Czechia,102,2024-03-25,False,False,False,False,False,False,valid,YYYY-MM-DD,False,281.0,False,True,False,True
2040,1366,Czech Republic,464,2024-10-05,1366,czechia,464,2024-10-05,False,False,False,False,False,False,valid,YYYY-MM-DD,False,87.0,False,False,False,True
2041,1366,Poland,165,2023-11-21,1366,poland,165,21-11-2023,False,False,False,False,False,False,valid,DD-MM-YYYY,False,406.0,False,True,False,True
2042,1367,Germany,133,2023-12-31,1367,GER,133,31-12-2023,False,False,False,False,False,False,valid,DD-MM-YYYY,False,366.0,False,True,False,True
2043,1367,Czech Republic,125,2023-08-23,1367,Czech,125,23/08/2023,False,False,False,False,False,False,valid,DD-MM-YYYY,False,496.0,False,True,False,True
2044,1368,Poland,112,2023-05-12,1368,Polska,112,2023-05-12,False,False,False,False,False,False,valid,YYYY-MM-DD,False,599.0,False,True,False,True
2045,1368,Czech Republic,109,2024-08-21,1368,Czechia,109,2024-08-21,False,False,False,False,False,False,valid,YYYY-MM-DD,False,132.0,False,True,False,True
2046,1369,Czech Republic,89,2024-11-23,1369,Czechia,89,2024-11-23,False,False,False,False,False,False,valid,YYYY-MM-DD,False,38.0,False,False,False,True
2047,1369,Germany,126,2023-09-14,1369,Deutschland,126,14-09-2023,False,False,False,False,False,False,valid,DD-MM-YYYY,False,474.0,False,True,False,True
2048,1370,Germany,5,2024-10-15,1370,germany,5,2024-10-15,False,False,False,False,False,False,valid,YYYY-MM-DD,False,77.0,False,False,False,True
2049,1371,Czech Republic,88,2024-11-11,1371,CZ,88,11-11-2024,False,False,False,False,False,False,valid,DD-MM-YYYY,True,50.0,False,False,False,True
2050,1372,Germany,92,2024-10-22,1372,DE,92,2024-10-22,False,False,False,False,False,False,valid,YYYY-MM-DD,False,70.0,False,False,False,True
2051,1373,Poland,293,2023-10-14,1373,pl,293,2023-10-14,False,False,False,False,False,False,valid,YYYY-MM-DD,False,444.0,False,True,False,True
2052,1373,Germany,229,2023-09-30,1373,Deutschland,229,2023-09-30,False,False,False,False,False,False,valid,YYYY-MM-DD,False,458.0,False,True,False,True
2053,1374,Germany,0,2023-06-03,1374,DE,0,03-06-2023,False,False,False,False,True,False,valid,DD-MM-YYYY,True,577.0,False,True,False,True
2054,1375,Czech Republic,0,2024-11-22,1375,czechia,0,2024/11/22,False,False,False,False,True,False,valid,YYYY-MM-DD,False,39.0,False,False,False,True
2055,1375,Germany,102,2024-10-13,1375,Germany,102,2024-10-13,False,False,False,False,False,False,valid,YYYY-MM-DD,False,79.0,False,False,False,True
2056,1376,Germany,239,2023-11-18,1376,Deutschland,239,2023/11/18,False,False,False,False,False,False,valid,YYYY-MM-DD,False,409.0,False,True,False,True
2057,1377,Poland,165,2024-04-21,1377,poland,165,2024-04-21,False,False,False,False,False,False,valid,YYYY-MM-DD,False,254.0,False,True,False,True
2058,1378,Czech Republic,200,2023-09-30,1378,czechia,200,2023/09/30,False,False,False,False,False,False,valid,YYYY-MM-DD,False,458.0,False,True,False,True
2059,1378,Poland,234,2024-03-21,1378,poland,234,21-03-2024,False,False,False,False,False,False,valid,DD-MM-YYYY,False,285.0,False,True,False,True
2060,1379,Poland,0,2023-06-08,1379,pl,0,2023-06-08,False,False,False,False,True,False,valid,YYYY-MM-DD,False,572.0,False,True,False,True
2061,1379,Czech Republic,178,2024-09-22,1379,Czech,178,2024-09-22,False,False,False,False,False,False,valid,YYYY-MM-DD,False,100.0,False,True,False,True
2062,1380,Czech Republic,54,2023-06-22,1380,CZ,54,2023-06-22,False,False,False,False,False,False,valid,YYYY-MM-DD,False,558.0,False,True,False,True
2063,1380,Germany,166,2023-08-27,1380,DE,166,2023-08-27,False,False,False,False,False,False,valid,YYYY-MM-DD,False,492.0,False,True,False,True
2064,1381,Poland,184,2024-09-29,1381,POL,184,29/09/2024,False,False,False,False,False,False,valid,DD-MM-YYYY,False,93.0,False,True,False,True
2065,1381,Czech Republic,202,2024-08-05,1381,Czechia,202,05-08-2024,False,False,False,False,False,False,valid,DD-MM-YYYY,True,148.0,False,True,False,True
2066,1382,Germany,40,2024-02-21,1382,Germany,40,2024-02-21,False,False,False,False,False,False,valid,YYYY-MM-DD,False,314.0,False,True,False,True
2067,1382,Poland,201,2024-10-10,1382,poland,201,2024-10-10,False,False,False,False,False,False,valid,YYYY-MM-DD,False,82.0,False,False,False,True
2068,1383,Germany,225,2023-07-24,1383,Germany,225,2023-07-24,False,False,False,False,False,False,valid,YYYY-MM-DD,False,526.0,False,True,False,True
2069,1384,Czech Republic,115,2023-07-14,1384,Czechia,115,14/07/2023,False,False,False,False,False,False,valid,DD-MM-YYYY,False,536.0,False,True,False,True
2070,1385,Germany,104,2023-06-16,1385,GER,104,16/06/2023,False,False,False,False,False,False,valid,DD-MM-YYYY,False,564.0,False,True,False,True
2071,1385,Czech Republic,209,2024-12-13,1385,Czech,209,2024-12-13,False,False,False,False,False,False,valid,YYYY-MM-DD,False,18.0,False,False,False,True
2072,1386,Czech Republic,240,2024-07-25,1386,czechia,240,2024-07-25,False,False,False,False,False,False,valid,YYYY-MM-DD,False,159.0,False,True,False,True
2073,1387,Germany,0,2024-10-18,1387,germany,0,2024-10-18,False,False,False,False,True,False,valid,YYYY-MM-DD,False,74.0,False,False,False,True
2075,1389,Czech Republic,0,2024-05-04,1389,czechia,0,2024-05-04,False,False,False,False,True,False,valid,YYYY-MM-DD,False,241.0,False,True,False,True
2076,1389,Germany,56,2024-11-24,1389,Deutschland,56,2024/11/24,False,False,False,False,False,False,valid,YYYY-MM-DD,False,37.0,False,False,False,True
2077,1390,Czech Republic,140,2024-02-29,1390,Czechia,140,2024/02/29,False,False,False,False,False,False,valid,YYYY-MM-DD,False,306.0,False,True,False,True
2078,1391,Czech Republic,197,2023-07-13,1391,CZ,197,2023-07-13,False,False,False,False,False,False,valid,YYYY-MM-DD,False,537.0,False,True,False,True
2079,1391,Germany,200,2023-10-12,1391,Deutschland,200,2023-10-12,False,False,False,False,False,False,valid,YYYY-MM-DD,False,446.0,False,True,False,True
2080,1392,Germany,172,2024-09-05,1392,DE,172,2024-09-05,False,False,False,False,False,False,valid,YYYY-MM-DD,False,117.0,False,True,False,True
2081,1393,Poland,304,2024-09-21,1393,poland,304,2024-09-21,False,False,False,False,False,False,valid,YYYY-MM-DD,False,101.0,False,True,False,True
2082,1394,Czech Republic,296,2023-10-03,1394,Czechia,296,2023-10-03,False,False,False,False,False,False,valid,YYYY-MM-DD,False,455.0,False,True,False,True
2083,1394,Poland,313,2024-03-02,1394,POL,313,2024-03-02,False,False,False,False,False,False,valid,YYYY-MM-DD,False,304.0,False,True,False,True
2084,1395,Germany,44,2024-01-26,1395,germany,44,26/01/2024,False,False,False,False,False,False,valid,DD-MM-YYYY,False,340.0,False,True,False,True
2085,1396,Germany,92,2024-06-23,1396,Germany,92,23-06-2024,False,False,False,False,False,False,valid,DD-MM-YYYY,False,191.0,False,True,False,True
2086,1396,Poland,109,2024-11-22,1396,Polska,109,22-11-2024,False,False,False,False,False,False,valid,DD-MM-YYYY,False,39.0,False,False,False,True
2087,1397,Germany,367,2024-01-31,1397,Germany,367,31-01-2024,False,False,False,False,False,False,valid,DD-MM-YYYY,False,335.0,False,True,False,True
2088,1398,Czech Republic,251,2023-10-25,1398,Czech,251,2023-10-25,False,False,False,False,False,False,valid,YYYY-MM-DD,False,433.0,False,True,False,True
2089,1398,Germany,0,2024-04-14,1398,Germany,0,2024-04-14,False,False,False,False,True,False,valid,YYYY-MM-DD,False,261.0,False,True,False,True
2090,1399,Germany,260,2024-05-31,1399,GER,260,2024-05-31,False,False,False,False,False,False,valid,YYYY-MM-DD,False,214.0,False,True,False,True
2091,1399,Czech Republic,62,2024-01-16,1399,czechia,62,2024-01-16,False,False,False,False,False,False,valid,YYYY-MM-DD,False,350.0,False,True,False,True
2092,1400,Germany,259,2024-10-11,1400,DE,259,2024-10-11,False,False,False,False,False,False,valid,YYYY-MM-DD,False,81.0,False,False,False,True
2093,1400,Poland,107,2024-02-07,1400,Poland,107,07-02-2024,False,False,False,False,False,False,valid,DD-MM-YYYY,True,328.0,False,True,False,True
2094,1401,Czech Republic,27,2024-12-07,1401,Czech,27,07-12-2024,False,False,False,False,False,False,valid,DD-MM-YYYY,True,24.0,False,False,False,True
2095,1402,Czech Republic,150,2023-08-15,1402,CZ,150,15-08-2023,False,False,False,False,False,False,valid,DD-MM-YYYY,False,504.0,False,True,False,True
2096,1403,Germany,458,2024-03-27,1403,Deutschland,458,2024/03/27,False,False,False,False,False,False,valid,YYYY-MM-DD,False,279.0,False,True,False,True
2097,1403,Czech Republic,220,2023-06-17,1403,Czech Republic,220,2023.06.17,False,False,False,False,False,False,valid,YYYY-MM-DD,False,563.0,False,True,False,True
2098,1404,Poland,22,2024-08-30,1404,POL,22,2024-08-30,False,False,False,False,False,False,valid,YYYY-MM-DD,False,123.0,False,True,False,True
2099,1404,Germany,283,2024-12-02,1404,DE,283,2024-12-02,False,False,False,False,False,False,valid,YYYY-MM-DD,False,29.0,False,False,False,True
2100,1405,Czech Republic,72,2023-07-24,1405,Czechia,72,2023-07-24,False,False,False,False,False,False,valid,YYYY-MM-DD,False,526.0,False,True,False,True
2101,1406,Poland,143,2024-04-17,1406,Polska,143,2024-04-17,False,False,False,False,False,False,valid,YYYY-MM-DD,False,258.0,False,True,False,True
2102,1407,Germany,133,2024-07-28,1407,Deutschland,133,2024-07-28,False,False,False,False,False,False,valid,YYYY-MM-DD,False,156.0,False,True,False,True
2103,1408,Germany,44,2023-12-06,1408,germany,44,06-12-2023,False,False,False,False,False,False,valid,DD-MM-YYYY,True,391.0,False,True,False,True
2104,1408,Czech Republic,0,2024-09-12,1408,CZ,0,2024/09/12,False,False,False,False,True,False,valid,YYYY-MM-DD,False,110.0,False,True,False,True
2105,1409,Czech Republic,365,2024-02-05,1409,Czech Republic,365,2024-02-05,False,False,False,False,False,False,valid,YYYY-MM-DD,False,330.0,False,True,False,True
2106,1410,Germany,87,2023-08-02,1410,GER,87,2023/08/02,False,False,False,False,False,False,valid,YYYY-MM-DD,False,517.0,False,True,False,True
2107,1410,Czech Republic,193,2023-10-20,1410,czechia,193,2023-10-20,False,False,False,False,False,False,valid,YYYY-MM-DD,False,438.0,False,True,False,True
2108,1411,Poland,65,2024-07-02,1411,Poland,65,2024-07-02,False,False,False,False,False,False,valid,YYYY-MM-DD,False,182.0,False,True,False,True
2109,1411,Czech Republic,443,2023-06-26,1411,czechia,443,2023/06/26,False,False,False,False,False,False,valid,YYYY-MM-DD,False,554.0,False,True,False,True
2110,1412,Czech Republic,309,2023-07-25,1412,Czechia,309,2023-07-25,False,False,False,False,False,False,valid,YYYY-MM-DD,False,525.0,False,True,False,True
2111,1412,Germany,329,2023-05-22,1412,germany,329,2023-05-22,False,False,False,False,False,False,valid,YYYY-MM-DD,False,589.0,False,True,False,True
2112,1413,Czech Republic,129,2024-05-14,1413,czechia,129,2024-05-14,False,False,False,False,False,False,valid,YYYY-MM-DD,False,231.0,False,True,False,True
2113,1414,Germany,75,2024-06-27,1414,GER,75,2024-06-27,False,False,False,False,False,False,valid,YYYY-MM-DD,False,187.0,False,True,False,True
2114,1414,Czech Republic,410,2024-10-27,1414,Czech,410,2024-10-27,False,False,False,False,False,False,valid,YYYY-MM-DD,False,65.0,False,False,False,True
2115,1415,Czech Republic,255,2024-01-27,1415,Czech,255,2024-01-27,False,False,False,False,False,False,valid,YYYY-MM-DD,False,339.0,False,True,False,True
2116,1416,Poland,110,2023-12-13,1416,Polska,110,2023.12.13,False,False,False,False,False,False,valid,YYYY-MM-DD,False,384.0,False,True,False,True
2117,1416,Czech Republic,214,2024-06-16,1416,Czechia,214,2024-06-16,False,False,False,False,False,False,valid,YYYY-MM-DD,False,198.0,False,True,False,True
2118,1417,Germany,221,2023-05-26,1417,GER,221,2023-05-26,False,False,False,False,False,False,valid,YYYY-MM-DD,False,585.0,False,True,False,True
2120,1418,Poland,0,2024-05-08,1418,POL,0,2024-05-08,False,False,False,False,True,False,valid,YYYY-MM-DD,False,237.0,False,True,False,True
2121,1418,Czech Republic,219,2024-07-29,1418,Czech,219,2024/07/29,False,False,False,False,False,False,valid,YYYY-MM-DD,False,155.0,False,True,False,True
2122,1419,Poland,280,2023-09-29,1419,poland,280,2023/09/29,False,False,False,False,False,False,valid,YYYY-MM-DD,False,459.0,False,True,False,True
2123,1420,Czech Republic,96,2023-07-12,1420,Czech Republic,96,2023/07/12,False,False,False,False,False,False,valid,YYYY-MM-DD,False,538.0,False,True,False,True
2124,1421,Germany,357,2024-04-14,1421,GER,357,2024-04-14,False,False,False,False,False,False,valid,YYYY-MM-DD,False,261.0,False,True,False,True
2125,1421,Czech Republic,0,2024-01-19,1421,Czechia,0,2024-01-19,False,False,False,False,True,False,valid,YYYY-MM-DD,False,347.0,False,True,False,True
2126,1422,Czech Republic,266,2023-08-14,1422,Czechia,266,14/08/2023,False,False,False,False,False,False,valid,DD-MM-YYYY,False,505.0,False,True,False,True
2127,1422,Germany,298,2023-09-28,1422,Germany,298,2023-09-28,False,False,False,False,False,False,valid,YYYY-MM-DD,False,460.0,False,True,False,True
2128,1423,Germany,296,2024-01-05,1423,GER,296,2024-01-05,False,False,False,False,False,False,valid,YYYY-MM-DD,False,361.0,False,True,False,True
2129,1424,Czech Republic,26,2024-10-12,1424,Czechia,26,2024-10-12,False,False,False,False,False,False,valid,YYYY-MM-DD,False,80.0,False,False,False,True
2130,1425,Germany,194,2023-10-06,1425,Deutschland,194,06-10-2023,False,False,False,False,False,False,valid,DD-MM-YYYY,True,452.0,False,True,False,True
2131,1426,Poland,77,2023-12-09,1426,pl,77,09-12-2023,False,False,False,False,False,False,valid,DD-MM-YYYY,True,388.0,False,True,False,True
2132,1427,Germany,252,2023-12-24,1427,germany,252,2023-12-24,False,False,False,False,False,False,valid,YYYY-MM-DD,False,373.0,False,True,False,True
2133,1427,Poland,146,2024-01-12,1427,pl,146,2024-01-12,False,False,False,False,False,False,valid,YYYY-MM-DD,False,354.0,False,True,False,True
2134,1428,Germany,165,2024-11-09,1428,Germany,165,09-11-2024,False,False,False,False,False,False,valid,DD-MM-YYYY,True,52.0,False,False,False,True
2135,1428,Poland,169,2024-03-14,1428,Polska,169,2024.03.14,False,False,False,False,False,False,valid,YYYY-MM-DD,False,292.0,False,True,False,True
2136,1429,Czech Republic,370,2023-09-04,1429,czechia,370,2023-09-04,False,False,False,False,False,False,valid,YYYY-MM-DD,False,484.0,False,True,False,True
2137,1430,Poland,19,2024-06-13,1430,pl,19,13-06-2024,False,False,False,False,False,False,valid,DD-MM-YYYY,False,201.0,False,True,False,True
2138,1431,Poland,185,2024-07-09,1431,Poland,185,2024-07-09,False,False,False,False,False,False,valid,YYYY-MM-DD,False,175.0,False,True,False,True
2139,1432,Poland,99,2023-12-22,1432,Poland,99,2023-12-22,False,False,False,False,False,False,valid,YYYY-MM-DD,False,375.0,False,True,False,True
2140,1432,Germany,261,2023-07-12,1432,DE,261,2023/07/12,False,False,False,False,False,False,valid,YYYY-MM-DD,False,538.0,False,True,False,True
2141,1433,Poland,85,2024-03-06,1433,poland,85,2024-03-06,False,False,False,False,False,False,valid,YYYY-MM-DD,False,300.0,False,True,False,True
2142,1434,Germany,106,2024-02-24,1434,GER,106,2024-02-24,False,False,False,False,False,False,valid,YYYY-MM-DD,False,311.0,False,True,False,True
2143,1434,Czech Republic,132,2024-01-06,1434,Czech,132,2024-01-06,False,False,False,False,False,False,valid,YYYY-MM-DD,False,360.0,False,True,False,True
2144,1435,Czech Republic,143,2023-09-21,1435,Czechia,143,21-09-2023,False,False,False,False,False,False,valid,DD-MM-YYYY,False,467.0,False,True,False,True
2145,1436,Germany,324,2024-02-11,1436,Deutschland,324,2024-02-11,False,False,False,False,False,False,valid,YYYY-MM-DD,False,324.0,False,True,False,True
2146,1436,Poland,59,2024-07-27,1436,PL,59,2024-07-27,False,False,False,False,False,False,valid,YYYY-MM-DD,False,157.0,False,True,False,True
2147,1437,Germany,51,2023-09-14,1437,Germany,51,2023-09-14,False,False,False,False,False,False,valid,YYYY-MM-DD,False,474.0,False,True,False,True
2148,1438,Poland,113,2024-10-27,1438,pl,113,2024.10.27,False,False,False,False,False,False,valid,YYYY-MM-DD,False,65.0,False,False,False,True
2149,1439,Poland,99,2023-08-20,1439,pl,99,2023.08.20,False,False,False,False,False,False,valid,YYYY-MM-DD,False,499.0,False,True,False,True
2150,1439,Czech Republic,136,2024-06-14,1439,Czechia,136,2024-06-14,False,False,False,False,False,False,valid,YYYY-MM-DD,False,200.0,False,True,False,True
2151,1440,Germany,216,2023-10-19,1440,Deutschland,216,2023-10-19,False,False,False,False,False,False,valid,YYYY-MM-DD,False,439.0,False,True,False,True
2152,1440,Poland,227,2023-08-20,1440,Polska,227,2023-08-20,False,False,False,False,False,False,valid,YYYY-MM-DD,False,499.0,False,True,False,True
2153,1441,Czech Republic,183,2023-10-19,1441,CZ,183,2023/10/19,False,False,False,False,False,False,valid,YYYY-MM-DD,False,439.0,False,True,False,True
2154,1441,Germany,442,2024-09-07,1441,DE,442,2024-09-07,False,False,False,False,False,False,valid,YYYY-MM-DD,False,115.0,False,True,False,True
2155,1442,Czech Republic,156,2024-02-01,1442,czechia,156,2024-02-01,False,False,False,False,False,False,valid,YYYY-MM-DD,False,334.0,False,True,False,True
2156,1442,Poland,189,2023-12-10,1442,poland,189,10/12/2023,False,False,False,False,False,False,valid,DD-MM-YYYY,True,387.0,False,True,False,True
2157,1443,Poland,244,2023-06-20,1443,pl,244,2023/06/20,False,False,False,False,False,False,valid,YYYY-MM-DD,False,560.0,False,True,False,True
2158,1443,Czech Republic,196,2024-12-26,1443,CZ,196,2024-12-26,False,False,False,False,False,False,valid,YYYY-MM-DD,False,5.0,False,False,False,True
2159,1444,Germany,389,2024-12-01,1444,Deutschland,389,2024-12-01,False,False,False,False,False,False,valid,YYYY-MM-DD,False,30.0,False,False,False,True
2160,1444,Poland,75,2024-03-14,1444,pl,75,2024-03-14,False,False,False,False,False,False,valid,YYYY-MM-DD,False,292.0,False,True,False,True
2161,1445,Germany,135,2023-06-30,1445,Germany,135,2023/06/30,False,False,False,False,False,False,valid,YYYY-MM-DD,False,550.0,False,True,False,True
2162,1445,Czech Republic,241,2024-08-07,1445,Czechia,241,2024/08/07,False,False,False,False,False,False,valid,YYYY-MM-DD,False,146.0,False,True,False,True
2163,1446,Germany,19,2024-09-24,1446,Germany,19,24-09-2024,False,False,False,False,False,False,valid,DD-MM-YYYY,False,98.0,False,True,False,True
2164,1446,Poland,296,2024-01-15,1446,Poland,296,2024-01-15,False,False,False,False,False,False,valid,YYYY-MM-DD,False,351.0,False,True,False,True
2165,1447,Germany,352,2024-07-17,1447,Germany,352,2024-07-17,False,False,False,False,False,False,valid,YYYY-MM-DD,False,167.0,False,True,False,True
2166,1447,Poland,369,2024-06-30,1447,PL,369,2024-06-30,False,False,False,False,False,False,valid,YYYY-MM-DD,False,184.0,False,True,False,True
2167,1448,Germany,233,2024-04-14,1448,Deutschland,233,2024-04-14,False,False,False,False,False,False,valid,YYYY-MM-DD,False,261.0,False,True,False,True
2168,1449,Poland,266,2023-08-17,1449,Polska,266,2023/08/17,False,False,False,False,False,False,valid,YYYY-MM-DD,False,502.0,False,True,False,True
2169,1450,Czech Republic,133,2024-06-14,1450,czechia,133,2024-06-14,False,False,False,False,False,False,valid,YYYY-MM-DD,False,200.0,False,True,False,True
2170,1451,Czech Republic,188,2023-10-30,1451,CZ,188,30-10-2023,False,False,False,False,False,False,valid,DD-MM-YYYY,False,428.0,False,True,False,True
2171,1451,Germany,116,2023-06-20,1451,DE,116,2023-06-20,False,False,False,False,False,False,valid,YYYY-MM-DD,False,560.0,False,True,False,True
2172,1452,Czech Republic,144,2023-08-27,1452,Czechia,144,2023-08-27,False,False,False,False,False,False,valid,YYYY-MM-DD,False,492.0,False,True,False,True
2173,1452,Poland,156,2023-12-12,1452,Polska,156,2023-12-12,False,False,False,False,False,False,valid,YYYY-MM-DD,False,385.0,False,True,False,True
2174,1453,Czech Republic,335,2023-07-31,1453,CZ,335,2023-07-31,False,False,False,False,False,False,valid,YYYY-MM-DD,False,519.0,False,True,False,True
2175,1454,Germany,207,2024-02-12,1454,Deutschland,207,12/02/2024,False,False,False,False,False,False,valid,DD-MM-YYYY,True,323.0,False,True,False,True
2176,1455,Germany,205,2024-08-20,1455,Germany,205,2024-08-20,False,False,False,False,False,False,valid,YYYY-MM-DD,False,133.0,False,True,False,True
2177,1456,Czech Republic,0,2023-09-26,1456,Czech Republic,0,2023-09-26,False,False,False,False,True,False,valid,YYYY-MM-DD,False,462.0,False,True,False,True
2178,1456,Poland,138,2024-11-13,1456,poland,138,2024-11-13,False,False,False,False,False,False,valid,YYYY-MM-DD,False,48.0,False,False,False,True
2179,1457,Czech Republic,446,2024-03-06,1457,Czech,446,2024-03-06,False,False,False,False,False,False,valid,YYYY-MM-DD,False,300.0,False,True,False,True
2180,1458,Poland,315,2023-10-13,1458,POL,315,13-10-2023,False,False,False,False,False,False,valid,DD-MM-YYYY,False,445.0,False,True,False,True
2181,1459,Germany,176,2023-08-17,1459,DE,176,2023-08-17,False,False,False,False,False,False,valid,YYYY-MM-DD,False,502.0,False,True,False,True
2182,1460,Czech Republic,123,2023-06-17,1460,Czechia,123,2023-06-17,False,False,False,False,False,False,valid,YYYY-MM-DD,False,563.0,False,True,False,True
2183,1460,Poland,150,2023-09-24,1460,poland,150,24-09-2023,False,False,False,False,False,False,valid,DD-MM-YYYY,False,464.0,False,True,False,True
2184,1461,Czech Republic,250,2023-08-24,1461,Czech Republic,250,2023-08-24,False,False,False,False,False,False,valid,YYYY-MM-DD,False,495.0,False,True,False,True
2185,1462,Germany,217,2024-03-27,1462,GER,217,2024-03-27,False,False,False,False,False,False,valid,YYYY-MM-DD,False,279.0,False,True,False,True
2186,1463,Czech Republic,286,2024-04-29,1463,Czech,286,2024-04-29,False,False,False,False,False,False,valid,YYYY-MM-DD,False,246.0,False,True,False,True
2187,1464,Poland,259,2024-06-09,1464,POL,259,2024-06-09,False,False,False,False,False,False,valid,YYYY-MM-DD,False,205.0,False,True,False,True
2188,1464,Germany,200,2023-10-13,1464,GER,200,2023/10/13,False,False,False,False,False,False,valid,YYYY-MM-DD,False,445.0,False,True,False,True
2189,1465,Germany,190,2023-08-08,1465,DE,190,08-08-2023,False,False,False,False,False,False,valid,DD-MM-YYYY,True,511.0,False,True,False,True
2190,1466,Poland,244,2023-09-24,1466,poland,244,2023-09-24,False,False,False,False,False,False,valid,YYYY-MM-DD,False,464.0,False,True,False,True
2191,1466,Germany,228,2023-05-12,1466,Deutschland,228,2023/05/12,False,False,False,False,False,False,valid,YYYY-MM-DD,False,599.0,False,True,False,True
2192,1467,Poland,298,2024-02-21,1467,Polska,298,21-02-2024,False,False,False,False,False,False,valid,DD-MM-YYYY,False,314.0,False,True,False,True
2193,1467,Czech Republic,181,2024-09-17,1467,Czech,181,2024-09-17,False,False,False,False,False,False,valid,YYYY-MM-DD,False,105.0,False,True,False,True
2194,1468,Germany,308,2023-07-30,1468,GER,308,2023-07-30,False,False,False,False,False,False,valid,YYYY-MM-DD,False,520.0,False,True,False,True
2195,1468,Poland,149,2024-06-21,1468,Polska,149,2024-06-21,False,False,False,False,False,False,valid,YYYY-MM-DD,False,193.0,False,True,False,True
2196,1469,Poland,99,2023-07-05,1469,Polska,99,2023-07-05,False,False,False,False,False,False,valid,YYYY-MM-DD,False,545.0,False,True,False,True
2197,1470,Czech Republic,195,2024-06-29,1470,Czech,195,2024-06-29,False,False,False,False,False,False,valid,YYYY-MM-DD,False,185.0,False,True,False,True
2198,1470,Germany,243,2024-11-10,1470,Deutschland,243,2024-11-10,False,False,False,False,False,False,valid,YYYY-MM-DD,False,51.0,False,False,False,True
2199,1471,Czech Republic,315,2023-09-16,1471,czechia,315,2023-09-16,False,False,False,False,False,False,valid,YYYY-MM-DD,False,472.0,False,True,False,True
2200,1472,Germany,286,2024-09-04,1472,Deutschland,286,2024-09-04,False,False,False,False,False,False,valid,YYYY-MM-DD,False,118.0,False,True,False,True
2201,1472,Czech Republic,239,2023-06-22,1472,CZ,239,2023/06/22,False,False,False,False,False,False,valid,YYYY-MM-DD,False,558.0,False,True,False,True
2202,1473,Czech Republic,364,2023-05-28,1473,Czechia,364,2023-05-28,False,False,False,False,False,False,valid,YYYY-MM-DD,False,583.0,False,True,False,True
2203,1473,Poland,457,2024-04-21,1473,Polska,457,2024-04-21,False,False,False,False,False,False,valid,YYYY-MM-DD,False,254.0,False,True,False,True
2204,1474,Germany,107,2023-05-19,1474,Germany,107,2023-05-19,False,False,False,False,False,False,valid,YYYY-MM-DD,False,592.0,False,True,False,True
2205,1475,Czech Republic,266,2024-10-15,1475,CZ,266,2024-10-15,False,False,False,False,False,False,valid,YYYY-MM-DD,False,77.0,False,False,False,True
2206,1476,Germany,187,2023-08-06,1476,Germany,187,2023-08-06,False,False,False,False,False,False,valid,YYYY-MM-DD,False,513.0,False,True,False,True
2207,1476,Poland,234,2023-09-23,1476,PL,234,23/09/2023,False,False,False,False,False,False,valid,DD-MM-YYYY,False,465.0,False,True,False,True
2208,1477,Poland,103,2023-10-30,1477,POL,103,2023/10/30,False,False,False,False,False,False,valid,YYYY-MM-DD,False,428.0,False,True,False,True
2209,1478,Poland,82,2024-11-16,1478,Polska,82,2024-11-16,False,False,False,False,False,False,valid,YYYY-MM-DD,False,45.0,False,False,False,True
2210,1479,Czech Republic,93,2023-08-19,1479,Czechia,93,2023/08/19,False,False,False,False,False,False,valid,YYYY-MM-DD,False,500.0,False,True,False,True
2211,1480,Poland,255,2024-11-15,1480,POL,255,2024-11-15,False,False,False,False,False,False,valid,YYYY-MM-DD,False,46.0,False,False,False,True
2212,1481,Czech Republic,31,2023-05-19,1481,Czechia,31,2023.05.19,False,False,False,False,False,False,valid,YYYY-MM-DD,False,592.0,False,True,False,True
2213,1482,Germany,88,2023-05-15,1482,DE,88,2023-05-15,False,False,False,False,False,False,valid,YYYY-MM-DD,False,596.0,False,True,False,True
2214,1483,Germany,259,2024-12-29,1483,GER,259,2024-12-29,False,False,False,False,False,False,valid,YYYY-MM-DD,False,2.0,False,False,False,True
2215,1484,Poland,126,2023-12-02,1484,POL,126,2023-12-02,False,False,False,False,False,False,valid,YYYY-MM-DD,False,395.0,False,True,False,True
2216,1484,Czech Republic,131,2024-08-10,1484,czechia,131,2024-08-10,False,False,False,False,False,False,valid,YYYY-MM-DD,False,143.0,False,True,False,True
2217,1485,Czech Republic,227,2023-12-10,1485,CZ,227,2023/12/10,False,False,False,False,False,False,valid,YYYY-MM-DD,False,387.0,False,True,False,True
2218,1486,Czech Republic,111,2024-05-23,1486,Czech,111,2024/05/23,False,False,False,False,False,False,valid,YYYY-MM-DD,False,222.0,False,True,False,True
2219,1486,Germany,218,2024-10-13,1486,Germany,218,13-10-2024,False,False,False,False,False,False,valid,DD-MM-YYYY,False,79.0,False,False,False,True
2220,1487,Germany,220,2024-08-06,1487,Deutschland,220,06-08-2024,False,False,False,False,False,False,valid,DD-MM-YYYY,True,147.0,False,True,False,True
2221,1487,Czech Republic,197,2024-12-31,1487,Czech,197,2024.12.31,False,False,False,False,False,False,valid,YYYY-MM-DD,False,0.0,False,False,False,True
2222,1488,Czech Republic,497,2024-01-07,1488,Czechia,497,2024-01-07,False,False,False,False,False,False,valid,YYYY-MM-DD,False,359.0,False,True,False,True
2223,1488,Poland,190,2024-01-30,1488,Polska,190,2024-01-30,False,False,False,False,False,False,valid,YYYY-MM-DD,False,336.0,False,True,False,True
2224,1489,Germany,273,2024-05-08,1489,germany,273,2024-05-08,False,False,False,False,False,False,valid,YYYY-MM-DD,False,237.0,False,True,False,True
2225,1490,Czech Republic,47,2023-08-30,1490,Czechia,47,2023-08-30,False,False,False,False,False,False,valid,YYYY-MM-DD,False,489.0,False,True,False,True
2226,1490,Germany,182,2023-11-24,1490,GER,182,2023/11/24,False,False,False,False,False,False,valid,YYYY-MM-DD,False,403.0,False,True,False,True
2227,1491,Germany,149,2024-07-24,1491,germany,149,24/07/2024,False,False,False,False,False,False,valid,DD-MM-YYYY,False,160.0,False,True,False,True
2228,1492,Czech Republic,153,2023-12-01,1492,czechia,153,2023-12-01,False,False,False,False,False,False,valid,YYYY-MM-DD,False,396.0,False,True,False,True
2229,1492,Germany,99,2024-06-22,1492,DE,99,22-06-2024,False,False,False,False,False,False,valid,DD-MM-YYYY,False,192.0,False,True,False,True
2230,1493,Germany,302,2024-07-10,1493,Deutschland,302,2024-07-10,False,False,False,False,False,False,valid,YYYY-MM-DD,False,174.0,False,True,False,True
2231,1494,Germany,294,2024-09-18,1494,Germany,294,2024-09-18,False,False,False,False,False,False,valid,YYYY-MM-DD,False,104.0,False,True,False,True
2232,1494,Czech Republic,65,2023-12-15,1494,Czech Republic,65,2023-12-15,False,False,False,False,False,False,valid,YYYY-MM-DD,False,382.0,False,True,False,True
2233,1495,Germany,81,2023-10-30,1495,DE,81,2023-10-30,False,False,False,False,False,False,valid,YYYY-MM-DD,False,428.0,False,True,False,True
2234,1495,Poland,47,2023-07-15,1495,pl,47,2023/07/15,False,False,False,False,False,False,valid,YYYY-MM-DD,False,535.0,False,True,False,True
2235,1496,Czech Republic,180,2024-05-30,1496,CZ,180,2024-05-30,False,False,False,False,False,False,valid,YYYY-MM-DD,False,215.0,False,True,False,True
2236,1496,Germany,203,2024-02-04,1496,germany,203,2024-02-04,False,False,False,False,False,False,valid,YYYY-MM-DD,False,331.0,False,True,False,True
2237,1497,Czech Republic,50,2024-12-01,1497,czechia,50,2024-12-01,False,False,False,False,False,False,valid,YYYY-MM-DD,False,30.0,False,False,False,True
2238,1497,Poland,225,2024-04-29,1497,poland,225,2024-04-29,False,False,False,False,False,False,valid,YYYY-MM-DD,False,246.0,False,True,False,True
2239,1498,Czech Republic,392,2024-09-07,1498,Czech Republic,392,2024/09/07,False,False,False,False,False,False,valid,YYYY-MM-DD,False,115.0,False,True,False,True
2240,1498,Poland,150,2024-05-03,1498,PL,150,2024-05-03,False,False,False,False,False,False,valid,YYYY-MM-DD,False,242.0,False,True,False,True
2241,1499,Czech Republic,149,2024-08-24,1499,Czech,149,2024/08/24,False,False,False,False,False,False,valid,YYYY-MM-DD,False,129.0,False,True,False,True
2242,1499,Poland,368,2024-10-27,1499,POL,368,2024.10.27,False,False,False,False,False,False,valid,YYYY-MM-DD,False,65.0,False,False,False,True
2243,1500,Germany,249,2024-04-06,1500,germany,249,2024.04.06,False,False,False,False,False,False,valid,YYYY-MM-DD,False,269.0,False,True,False,True
2244,1501,Poland,7,2023-11-02,1501,poland,7,02-11-2023,False,False,False,False,False,False,valid,DD-MM-YYYY,True,425.0,False,True,False,True
2245,1502,Germany,162,2024-09-03,1502,Deutschland,162,2024/09/03,False,False,False,False,False,False,valid,YYYY-MM-DD,False,119.0,False,True,False,True
2246,1502,Czech Republic,237,2024-12-20,1502,czechia,237,2024/12/20,False,False,False,False,False,False,valid,YYYY-MM-DD,False,11.0,False,False,False,True
2247,1503,Germany,212,2024-11-16,1503,DE,212,2024-11-16,False,False,False,False,False,False,valid,YYYY-MM-DD,False,45.0,False,False,False,True
2248,1503,Poland,0,2024-12-05,1503,pl,0,2024-12-05,False,False,False,False,True,False,valid,YYYY-MM-DD,False,26.0,False,False,False,True
2249,1504,Czech Republic,37,2023-12-21,1504,Czech,37,2023-12-21,False,False,False,False,False,False,valid,YYYY-MM-DD,False,376.0,False,True,False,True
2250,1504,Germany,211,2023-11-25,1504,DE,211,2023-11-25,False,False,False,False,False,False,valid,YYYY-MM-DD,False,402.0,False,True,False,True
2251,1505,Czech Republic,160,2023-11-06,1505,Czech,160,06/11/2023,False,False,False,False,False,False,valid,DD-MM-YYYY,True,421.0,False,True,False,True
2252,1506,Czech Republic,332,2024-01-24,1506,CZ,332,2024.01.24,False,False,False,False,False,False,valid,YYYY-MM-DD,False,342.0,False,True,False,True
2253,1506,Poland,70,2024-04-03,1506,Poland,70,2024-04-03,False,False,False,False,False,False,valid,YYYY-MM-DD,False,272.0,False,True,False,True
2254,1507,Czech Republic,280,2024-07-24,1507,Czechia,280,2024.07.24,False,False,False,False,False,False,valid,YYYY-MM-DD,False,160.0,False,True,False,True
2255,1507,Germany,241,2023-12-25,1507,DE,241,2023-12-25,False,False,False,False,False,False,valid,YYYY-MM-DD,False,372.0,False,True,False,True
2256,1508,Poland,117,2024-08-14,1508,Poland,117,2024-08-14,False,False,False,False,False,False,valid,YYYY-MM-DD,False,139.0,False,True,False,True
2257,1509,Poland,268,2024-07-29,1509,Polska,268,2024-07-29,False,False,False,False,False,False,valid,YYYY-MM-DD,False,155.0,False,True,False,True
2258,1510,Poland,10,2023-07-15,1510,POL,10,2023-07-15,False,False,False,False,False,False,valid,YYYY-MM-DD,False,535.0,False,True,False,True
2259,1510,Germany,142,2024-09-25,1510,GER,142,2024-09-25,False,False,False,False,False,False,valid,YYYY-MM-DD,False,97.0,False,True,False,True
2260,1511,Germany,219,2024-09-01,1511,GER,219,2024-09-01,False,False,False,False,False,False,valid,YYYY-MM-DD,False,121.0,False,True,False,True
2261,1512,Czech Republic,288,2024-12-23,1512,Czechia,288,2024.12.23,False,False,False,False,False,False,valid,YYYY-MM-DD,False,8.0,False,False,False,True
2262,1513,Czech Republic,301,2024-10-03,1513,Czechia,301,2024-10-03,False,False,False,False,False,False,valid,YYYY-MM-DD,False,89.0,False,False,False,True
2263,1514,Poland,310,2023-10-29,1514,Poland,310,2023/10/29,False,False,False,False,False,False,valid,YYYY-MM-DD,False,429.0,False,True,False,True
2264,1515,Czech Republic,219,2024-08-15,1515,CZ,219,2024-08-15,False,False,False,False,False,False,valid,YYYY-MM-DD,False,138.0,False,True,False,True
2265,1516,Poland,189,2023-11-09,1516,pl,189,2023-11-09,False,False,False,False,False,False,valid,YYYY-MM-DD,False,418.0,False,True,False,True
2266,1517,Germany,241,2024-08-25,1517,GER,241,2024-08-25,False,False,False,False,False,False,valid,YYYY-MM-DD,False,128.0,False,True,False,True
2267,1518,Czech Republic,67,2024-07-05,1518,czechia,67,2024/07/05,False,False,False,False,False,False,valid,YYYY-MM-DD,False,179.0,False,True,False,True
2268,1519,Czech Republic,403,2024-04-24,1519,Czechia,403,24-04-2024,False,False,False,False,False,False,valid,DD-MM-YYYY,False,251.0,False,True,False,True
2269,1519,Poland,275,2024-07-15,1519,pl,275,15-07-2024,False,False,False,False,False,False,valid,DD-MM-YYYY,False,169.0,False,True,False,True
2270,1520,Czech Republic,73,2023-06-01,1520,Czechia,73,01-06-2023,False,False,False,False,False,False,valid,DD-MM-YYYY,True,579.0,False,True,False,True
2271,1520,Germany,177,2024-05-16,1520,germany,177,16-05-2024,False,False,False,False,False,False,valid,DD-MM-YYYY,False,229.0,False,True,False,True
2272,1521,Poland,238,2024-09-02,1521,pl,238,02-09-2024,False,False,False,False,False,False,valid,DD-MM-YYYY,True,120.0,False,True,False,True
2273,1521,Germany,182,2023-12-31,1521,DE,182,2023-12-31,False,False,False,False,False,False,valid,YYYY-MM-DD,False,366.0,False,True,False,True
2274,1522,Poland,146,2024-05-22,1522,pl,146,2024-05-22,False,False,False,False,False,False,valid,YYYY-MM-DD,False,223.0,False,True,False,True
2275,1523,Poland,338,2024-05-10,1523,Poland,338,2024-05-10,False,False,False,False,False,False,valid,YYYY-MM-DD,False,235.0,False,True,False,True
2276,1524,Germany,97,2024-05-05,1524,GER,97,2024/05/05,False,False,False,False,False,False,valid,YYYY-MM-DD,False,240.0,False,True,False,True
2277,1525,Germany,0,2023-12-28,1525,germany,0,2023-12-28,False,False,False,False,True,False,valid,YYYY-MM-DD,False,369.0,False,True,False,True
2278,1526,Czech Republic,228,2024-12-03,1526,czechia,228,2024-12-03,False,False,False,False,False,False,valid,YYYY-MM-DD,False,28.0,False,False,False,True
2279,1526,Poland,63,2024-01-17,1526,PL,63,2024-01-17,False,False,False,False,False,False,valid,YYYY-MM-DD,False,349.0,False,True,False,True
2280,1527,Poland,320,2023-06-03,1527,PL,320,03-06-2023,False,False,False,False,False,False,valid,DD-MM-YYYY,True,577.0,False,True,False,True
2281,1527,Czech Republic,143,2023-08-11,1527,Czech Republic,143,11/08/2023,False,False,False,False,False,False,valid,DD-MM-YYYY,True,508.0,False,True,False,True
2282,1528,Czech Republic,219,2023-10-16,1528,CZ,219,2023-10-16,False,False,False,False,False,False,valid,YYYY-MM-DD,False,442.0,False,True,False,True
2283,1529,Germany,354,2023-06-08,1529,Deutschland,354,2023-06-08,False,False,False,False,False,False,valid,YYYY-MM-DD,False,572.0,False,True,False,True
2284,1530,Czech Republic,198,2024-09-06,1530,Czech Republic,198,2024-09-06,False,False,False,False,False,False,valid,YYYY-MM-DD,False,116.0,False,True,False,True
2285,1531,Poland,264,2024-09-30,1531,pl,264,30-09-2024,False,False,False,False,False,False,valid,DD-MM-YYYY,False,92.0,False,True,False,True
2286,1531,Czech Republic,270,2023-05-23,1531,Czechia,270,2023/05/23,False,False,False,False,False,False,valid,YYYY-MM-DD,False,588.0,False,True,False,True
2287,1532,Poland,383,2024-01-09,1532,Polska,383,2024-01-09,False,False,False,False,False,False,valid,YYYY-MM-DD,False,357.0,False,True,False,True
2288,1532,Germany,376,2023-09-12,1532,Deutschland,376,2023.09.12,False,False,False,False,False,False,valid,YYYY-MM-DD,False,476.0,False,True,False,True
2289,1533,Czech Republic,121,2024-08-22,1533,CZ,121,2024-08-22,False,False,False,False,False,False,valid,YYYY-MM-DD,False,131.0,False,True,False,True
2290,1534,Czech Republic,214,2023-09-20,1534,CZ,214,2023/09/20,False,False,False,False,False,False,valid,YYYY-MM-DD,False,468.0,False,True,False,True
2291,1534,Poland,0,2023-06-21,1534,Poland,0,21-06-2023,False,False,False,False,True,False,valid,DD-MM-YYYY,False,559.0,False,True,False,True
2292,1535,Czech Republic,262,2023-07-01,1535,Czech,262,2023-07-01,False,False,False,False,False,False,valid,YYYY-MM-DD,False,549.0,False,True,False,True
2293,1535,Poland,0,2023-10-15,1535,Poland,0,2023/10/15,False,False,False,False,True,False,valid,YYYY-MM-DD,False,443.0,False,True,False,True
2294,1536,Czech Republic,157,2023-05-25,1536,Czech,157,2023-05-25,False,False,False,False,False,False,valid,YYYY-MM-DD,False,586.0,False,True,False,True
2295,1537,Poland,226,2024-10-30,1537,pl,226,2024.10.30,False,False,False,False,False,False,valid,YYYY-MM-DD,False,62.0,False,False,False,True
2296,1538,Czech Republic,301,2024-05-10,1538,czechia,301,2024-05-10,False,False,False,False,False,False,valid,YYYY-MM-DD,False,235.0,False,True,False,True
2297,1538,Poland,408,2023-10-18,1538,POL,408,18/10/2023,False,False,False,False,False,False,valid,DD-MM-YYYY,False,440.0,False,True,False,True
2298,1539,Germany,0,2023-07-24,1539,germany,0,2023/07/24,False,False,False,False,True,False,valid,YYYY-MM-DD,False,526.0,False,True,False,True
2299,1539,Poland,166,2024-08-26,1539,Poland,166,26-08-2024,False,False,False,False,False,False,valid,DD-MM-YYYY,False,127.0,False,True,False,True
2300,1540,Poland,178,2024-07-10,1540,PL,178,2024-07-10,False,False,False,False,False,False,valid,YYYY-MM-DD,False,174.0,False,True,False,True
2301,1540,Germany,286,2024-04-26,1540,GER,286,2024-04-26,False,False,False,False,False,False,valid,YYYY-MM-DD,False,249.0,False,True,False,True
2302,1541,Germany,202,2023-12-01,1541,Deutschland,202,2023-12-01,False,False,False,False,False,False,valid,YYYY-MM-DD,False,396.0,False,True,False,True
2303,1541,Poland,8,2023-06-30,1541,Polska,8,2023-06-30,False,False,False,False,False,False,valid,YYYY-MM-DD,False,550.0,False,True,False,True
2304,1542,Germany,346,2023-10-22,1542,Germany,346,2023-10-22,False,False,False,False,False,False,valid,YYYY-MM-DD,False,436.0,False,True,False,True
2305,1543,Czech Republic,0,2024-01-30,1543,Czech,0,2024-01-30,False,False,False,False,True,False,valid,YYYY-MM-DD,False,336.0,False,True,False,True
2306,1543,Germany,96,2023-10-28,1543,germany,96,2023.10.28,False,False,False,False,False,False,valid,YYYY-MM-DD,False,430.0,False,True,False,True
2307,1544,Poland,191,2024-06-12,1544,pl,191,2024/06/12,False,False,False,False,False,False,valid,YYYY-MM-DD,False,202.0,False,True,False,True
2308,1545,Czech Republic,180,2023-07-17,1545,Czech Republic,180,2023-07-17,False,False,False,False,False,False,valid,YYYY-MM-DD,False,533.0,False,True,False,True
2309,1545,Germany,233,2024-03-08,1545,germany,233,2024-03-08,False,False,False,False,False,False,valid,YYYY-MM-DD,False,298.0,False,True,False,True
2310,1546,Poland,331,2023-11-18,1546,poland,331,2023/11/18,False,False,False,False,False,False,valid,YYYY-MM-DD,False,409.0,False,True,False,True
2311,1546,Germany,158,2023-10-25,1546,Deutschland,158,2023-10-25,False,False,False,False,False,False,valid,YYYY-MM-DD,False,433.0,False,True,False,True
2312,1547,Poland,65,2023-08-16,1547,poland,65,2023-08-16,False,False,False,False,False,False,valid,YYYY-MM-DD,False,503.0,False,True,False,True
2313,1548,Poland,138,2024-11-16,1548,pl,138,2024-11-16,False,False,False,False,False,False,valid,YYYY-MM-DD,False,45.0,False,False,False,True
2314,1549,Czech Republic,130,2024-08-17,1549,czechia,130,2024/08/17,False,False,False,False,False,False,valid,YYYY-MM-DD,False,136.0,False,True,False,True
2315,1549,Poland,241,2023-05-25,1549,poland,241,2023-05-25,False,False,False,False,False,False,valid,YYYY-MM-DD,False,586.0,False,True,False,True
2316,1550,Czech Republic,216,2024-01-28,1550,Czech,216,2024.01.28,False,False,False,False,False,False,valid,YYYY-MM-DD,False,338.0,False,True,False,True
2317,1551,Poland,136,2023-07-28,1551,PL,136,28-07-2023,False,False,False,False,False,False,valid,DD-MM-YYYY,False,522.0,False,True,False,True
2318,1552,Czech Republic,82,2023-06-09,1552,CZ,82,2023-06-09,False,False,False,False,False,False,valid,YYYY-MM-DD,False,571.0,False,True,False,True
2319,1552,Poland,138,2023-10-11,1552,Poland,138,2023.10.11,False,False,False,False,False,False,valid,YYYY-MM-DD,False,447.0,False,True,False,True
2320,1553,Poland,377,2024-01-01,1553,PL,377,2024/01/01,False,False,False,False,False,False,valid,YYYY-MM-DD,False,365.0,False,True,False,True
2321,1554,Poland,53,2024-07-20,1554,PL,53,2024-07-20,False,False,False,False,False,False,valid,YYYY-MM-DD,False,164.0,False,True,False,True
2322,1555,Poland,109,2024-03-14,1555,PL,109,2024.03.14,False,False,False,False,False,False,valid,YYYY-MM-DD,False,292.0,False,True,False,True
2323,1556,Germany,113,2023-07-22,1556,GER,113,2023-07-22,False,False,False,False,False,False,valid,YYYY-MM-DD,False,528.0,False,True,False,True
2324,1557,Germany,174,2023-09-16,1557,DE,174,2023/09/16,False,False,False,False,False,False,valid,YYYY-MM-DD,False,472.0,False,True,False,True
2325,1558,Czech Republic,173,2024-03-04,1558,Czechia,173,2024-03-04,False,False,False,False,False,False,valid,YYYY-MM-DD,False,302.0,False,True,False,True
2326,1559,Germany,162,2024-02-01,1559,Deutschland,162,01-02-2024,False,False,False,False,False,False,valid,DD-MM-YYYY,True,334.0,False,True,False,True
2327,1559,Poland,0,2024-09-29,1559,pl,0,2024-09-29,False,False,False,False,True,False,valid,YYYY-MM-DD,False,93.0,False,True,False,True
2328,1560,Czech Republic,257,2023-12-15,1560,czechia,257,15-12-2023,False,False,False,False,False,False,valid,DD-MM-YYYY,False,382.0,False,True,False,True
2329,1560,Germany,142,2023-10-11,1560,Germany,142,2023/10/11,False,False,False,False,False,False,valid,YYYY-MM-DD,False,447.0,False,True,False,True
2330,1561,Poland,0,2024-10-15,1561,POL,0,2024.10.15,False,False,False,False,True,False,valid,YYYY-MM-DD,False,77.0,False,False,False,True
2331,1561,Czech Republic,537,2024-04-19,1561,Czech Republic,537,2024/04/19,False,False,False,False,False,False,valid,YYYY-MM-DD,False,256.0,False,True,False,True
2332,1562,Poland,100,2024-10-31,1562,POL,100,2024-10-31,False,False,False,False,False,False,valid,YYYY-MM-DD,False,61.0,False,False,False,True
2333,1563,Germany,300,2024-04-02,1563,GER,300,02-04-2024,False,False,False,False,False,False,valid,DD-MM-YYYY,True,273.0,False,True,False,True
2334,1564,Poland,103,2023-08-24,1564,POL,103,2023/08/24,False,False,False,False,False,False,valid,YYYY-MM-DD,False,495.0,False,True,False,True
2335,1565,Poland,104,2024-02-09,1565,POL,104,09-02-2024,False,False,False,False,False,False,valid,DD-MM-YYYY,True,326.0,False,True,False,True
2336,1565,Germany,138,2024-05-09,1565,Deutschland,138,09/05/2024,False,False,False,False,False,False,valid,DD-MM-YYYY,True,236.0,False,True,False,True
2337,1566,Czech Republic,181,2023-09-06,1566,CZ,181,2023-09-06,False,False,False,False,False,False,valid,YYYY-MM-DD,False,482.0,False,True,False,True
2338,1567,Czech Republic,122,2023-08-29,1567,Czech,122,2023-08-29,False,False,False,False,False,False,valid,YYYY-MM-DD,False,490.0,False,True,False,True
2339,1568,Germany,118,2023-11-07,1568,GER,118,2023.11.07,False,False,False,False,False,False,valid,YYYY-MM-DD,False,420.0,False,True,False,True
2340,1568,Poland,120,2024-04-27,1568,Polska,120,2024-04-27,False,False,False,False,False,False,valid,YYYY-MM-DD,False,248.0,False,True,False,True
2341,1569,Germany,93,2023-09-27,1569,Germany,93,2023-09-27,False,False,False,False,False,False,valid,YYYY-MM-DD,False,461.0,False,True,False,True
2342,1569,Poland,186,2023-07-15,1569,PL,186,2023-07-15,False,False,False,False,False,False,valid,YYYY-MM-DD,False,535.0,False,True,False,True
2343,1570,Czech Republic,330,2023-06-14,1570,CZ,330,2023-06-14,False,False,False,False,False,False,valid,YYYY-MM-DD,False,566.0,False,True,False,True
2344,1570,Poland,2,2024-08-22,1570,Poland,2,2024.08.22,False,False,False,False,False,False,valid,YYYY-MM-DD,False,131.0,False,True,False,True
2345,1571,Czech Republic,202,2024-02-24,1571,Czech,202,2024-02-24,False,False,False,False,False,False,valid,YYYY-MM-DD,False,311.0,False,True,False,True
2346,1572,Poland,0,2023-08-26,1572,pl,0,2023-08-26,False,False,False,False,True,False,valid,YYYY-MM-DD,False,493.0,False,True,False,True
2347,1573,Germany,233,2024-11-26,1573,Deutschland,233,2024-11-26,False,False,False,False,False,False,valid,YYYY-MM-DD,False,35.0,False,False,False,True
2348,1574,Poland,129,2023-10-16,1574,POL,129,2023-10-16,False,False,False,False,False,False,valid,YYYY-MM-DD,False,442.0,False,True,False,True
2349,1575,Poland,215,2024-12-31,1575,POL,215,2024.12.31,False,False,False,False,False,False,valid,YYYY-MM-DD,False,0.0,False,False,False,True
2350,1576,Czech Republic,0,2023-11-22,1576,czechia,0,2023-11-22,False,False,False,False,True,False,valid,YYYY-MM-DD,False,405.0,False,True,False,True
2351,1576,Poland,176,2024-09-03,1576,POL,176,2024-09-03,False,False,False,False,False,False,valid,YYYY-MM-DD,False,119.0,False,True,False,True
2352,1577,Germany,0,2023-11-04,1577,germany,0,2023-11-04,False,False,False,False,True,False,valid,YYYY-MM-DD,False,423.0,False,True,False,True
2353,1578,Poland,203,2023-10-17,1578,POL,203,2023-10-17,False,False,False,False,False,False,valid,YYYY-MM-DD,False,441.0,False,True,False,True
2354,1578,Czech Republic,148,2024-01-30,1578,Czech,148,30-01-2024,False,False,False,False,False,False,valid,DD-MM-YYYY,False,336.0,False,True,False,True
2355,1579,Germany,439,2024-09-14,1579,Germany,439,14-09-2024,False,False,False,False,False,False,valid,DD-MM-YYYY,False,108.0,False,True,False,True
2356,1580,Germany,70,2023-12-04,1580,DE,70,2023-12-04,False,False,False,False,False,False,valid,YYYY-MM-DD,False,393.0,False,True,False,True
2357,1580,Poland,296,2024-07-24,1580,poland,296,2024-07-24,False,False,False,False,False,False,valid,YYYY-MM-DD,False,160.0,False,True,False,True
2358,1581,Poland,239,2023-05-30,1581,pl,239,2023/05/30,False,False,False,False,False,False,valid,YYYY-MM-DD,False,581.0,False,True,False,True
2359,1581,Czech Republic,236,2024-11-30,1581,Czech Republic,236,2024-11-30,False,False,False,False,False,False,valid,YYYY-MM-DD,False,31.0,False,False,False,True
2360,1582,Germany,0,2023-10-01,1582,Deutschland,0,2023-10-01,False,False,False,False,True,False,valid,YYYY-MM-DD,False,457.0,False,True,False,True
2361,1583,Poland,236,2024-09-30,1583,Polska,236,2024/09/30,False,False,False,False,False,False,valid,YYYY-MM-DD,False,92.0,False,True,False,True
2362,1583,Czech Republic,0,2024-09-11,1583,czechia,0,2024.09.11,False,False,False,False,True,False,valid,YYYY-MM-DD,False,111.0,False,True,False,True
2363,1584,Germany,107,2023-07-14,1584,Germany,107,2023/07/14,False,False,False,False,False,False,valid,YYYY-MM-DD,False,536.0,False,True,False,True
2364,1584,Poland,495,2023-11-30,1584,poland,495,2023-11-30,False,False,False,False,False,False,valid,YYYY-MM-DD,False,397.0,False,True,False,True
2365,1585,Czech Republic,267,2023-08-15,1585,Czech Republic,267,2023-08-15,False,False,False,False,False,False,valid,YYYY-MM-DD,False,504.0,False,True,False,True
2366,1585,Poland,140,2024-02-13,1585,pl,140,2024-02-13,False,False,False,False,False,False,valid,YYYY-MM-DD,False,322.0,False,True,False,True
2367,1586,Czech Republic,46,2024-04-28,1586,Czech,46,2024/04/28,False,False,False,False,False,False,valid,YYYY-MM-DD,False,247.0,False,True,False,True
2368,1586,Poland,314,2023-09-25,1586,PL,314,25-09-2023,False,False,False,False,False,False,valid,DD-MM-YYYY,False,463.0,False,True,False,True
2369,1587,Germany,0,2024-10-30,1587,DE,0,2024-10-30,False,False,False,False,True,False,valid,YYYY-MM-DD,False,62.0,False,False,False,True
2370,1588,Poland,190,2023-05-21,1588,PL,190,2023/05/21,False,False,False,False,False,False,valid,YYYY-MM-DD,False,590.0,False,True,False,True
2371,1588,Germany,260,2024-07-15,1588,Germany,260,15-07-2024,False,False,False,False,False,False,valid,DD-MM-YYYY,False,169.0,False,True,False,True
2372,1589,Czech Republic,332,2024-03-29,1589,Czech,332,2024-03-29,False,False,False,False,False,False,valid,YYYY-MM-DD,False,277.0,False,True,False,True
2373,1590,Germany,430,2024-12-26,1590,germany,430,2024/12/26,False,False,False,False,False,False,valid,YYYY-MM-DD,False,5.0,False,False,False,True
2374,1591,Poland,184,2023-12-25,1591,POL,184,2023.12.25,False,False,False,False,False,False,valid,YYYY-MM-DD,False,372.0,False,True,False,True
2375,1591,Germany,197,2024-06-24,1591,Deutschland,197,2024.06.24,False,False,False,False,False,False,valid,YYYY-MM-DD,False,190.0,False,True,False,True
2376,1592,Czech Republic,191,2023-06-10,1592,CZ,191,2023-06-10,False,False,False,False,False,False,valid,YYYY-MM-DD,False,570.0,False,True,False,True
2377,1593,Germany,0,2024-01-25,1593,Deutschland,0,2024/01/25,False,False,False,False,True,False,valid,YYYY-MM-DD,False,341.0,False,True,False,True
2378,1594,Czech Republic,76,2024-03-21,1594,Czech Republic,76,2024-03-21,False,False,False,False,False,False,valid,YYYY-MM-DD,False,285.0,False,True,False,True
2379,1594,Poland,163,2024-06-18,1594,pl,163,2024-06-18,False,False,False,False,False,False,valid,YYYY-MM-DD,False,196.0,False,True,False,True
2380,1595,Germany,234,2024-08-27,1595,DE,234,2024-08-27,False,False,False,False,False,False,valid,YYYY-MM-DD,False,126.0,False,True,False,True
2381,1596,Poland,112,2024-04-28,1596,PL,112,2024-04-28,False,False,False,False,False,False,valid,YYYY-MM-DD,False,247.0,False,True,False,True
2382,1596,Czech Republic,166,2024-12-14,1596,CZ,166,2024-12-14,False,False,False,False,False,False,valid,YYYY-MM-DD,False,17.0,False,False,False,True
2383,1597,Poland,0,2023-10-24,1597,POL,0,2023-10-24,False,False,False,False,True,False,valid,YYYY-MM-DD,False,434.0,False,True,False,True
2384,1598,Czech Republic,227,2024-11-25,1598,Czechia,227,2024-11-25,False,False,False,False,False,False,valid,YYYY-MM-DD,False,36.0,False,False,False,True
2385,1599,Germany,305,2024-10-18,1599,GER,305,2024-10-18,False,False,False,False,False,False,valid,YYYY-MM-DD,False,74.0,False,False,False,True
2386,1599,Czech Republic,301,2024-04-28,1599,Czech Republic,301,2024-04-28,False,False,False,False,False,False,valid,YYYY-MM-DD,False,247.0,False,True,False,True
2387,1600,Germany,328,2024-08-28,1600,GER,328,28-08-2024,False,False,False,False,False,False,valid,DD-MM-YYYY,False,125.0,False,True,False,True
2388,1601,Poland,0,2023-06-05,1601,PL,0,2023-06-05,False,False,False,False,True,False,valid,YYYY-MM-DD,False,575.0,False,True,False,True
2389,1602,Poland,394,2024-09-09,1602,pl,394,2024-09-09,False,False,False,False,False,False,valid,YYYY-MM-DD,False,113.0,False,True,False,True
2390,1602,Germany,283,2023-12-02,1602,Deutschland,283,2023-12-02,False,False,False,False,False,False,valid,YYYY-MM-DD,False,395.0,False,True,False,True
2391,1603,Germany,213,2023-09-20,1603,GER,213,20/09/2023,False,False,False,False,False,False,valid,DD-MM-YYYY,False,468.0,False,True,False,True
2392,1604,Poland,208,2024-12-28,1604,pl,208,2024-12-28,False,False,False,False,False,False,valid,YYYY-MM-DD,False,3.0,False,False,False,True
2393,1605,Germany,116,2024-06-01,1605,Germany,116,2024-06-01,False,False,False,False,False,False,valid,YYYY-MM-DD,False,213.0,False,True,False,True
2394,1606,Czech Republic,0,2024-06-24,1606,Czechia,0,24-06-2024,False,False,False,False,True,False,valid,DD-MM-YYYY,False,190.0,False,True,False,True
2395,1606,Poland,84,2023-11-13,1606,POL,84,2023/11/13,False,False,False,False,False,False,valid,YYYY-MM-DD,False,414.0,False,True,False,True
2396,1607,Czech Republic,184,2023-08-04,1607,Czech,184,2023-08-04,False,False,False,False,False,False,valid,YYYY-MM-DD,False,515.0,False,True,False,True
2397,1608,Czech Republic,90,2023-09-25,1608,czechia,90,2023/09/25,False,False,False,False,False,False,valid,YYYY-MM-DD,False,463.0,False,True,False,True
2398,1609,Germany,177,2024-05-05,1609,germany,177,2024-05-05,False,False,False,False,False,False,valid,YYYY-MM-DD,False,240.0,False,True,False,True
2399,1610,Czech Republic,228,2023-10-04,1610,Czech,228,2023.10.04,False,False,False,False,False,False,valid,YYYY-MM-DD,False,454.0,False,True,False,True
2400,1610,Germany,96,2024-09-07,1610,Deutschland,96,2024-09-07,False,False,False,False,False,False,valid,YYYY-MM-DD,False,115.0,False,True,False,True
2401,1611,Germany,193,2024-04-11,1611,Germany,193,11-04-2024,False,False,False,False,False,False,valid,DD-MM-YYYY,True,264.0,False,True,False,True
2402,1611,Czech Republic,427,2024-12-04,1611,Czech,427,2024-12-04,False,False,False,False,False,False,valid,YYYY-MM-DD,False,27.0,False,False,False,True
2403,1612,Czech Republic,293,2023-08-05,1612,czechia,293,2023-08-05,False,False,False,False,False,False,valid,YYYY-MM-DD,False,514.0,False,True,False,True
2404,1612,Germany,324,2023-09-22,1612,Germany,324,2023-09-22,False,False,False,False,False,False,valid,YYYY-MM-DD,False,466.0,False,True,False,True
2405,1613,Poland,75,2023-09-15,1613,Polska,75,15/09/2023,False,False,False,False,False,False,valid,DD-MM-YYYY,False,473.0,False,True,False,True
2406,1613,Czech Republic,461,2023-12-10,1613,CZ,461,2023/12/10,False,False,False,False,False,False,valid,YYYY-MM-DD,False,387.0,False,True,False,True
2407,1614,Poland,251,2024-07-22,1614,Polska,251,2024-07-22,False,False,False,False,False,False,valid,YYYY-MM-DD,False,162.0,False,True,False,True
2408,1615,Czech Republic,146,2023-12-17,1615,czechia,146,2023/12/17,False,False,False,False,False,False,valid,YYYY-MM-DD,False,380.0,False,True,False,True
2409,1615,Germany,253,2024-06-28,1615,germany,253,2024-06-28,False,False,False,False,False,False,valid,YYYY-MM-DD,False,186.0,False,True,False,True
2410,1616,Czech Republic,70,2023-05-31,1616,CZ,70,2023-05-31,False,False,False,False,False,False,valid,YYYY-MM-DD,False,580.0,False,True,False,True
2411,1617,Germany,0,2024-05-01,1617,Germany,0,01-05-2024,False,False,False,False,True,False,valid,DD-MM-YYYY,True,244.0,False,True,False,True
2412,1617,Poland,137,2023-11-20,1617,PL,137,2023-11-20,False,False,False,False,False,False,valid,YYYY-MM-DD,False,407.0,False,True,False,True
2413,1618,Poland,347,2023-09-03,1618,Poland,347,2023-09-03,False,False,False,False,False,False,valid,YYYY-MM-DD,False,485.0,False,True,False,True
2414,1619,Germany,0,2023-10-14,1619,germany,0,2023-10-14,False,False,False,False,True,False,valid,YYYY-MM-DD,False,444.0,False,True,False,True
2415,1620,Poland,341,2024-02-08,1620,PL,341,2024-02-08,False,False,False,False,False,False,valid,YYYY-MM-DD,False,327.0,False,True,False,True
2416,1621,Czech Republic,185,2024-03-23,1621,czechia,185,2024-03-23,False,False,False,False,False,False,valid,YYYY-MM-DD,False,283.0,False,True,False,True
2417,1621,Germany,168,2023-08-10,1621,DE,168,2023-08-10,False,False,False,False,False,False,valid,YYYY-MM-DD,False,509.0,False,True,False,True
2418,1622,Germany,296,2023-10-10,1622,germany,296,2023-10-10,False,False,False,False,False,False,valid,YYYY-MM-DD,False,448.0,False,True,False,True
2419,1623,Poland,279,2023-08-16,1623,PL,279,2023/08/16,False,False,False,False,False,False,valid,YYYY-MM-DD,False,503.0,False,True,False,True
2420,1623,Czech Republic,270,2024-05-31,1623,Czech,270,2024-05-31,False,False,False,False,False,False,valid,YYYY-MM-DD,False,214.0,False,True,False,True
2421,1624,Poland,563,2024-04-02,1624,Poland,563,2024-04-02,False,False,False,False,False,False,valid,YYYY-MM-DD,False,273.0,False,True,False,True
2422,1625,Germany,10,2024-03-10,1625,DE,10,2024-03-10,False,False,False,False,False,False,valid,YYYY-MM-DD,False,296.0,False,True,False,True
2423,1626,Germany,221,2023-05-28,1626,Germany,221,2023-05-28,False,False,False,False,False,False,valid,YYYY-MM-DD,False,583.0,False,True,False,True
2424,1627,Poland,371,2023-11-22,1627,Poland,371,2023/11/22,False,False,False,False,False,False,valid,YYYY-MM-DD,False,405.0,False,True,False,True
2425,1628,Poland,196,2023-06-22,1628,POL,196,2023-06-22,False,False,False,False,False,False,valid,YYYY-MM-DD,False,558.0,False,True,False,True
2426,1628,Czech Republic,216,2024-06-09,1628,Czechia,216,09-06-2024,False,False,False,False,False,False,valid,DD-MM-YYYY,True,205.0,False,True,False,True
2427,1629,Poland,86,2023-07-08,1629,PL,86,2023-07-08,False,False,False,False,False,False,valid,YYYY-MM-DD,False,542.0,False,True,False,True
2428,1629,Germany,374,2024-10-09,1629,Germany,374,2024.10.09,False,False,False,False,False,False,valid,YYYY-MM-DD,False,83.0,False,False,False,True
2429,1630,Germany,445,2024-11-26,1630,GER,445,26/11/2024,False,False,False,False,False,False,valid,DD-MM-YYYY,False,35.0,False,False,False,True
2430,1630,Poland,112,2023-09-15,1630,poland,112,2023/09/15,False,False,False,False,False,False,valid,YYYY-MM-DD,False,473.0,False,True,False,True
2431,1631,Czech Republic,279,2024-04-21,1631,Czech,279,2024-04-21,False,False,False,False,False,False,valid,YYYY-MM-DD,False,254.0,False,True,False,True
2432,1632,Germany,77,2024-06-02,1632,GER,77,02-06-2024,False,False,False,False,False,False,valid,DD-MM-YYYY,True,212.0,False,True,False,True
2433,1633,Germany,224,2023-08-21,1633,Deutschland,224,2023-08-21,False,False,False,False,False,False,valid,YYYY-MM-DD,False,498.0,False,True,False,True
2434,1634,Czech Republic,131,2023-12-01,1634,Czech Republic,131,2023-12-01,False,False,False,False,False,False,valid,YYYY-MM-DD,False,396.0,False,True,False,True
2435,1635,Czech Republic,123,2023-06-14,1635,CZ,123,2023/06/14,False,False,False,False,False,False,valid,YYYY-MM-DD,False,566.0,False,True,False,True
2436,1636,Czech Republic,253,2024-08-03,1636,Czechia,253,2024-08-03,False,False,False,False,False,False,valid,YYYY-MM-DD,False,150.0,False,True,False,True
2437,1637,Czech Republic,277,2023-06-06,1637,Czechia,277,2023-06-06,False,False,False,False,False,False,valid,YYYY-MM-DD,False,574.0,False,True,False,True
2438,1637,Germany,313,2023-07-10,1637,Germany,313,2023-07-10,False,False,False,False,False,False,valid,YYYY-MM-DD,False,540.0,False,True,False,True
2439,1638,Poland,209,2024-08-26,1638,poland,209,2024-08-26,False,False,False,False,False,False,valid,YYYY-MM-DD,False,127.0,False,True,False,True
2440,1638,Germany,159,2024-04-02,1638,germany,159,2024-04-02,False,False,False,False,False,False,valid,YYYY-MM-DD,False,273.0,False,True,False,True
2441,1639,Czech Republic,145,2023-12-18,1639,Czechia,145,18-12-2023,False,False,False,False,False,False,valid,DD-MM-YYYY,False,379.0,False,True,False,True
2442,1639,Germany,37,2023-06-26,1639,Germany,37,26-06-2023,False,False,False,False,False,False,valid,DD-MM-YYYY,False,554.0,False,True,False,True
2443,1640,Germany,204,2024-05-20,1640,DE,204,2024-05-20,False,False,False,False,False,False,valid,YYYY-MM-DD,False,225.0,False,True,False,True
2444,1640,Poland,69,2024-12-12,1640,pl,69,2024/12/12,False,False,False,False,False,False,valid,YYYY-MM-DD,False,19.0,False,False,False,True
2445,1641,Germany,0,2024-12-25,1641,Deutschland,0,2024-12-25,False,False,False,False,True,False,valid,YYYY-MM-DD,False,6.0,False,False,False,True
2446,1641,Czech Republic,51,2023-09-22,1641,Czechia,51,22-09-2023,False,False,False,False,False,False,valid,DD-MM-YYYY,False,466.0,False,True,False,True
2447,1642,Poland,114,2024-06-04,1642,Poland,114,2024-06-04,False,False,False,False,False,False,valid,YYYY-MM-DD,False,210.0,False,True,False,True
2448,1643,Czech Republic,77,2024-10-18,1643,Czech,77,2024-10-18,False,False,False,False,False,False,valid,YYYY-MM-DD,False,74.0,False,False,False,True
2449,1643,Poland,309,2024-11-13,1643,pl,309,2024-11-13,False,False,False,False,False,False,valid,YYYY-MM-DD,False,48.0,False,False,False,True
2450,1644,Czech Republic,118,2023-09-18,1644,Czech Republic,118,2023-09-18,False,False,False,False,False,False,valid,YYYY-MM-DD,False,470.0,False,True,False,True
2451,1645,Poland,207,2023-07-23,1645,Poland,207,2023-07-23,False,False,False,False,False,False,valid,YYYY-MM-DD,False,527.0,False,True,False,True
2452,1645,Czech Republic,263,2024-05-09,1645,CZ,263,2024.05.09,False,False,False,False,False,False,valid,YYYY-MM-DD,False,236.0,False,True,False,True
2453,1646,Czech Republic,261,2023-08-02,1646,Czech Republic,261,2023-08-02,False,False,False,False,False,False,valid,YYYY-MM-DD,False,517.0,False,True,False,True
2454,1647,Germany,305,2023-10-27,1647,Deutschland,305,2023-10-27,False,False,False,False,False,False,valid,YYYY-MM-DD,False,431.0,False,True,False,True
2455,1648,Poland,0,2024-06-20,1648,poland,0,2024/06/20,False,False,False,False,True,False,valid,YYYY-MM-DD,False,194.0,False,True,False,True
2456,1648,Germany,193,2024-11-06,1648,germany,193,2024-11-06,False,False,False,False,False,False,valid,YYYY-MM-DD,False,55.0,False,False,False,True
2457,1649,Czech Republic,141,2024-07-10,1649,CZ,141,2024/07/10,False,False,False,False,False,False,valid,YYYY-MM-DD,False,174.0,False,True,False,True
2458,1650,Germany,188,2024-02-25,1650,Deutschland,188,25-02-2024,False,False,False,False,False,False,valid,DD-MM-YYYY,False,310.0,False,True,False,True
2459,1650,Poland,157,2024-02-23,1650,poland,157,2024-02-23,False,False,False,False,False,False,valid,YYYY-MM-DD,False,312.0,False,True,False,True
2460,1651,Germany,0,2023-11-04,1651,Deutschland,0,2023-11-04,False,False,False,False,True,False,valid,YYYY-MM-DD,False,423.0,False,True,False,True
2461,1651,Czech Republic,151,2024-03-18,1651,czechia,151,2024.03.18,False,False,False,False,False,False,valid,YYYY-MM-DD,False,288.0,False,True,False,True
2462,1652,Poland,110,2024-11-15,1652,Poland,110,2024-11-15,False,False,False,False,False,False,valid,YYYY-MM-DD,False,46.0,False,False,False,True
2463,1652,Germany,243,2023-12-20,1652,Germany,243,2023-12-20,False,False,False,False,False,False,valid,YYYY-MM-DD,False,377.0,False,True,False,True
2464,1653,Germany,0,2024-11-16,1653,Deutschland,0,2024-11-16,False,False,False,False,True,False,valid,YYYY-MM-DD,False,45.0,False,False,False,True
2465,1654,Poland,257,2023-10-02,1654,Polska,257,2023-10-02,False,False,False,False,False,False,valid,YYYY-MM-DD,False,456.0,False,True,False,True
2466,1654,Germany,83,2024-07-01,1654,DE,83,2024-07-01,False,False,False,False,False,False,valid,YYYY-MM-DD,False,183.0,False,True,False,True
2467,1655,Czech Republic,431,2024-07-22,1655,Czechia,431,22-07-2024,False,False,False,False,False,False,valid,DD-MM-YYYY,False,162.0,False,True,False,True
2468,1656,Czech Republic,293,2023-10-12,1656,CZ,293,2023-10-12,False,False,False,False,False,False,valid,YYYY-MM-DD,False,446.0,False,True,False,True
2469,1656,Germany,161,2023-05-12,1656,germany,161,2023-05-12,False,False,False,False,False,False,valid,YYYY-MM-DD,False,599.0,False,True,False,True
2470,1657,Czech Republic,76,2023-08-02,1657,CZ,76,2023-08-02,False,False,False,False,False,False,valid,YYYY-MM-DD,False,517.0,False,True,False,True
2471,1658,Germany,97,2024-04-08,1658,Germany,97,2024/04/08,False,False,False,False,False,False,valid,YYYY-MM-DD,False,267.0,False,True,False,True
2472,1659,Germany,180,2024-01-29,1659,DE,180,2024-01-29,False,False,False,False,False,False,valid,YYYY-MM-DD,False,337.0,False,True,False,True
2473,1660,Germany,248,2024-08-14,1660,Germany,248,2024/08/14,False,False,False,False,False,False,valid,YYYY-MM-DD,False,139.0,False,True,False,True
2474,1660,Czech Republic,170,2024-02-18,1660,Czech Republic,170,2024-02-18,False,False,False,False,False,False,valid,YYYY-MM-DD,False,317.0,False,True,False,True
2475,1661,Czech Republic,345,2024-02-24,1661,CZ,345,24/02/2024,False,False,False,False,False,False,valid,DD-MM-YYYY,False,311.0,False,True,False,True
2476,1662,Czech Republic,53,2023-07-02,1662,Czech Republic,53,2023.07.02,False,False,False,False,False,False,valid,YYYY-MM-DD,False,548.0,False,True,False,True
2477,1662,Poland,127,2023-06-02,1662,POL,127,2023-06-02,False,False,False,False,False,False,valid,YYYY-MM-DD,False,578.0,False,True,False,True
2478,1663,Poland,182,2024-08-11,1663,POL,182,2024/08/11,False,False,False,False,False,False,valid,YYYY-MM-DD,False,142.0,False,True,False,True
2479,1664,Germany,193,2024-04-24,1664,DE,193,2024-04-24,False,False,False,False,False,False,valid,YYYY-MM-DD,False,251.0,False,True,False,True
2480,1664,Czech Republic,154,2023-07-07,1664,czechia,154,2023-07-07,False,False,False,False,False,False,valid,YYYY-MM-DD,False,543.0,False,True,False,True
2481,1665,Czech Republic,119,2024-12-17,1665,CZ,119,2024/12/17,False,False,False,False,False,False,valid,YYYY-MM-DD,False,14.0,False,False,False,True
2482,1666,Germany,115,2023-09-13,1666,Deutschland,115,2023-09-13,False,False,False,False,False,False,valid,YYYY-MM-DD,False,475.0,False,True,False,True
2483,1666,Czech Republic,155,2024-12-30,1666,Czechia,155,2024-12-30,False,False,False,False,False,False,valid,YYYY-MM-DD,False,1.0,False,False,False,True
2484,1667,Poland,37,2024-09-24,1667,POL,37,24-09-2024,False,False,False,False,False,False,valid,DD-MM-YYYY,False,98.0,False,True,False,True
2485,1667,Czech Republic,361,2023-07-25,1667,Czech,361,2023-07-25,False,False,False,False,False,False,valid,YYYY-MM-DD,False,525.0,False,True,False,True
2486,1668,Poland,200,2023-07-12,1668,POL,200,2023/07/12,False,False,False,False,False,False,valid,YYYY-MM-DD,False,538.0,False,True,False,True
2487,1668,Czech Republic,160,2024-02-12,1668,czechia,160,2024/02/12,False,False,False,False,False,False,valid,YYYY-MM-DD,False,323.0,False,True,False,True
2488,1669,Poland,168,2024-10-05,1669,poland,168,2024-10-05,False,False,False,False,False,False,valid,YYYY-MM-DD,False,87.0,False,False,False,True
2489,1669,Czech Republic,208,2023-12-09,1669,Czech Republic,208,2023-12-09,False,False,False,False,False,False,valid,YYYY-MM-DD,False,388.0,False,True,False,True
2490,1670,Czech Republic,169,2023-12-24,1670,Czech Republic,169,2023-12-24,False,False,False,False,False,False,valid,YYYY-MM-DD,False,373.0,False,True,False,True
2491,1670,Poland,222,2024-03-21,1670,poland,222,2024-03-21,False,False,False,False,False,False,valid,YYYY-MM-DD,False,285.0,False,True,False,True
2492,1671,Poland,281,2023-07-21,1671,poland,281,2023-07-21,False,False,False,False,False,False,valid,YYYY-MM-DD,False,529.0,False,True,False,True
2493,1672,Poland,250,2024-05-21,1672,poland,250,21/05/2024,False,False,False,False,False,False,valid,DD-MM-YYYY,False,224.0,False,True,False,True
2494,1672,Germany,247,2024-08-26,1672,Germany,247,2024-08-26,False,False,False,False,False,False,valid,YYYY-MM-DD,False,127.0,False,True,False,True
2495,1673,Czech Republic,260,2024-07-31,1673,Czechia,260,2024-07-31,False,False,False,False,False,False,valid,YYYY-MM-DD,False,153.0,False,True,False,True
2496,1673,Poland,7,2023-06-10,1673,poland,7,2023-06-10,False,False,False,False,False,False,valid,YYYY-MM-DD,False,570.0,False,True,False,True
2497,1674,Czech Republic,251,2023-10-02,1674,czechia,251,2023-10-02,False,False,False,False,False,False,valid,YYYY-MM-DD,False,456.0,False,True,False,True
2498,1675,Poland,382,2023-08-05,1675,POL,382,2023-08-05,False,False,False,False,False,False,valid,YYYY-MM-DD,False,514.0,False,True,False,True
2499,1676,Poland,69,2024-05-05,1676,Poland,69,2024-05-05,False,False,False,False,False,False,valid,YYYY-MM-DD,False,240.0,False,True,False,True
2500,1677,Poland,227,2024-08-29,1677,Poland,227,2024-08-29,False,False,False,False,False,False,valid,YYYY-MM-DD,False,124.0,False,True,False,True
2501,1677,Germany,279,2023-08-11,1677,Deutschland,279,2023/08/11,False,False,False,False,False,False,valid,YYYY-MM-DD,False,508.0,False,True,False,True
2502,1678,Germany,179,2024-02-23,1678,DE,179,2024-02-23,False,False,False,False,False,False,valid,YYYY-MM-DD,False,312.0,False,True,False,True
2503,1678,Czech Republic,260,2023-07-13,1678,czechia,260,2023-07-13,False,False,False,False,False,False,valid,YYYY-MM-DD,False,537.0,False,True,False,True
2504,1679,Germany,118,2023-06-15,1679,germany,118,15-06-2023,False,False,False,False,False,False,valid,DD-MM-YYYY,False,565.0,False,True,False,True
2505,1679,Poland,116,2024-08-31,1679,Polska,116,2024/08/31,False,False,False,False,False,False,valid,YYYY-MM-DD,False,122.0,False,True,False,True
2506,1680,Poland,202,2023-12-15,1680,POL,202,2023/12/15,False,False,False,False,False,False,valid,YYYY-MM-DD,False,382.0,False,True,False,True
2507,1681,Poland,29,2024-01-08,1681,POL,29,2024-01-08,False,False,False,False,False,False,valid,YYYY-MM-DD,False,358.0,False,True,False,True
2508,1681,Germany,328,2024-06-23,1681,GER,328,2024-06-23,False,False,False,False,False,False,valid,YYYY-MM-DD,False,191.0,False,True,False,True
2509,1682,Poland,50,2024-09-03,1682,Polska,50,2024-09-03,False,False,False,False,False,False,valid,YYYY-MM-DD,False,119.0,False,True,False,True
2510,1683,Czech Republic,143,2023-06-29,1683,Czechia,143,2023/06/29,False,False,False,False,False,False,valid,YYYY-MM-DD,False,551.0,False,True,False,True
2511,1683,Germany,99,2023-12-05,1683,DE,99,2023/12/05,False,False,False,False,False,False,valid,YYYY-MM-DD,False,392.0,False,True,False,True
2512,1684,Poland,402,2023-12-11,1684,Polska,402,2023-12-11,False,False,False,False,False,False,valid,YYYY-MM-DD,False,386.0,False,True,False,True
2513,1684,Czech Republic,374,2023-12-04,1684,czechia,374,04-12-2023,False,False,False,False,False,False,valid,DD-MM-YYYY,True,393.0,False,True,False,True
2514,1685,Poland,45,2023-11-07,1685,PL,45,2023-11-07,False,False,False,False,False,False,valid,YYYY-MM-DD,False,420.0,False,True,False,True
2515,1686,Czech Republic,176,2024-10-20,1686,CZ,176,2024-10-20,False,False,False,False,False,False,valid,YYYY-MM-DD,False,72.0,False,False,False,True
2516,1687,Germany,24,2024-07-30,1687,GER,24,2024-07-30,False,False,False,False,False,False,valid,YYYY-MM-DD,False,154.0,False,True,False,True
2517,1687,Poland,218,2023-07-19,1687,PL,218,2023-07-19,False,False,False,False,False,False,valid,YYYY-MM-DD,False,531.0,False,True,False,True
2518,1688,Germany,347,2023-11-27,1688,Germany,347,2023-11-27,False,False,False,False,False,False,valid,YYYY-MM-DD,False,400.0,False,True,False,True
2519,1689,Czech Republic,220,2023-06-02,1689,Czech Republic,220,2023-06-02,False,False,False,False,False,False,valid,YYYY-MM-DD,False,578.0,False,True,False,True
2520,1690,Czech Republic,331,2023-05-14,1690,CZ,331,2023-05-14,False,False,False,False,False,False,valid,YYYY-MM-DD,False,597.0,False,True,False,True
2521,1691,Poland,196,2024-01-22,1691,pl,196,2024-01-22,False,False,False,False,False,False,valid,YYYY-MM-DD,False,344.0,False,True,False,True
2522,1692,Czech Republic,0,2024-07-05,1692,Czechia,0,2024-07-05,False,False,False,False,True,False,valid,YYYY-MM-DD,False,179.0,False,True,False,True
2523,1693,Germany,114,2024-04-23,1693,Germany,114,2024-04-23,False,False,False,False,False,False,valid,YYYY-MM-DD,False,252.0,False,True,False,True
2524,1693,Czech Republic,160,2024-12-08,1693,Czech,160,2024-12-08,False,False,False,False,False,False,valid,YYYY-MM-DD,False,23.0,False,False,False,True
2525,1694,Germany,73,2023-09-29,1694,Germany,73,2023-09-29,False,False,False,False,False,False,valid,YYYY-MM-DD,False,459.0,False,True,False,True
2526,1694,Czech Republic,190,2024-03-22,1694,czechia,190,2024-03-22,False,False,False,False,False,False,valid,YYYY-MM-DD,False,284.0,False,True,False,True
2527,1695,Czech Republic,372,2023-12-29,1695,CZ,372,2023-12-29,False,False,False,False,False,False,valid,YYYY-MM-DD,False,368.0,False,True,False,True
2528,1695,Poland,136,2023-07-09,1695,POL,136,2023-07-09,False,False,False,False,False,False,valid,YYYY-MM-DD,False,541.0,False,True,False,True
2529,1696,Poland,216,2024-01-27,1696,Poland,216,27-01-2024,False,False,False,False,False,False,valid,DD-MM-YYYY,False,339.0,False,True,False,True
2530,1697,Germany,125,2024-03-15,1697,Germany,125,2024-03-15,False,False,False,False,False,False,valid,YYYY-MM-DD,False,291.0,False,True,False,True
2531,1698,Czech Republic,131,2023-07-09,1698,Czech,131,2023-07-09,False,False,False,False,False,False,valid,YYYY-MM-DD,False,541.0,False,True,False,True
2532,1699,Czech Republic,266,2024-10-06,1699,czechia,266,2024/10/06,False,False,False,False,False,False,valid,YYYY-MM-DD,False,86.0,False,False,False,True
2533,1699,Poland,92,2024-07-06,1699,PL,92,06-07-2024,False,False,False,False,False,False,valid,DD-MM-YYYY,True,178.0,False,True,False,True
2534,1700,Germany,211,2024-10-26,1700,Germany,211,2024/10/26,False,False,False,False,False,False,valid,YYYY-MM-DD,False,66.0,False,False,False,True
2535,1701,Poland,116,2023-06-01,1701,pl,116,01/06/2023,False,False,False,False,False,False,valid,DD-MM-YYYY,True,579.0,False,True,False,True
2536,1702,Germany,272,2024-06-10,1702,GER,272,2024-06-10,False,False,False,False,False,False,valid,YYYY-MM-DD,False,204.0,False,True,False,True
2537,1702,Poland,121,2024-08-01,1702,Polska,121,2024-08-01,False,False,False,False,False,False,valid,YYYY-MM-DD,False,152.0,False,True,False,True
2538,1703,Germany,160,2023-11-28,1703,germany,160,2023-11-28,False,False,False,False,False,False,valid,YYYY-MM-DD,False,399.0,False,True,False,True
2539,1703,Czech Republic,191,2024-10-08,1703,Czechia,191,2024-10-08,False,False,False,False,False,False,valid,YYYY-MM-DD,False,84.0,False,False,False,True
2540,1704,Poland,196,2023-09-03,1704,PL,196,2023-09-03,False,False,False,False,False,False,valid,YYYY-MM-DD,False,485.0,False,True,False,True
2541,1704,Germany,174,2023-11-25,1704,Germany,174,2023-11-25,False,False,False,False,False,False,valid,YYYY-MM-DD,False,402.0,False,True,False,True
2542,1705,Czech Republic,29,2024-05-13,1705,Czechia,29,2024-05-13,False,False,False,False,False,False,valid,YYYY-MM-DD,False,232.0,False,True,False,True
2543,1706,Germany,318,2023-11-06,1706,Germany,318,2023-11-06,False,False,False,False,False,False,valid,YYYY-MM-DD,False,421.0,False,True,False,True
2544,1707,Germany,72,2023-06-18,1707,Deutschland,72,2023-06-18,False,False,False,False,False,False,valid,YYYY-MM-DD,False,562.0,False,True,False,True
2545,1708,Poland,90,2024-11-21,1708,poland,90,21-11-2024,False,False,False,False,False,False,valid,DD-MM-YYYY,False,40.0,False,False,False,True
2546,1709,Czech Republic,238,2024-06-09,1709,Czechia,238,09-06-2024,False,False,False,False,False,False,valid,DD-MM-YYYY,True,205.0,False,True,False,True
2547,1710,Germany,145,2024-01-14,1710,germany,145,2024-01-14,False,False,False,False,False,False,valid,YYYY-MM-DD,False,352.0,False,True,False,True
2549,1712,Germany,313,2024-02-12,1712,Germany,313,2024-02-12,False,False,False,False,False,False,valid,YYYY-MM-DD,False,323.0,False,True,False,True
2550,1713,Poland,0,2024-03-16,1713,PL,0,2024-03-16,False,False,False,False,True,False,valid,YYYY-MM-DD,False,290.0,False,True,False,True
2551,1714,Czech Republic,323,2024-03-07,1714,czechia,323,2024.03.07,False,False,False,False,False,False,valid,YYYY-MM-DD,False,299.0,False,True,False,True
2552,1714,Germany,213,2024-01-08,1714,GER,213,2024/01/08,False,False,False,False,False,False,valid,YYYY-MM-DD,False,358.0,False,True,False,True
2553,1715,Czech Republic,204,2024-12-05,1715,Czechia,204,2024-12-05,False,False,False,False,False,False,valid,YYYY-MM-DD,False,26.0,False,False,False,True
2554,1715,Poland,0,2023-12-21,1715,poland,0,2023/12/21,False,False,False,False,True,False,valid,YYYY-MM-DD,False,376.0,False,True,False,True
2555,1716,Germany,276,2024-03-18,1716,germany,276,18-03-2024,False,False,False,False,False,False,valid,DD-MM-YYYY,False,288.0,False,True,False,True
2556,1717,Germany,47,2024-04-13,1717,DE,47,2024/04/13,False,False,False,False,False,False,valid,YYYY-MM-DD,False,262.0,False,True,False,True
2557,1717,Poland,188,2024-10-10,1717,Poland,188,2024-10-10,False,False,False,False,False,False,valid,YYYY-MM-DD,False,82.0,False,False,False,True
2558,1718,Germany,240,2024-10-16,1718,germany,240,2024/10/16,False,False,False,False,False,False,valid,YYYY-MM-DD,False,76.0,False,False,False,True
2559,1718,Poland,147,2024-09-14,1718,pl,147,2024/09/14,False,False,False,False,False,False,valid,YYYY-MM-DD,False,108.0,False,True,False,True
2560,1719,Czech Republic,426,2023-10-24,1719,Czechia,426,2023-10-24,False,False,False,False,False,False,valid,YYYY-MM-DD,False,434.0,False,True,False,True
2561,1719,Poland,247,2024-09-26,1719,pl,247,2024-09-26,False,False,False,False,False,False,valid,YYYY-MM-DD,False,96.0,False,True,False,True
2562,1720,Czech Republic,134,2024-02-10,1720,Czechia,134,2024-02-10,False,False,False,False,False,False,valid,YYYY-MM-DD,False,325.0,False,True,False,True
2563,1721,Czech Republic,192,2024-05-10,1721,CZ,192,10-05-2024,False,False,False,False,False,False,valid,DD-MM-YYYY,True,235.0,False,True,False,True
2564,1721,Poland,45,2023-07-26,1721,Polska,45,2023-07-26,False,False,False,False,False,False,valid,YYYY-MM-DD,False,524.0,False,True,False,True
2565,1722,Czech Republic,182,2024-08-09,1722,Czech,182,2024-08-09,False,False,False,False,False,False,valid,YYYY-MM-DD,False,144.0,False,True,False,True
2566,1722,Germany,97,2024-06-17,1722,DE,97,2024/06/17,False,False,False,False,False,False,valid,YYYY-MM-DD,False,197.0,False,True,False,True
2567,1723,Poland,308,2024-08-13,1723,PL,308,13-08-2024,False,False,False,False,False,False,valid,DD-MM-YYYY,False,140.0,False,True,False,True
2568,1723,Czech Republic,349,2024-06-19,1723,Czech,349,2024/06/19,False,False,False,False,False,False,valid,YYYY-MM-DD,False,195.0,False,True,False,True
2569,1724,Poland,258,2024-01-27,1724,POL,258,2024-01-27,False,False,False,False,False,False,valid,YYYY-MM-DD,False,339.0,False,True,False,True
2570,1725,Germany,71,2023-12-01,1725,Germany,71,2023-12-01,False,False,False,False,False,False,valid,YYYY-MM-DD,False,396.0,False,True,False,True
2571,1725,Poland,374,2024-12-15,1725,pl,374,2024-12-15,False,False,False,False,False,False,valid,YYYY-MM-DD,False,16.0,False,False,False,True
2572,1726,Germany,292,2024-05-03,1726,germany,292,03-05-2024,False,False,False,False,False,False,valid,DD-MM-YYYY,True,242.0,False,True,False,True
2573,1727,Poland,229,2024-07-12,1727,POL,229,2024-07-12,False,False,False,False,False,False,valid,YYYY-MM-DD,False,172.0,False,True,False,True
2574,1728,Germany,206,2024-07-26,1728,germany,206,2024-07-26,False,False,False,False,False,False,valid,YYYY-MM-DD,False,158.0,False,True,False,True
2575,1729,Germany,316,2024-09-07,1729,germany,316,07-09-2024,False,False,False,False,False,False,valid,DD-MM-YYYY,True,115.0,False,True,False,True
2576,1730,Czech Republic,372,2024-02-02,1730,Czechia,372,02-02-2024,False,False,False,False,False,False,valid,DD-MM-YYYY,True,333.0,False,True,False,True
2577,1730,Germany,240,2023-08-11,1730,germany,240,2023/08/11,False,False,False,False,False,False,valid,YYYY-MM-DD,False,508.0,False,True,False,True
2578,1731,Poland,121,2024-02-02,1731,Poland,121,02-02-2024,False,False,False,False,False,False,valid,DD-MM-YYYY,True,333.0,False,True,False,True
2579,1731,Germany,21,2023-11-15,1731,GER,21,2023-11-15,False,False,False,False,False,False,valid,YYYY-MM-DD,False,412.0,False,True,False,True
2580,1732,Germany,153,2023-11-27,1732,GER,153,2023-11-27,False,False,False,False,False,False,valid,YYYY-MM-DD,False,400.0,False,True,False,True
2581,1732,Czech Republic,24,2024-08-15,1732,Czechia,24,2024-08-15,False,False,False,False,False,False,valid,YYYY-MM-DD,False,138.0,False,True,False,True
2582,1733,Germany,373,2024-01-25,1733,Germany,373,2024-01-25,False,False,False,False,False,False,valid,YYYY-MM-DD,False,341.0,False,True,False,True
2583,1734,Poland,181,2024-10-22,1734,Polska,181,22-10-2024,False,False,False,False,False,False,valid,DD-MM-YYYY,False,70.0,False,False,False,True
2584,1735,Germany,142,2024-05-27,1735,DE,142,2024/05/27,False,False,False,False,False,False,valid,YYYY-MM-DD,False,218.0,False,True,False,True
2585,1735,Czech Republic,171,2023-12-05,1735,Czech,171,2023-12-05,False,False,False,False,False,False,valid,YYYY-MM-DD,False,392.0,False,True,False,True
2586,1736,Poland,75,2024-09-08,1736,pl,75,2024-09-08,False,False,False,False,False,False,valid,YYYY-MM-DD,False,114.0,False,True,False,True
2587,1736,Germany,11,2024-11-27,1736,germany,11,2024-11-27,False,False,False,False,False,False,valid,YYYY-MM-DD,False,34.0,False,False,False,True
2588,1737,Germany,399,2024-05-24,1737,DE,399,2024/05/24,False,False,False,False,False,False,valid,YYYY-MM-DD,False,221.0,False,True,False,True
2589,1737,Poland,231,2024-12-25,1737,Polska,231,2024-12-25,False,False,False,False,False,False,valid,YYYY-MM-DD,False,6.0,False,False,False,True
2590,1738,Czech Republic,167,2024-02-13,1738,Czechia,167,2024/02/13,False,False,False,False,False,False,valid,YYYY-MM-DD,False,322.0,False,True,False,True
2591,1739,Germany,116,2024-02-14,1739,germany,116,2024/02/14,False,False,False,False,False,False,valid,YYYY-MM-DD,False,321.0,False,True,False,True
2592,1739,Czech Republic,85,2024-11-13,1739,Czech Republic,85,2024-11-13,False,False,False,False,False,False,valid,YYYY-MM-DD,False,48.0,False,False,False,True
2593,1740,Poland,190,2024-10-11,1740,POL,190,2024-10-11,False,False,False,False,False,False,valid,YYYY-MM-DD,False,81.0,False,False,False,True
2594,1740,Czech Republic,324,2023-09-30,1740,Czech Republic,324,2023.09.30,False,False,False,False,False,False,valid,YYYY-MM-DD,False,458.0,False,True,False,True
2595,1741,Germany,300,2023-08-09,1741,GER,300,2023/08/09,False,False,False,False,False,False,valid,YYYY-MM-DD,False,510.0,False,True,False,True
2596,1742,Poland,170,2023-06-27,1742,PL,170,27-06-2023,False,False,False,False,False,False,valid,DD-MM-YYYY,False,553.0,False,True,False,True
2597,1743,Czech Republic,287,2024-02-18,1743,Czech,287,18-02-2024,False,False,False,False,False,False,valid,DD-MM-YYYY,False,317.0,False,True,False,True
2598,1743,Poland,257,2024-04-26,1743,Polska,257,2024-04-26,False,False,False,False,False,False,valid,YYYY-MM-DD,False,249.0,False,True,False,True
2599,1744,Poland,228,2023-09-09,1744,pl,228,2023-09-09,False,False,False,False,False,False,valid,YYYY-MM-DD,False,479.0,False,True,False,True
2600,1745,Czech Republic,119,2023-12-06,1745,CZ,119,2023-12-06,False,False,False,False,False,False,valid,YYYY-MM-DD,False,391.0,False,True,False,True
2601,1745,Germany,261,2024-05-08,1745,germany,261,2024-05-08,False,False,False,False,False,False,valid,YYYY-MM-DD,False,237.0,False,True,False,True
2602,1746,Czech Republic,0,2024-03-30,1746,Czechia,0,2024-03-30,False,False,False,False,True,False,valid,YYYY-MM-DD,False,276.0,False,True,False,True
2603,1746,Poland,244,2024-03-30,1746,Poland,244,2024/03/30,False,False,False,False,False,False,valid,YYYY-MM-DD,False,276.0,False,True,False,True
2604,1747,Czech Republic,0,2023-07-12,1747,Czech Republic,0,2023-07-12,False,False,False,False,True,False,valid,YYYY-MM-DD,False,538.0,False,True,False,True
2605,1748,Poland,349,2023-05-13,1748,PL,349,2023-05-13,False,False,False,False,False,False,valid,YYYY-MM-DD,False,598.0,False,True,False,True
2606,1748,Czech Republic,251,2024-08-26,1748,CZ,251,2024.08.26,False,False,False,False,False,False,valid,YYYY-MM-DD,False,127.0,False,True,False,True
2607,1749,Germany,422,2023-10-30,1749,GER,422,30-10-2023,False,False,False,False,False,False,valid,DD-MM-YYYY,False,428.0,False,True,False,True
2608,1749,Poland,89,2023-11-11,1749,poland,89,2023/11/11,False,False,False,False,False,False,valid,YYYY-MM-DD,False,416.0,False,True,False,True
2609,1750,Germany,0,2024-07-24,1750,germany,0,2024-07-24,False,False,False,False,True,False,valid,YYYY-MM-DD,False,160.0,False,True,False,True
2610,1750,Poland,196,2023-11-28,1750,pl,196,2023-11-28,False,False,False,False,False,False,valid,YYYY-MM-DD,False,399.0,False,True,False,True
2611,1751,Poland,133,2024-10-18,1751,POL,133,2024/10/18,False,False,False,False,False,False,valid,YYYY-MM-DD,False,74.0,False,False,False,True
2612,1751,Czech Republic,287,2024-08-08,1751,Czech Republic,287,2024-08-08,False,False,False,False,False,False,valid,YYYY-MM-DD,False,145.0,False,True,False,True
2613,1752,Czech Republic,200,2024-09-16,1752,CZ,200,2024-09-16,False,False,False,False,False,False,valid,YYYY-MM-DD,False,106.0,False,True,False,True
2614,1752,Germany,260,2023-11-14,1752,Deutschland,260,2023-11-14,False,False,False,False,False,False,valid,YYYY-MM-DD,False,413.0,False,True,False,True
2615,1753,Germany,48,2024-02-10,1753,Germany,48,2024-02-10,False,False,False,False,False,False,valid,YYYY-MM-DD,False,325.0,False,True,False,True
2616,1754,Germany,320,2024-12-05,1754,DE,320,2024-12-05,False,False,False,False,False,False,valid,YYYY-MM-DD,False,26.0,False,False,False,True
2617,1755,Germany,153,2024-05-03,1755,GER,153,2024-05-03,False,False,False,False,False,False,valid,YYYY-MM-DD,False,242.0,False,True,False,True
2618,1756,Czech Republic,83,2024-06-26,1756,Czechia,83,26-06-2024,False,False,False,False,False,False,valid,DD-MM-YYYY,False,188.0,False,True,False,True
2619,1756,Poland,68,2023-06-16,1756,poland,68,2023.06.16,False,False,False,False,False,False,valid,YYYY-MM-DD,False,564.0,False,True,False,True
2620,1757,Czech Republic,361,2023-06-02,1757,Czech Republic,361,02-06-2023,False,False,False,False,False,False,valid,DD-MM-YYYY,True,578.0,False,True,False,True
2621,1758,Germany,254,2024-12-05,1758,Germany,254,2024-12-05,False,False,False,False,False,False,valid,YYYY-MM-DD,False,26.0,False,False,False,True
2622,1758,Poland,64,2024-03-06,1758,pl,64,2024-03-06,False,False,False,False,False,False,valid,YYYY-MM-DD,False,300.0,False,True,False,True
2623,1759,Germany,209,2024-01-04,1759,GER,209,2024/01/04,False,False,False,False,False,False,valid,YYYY-MM-DD,False,362.0,False,True,False,True
2624,1759,Poland,265,2024-12-07,1759,POL,265,2024-12-07,False,False,False,False,False,False,valid,YYYY-MM-DD,False,24.0,False,False,False,True
2625,1760,Czech Republic,219,2024-12-23,1760,Czech Republic,219,2024/12/23,False,False,False,False,False,False,valid,YYYY-MM-DD,False,8.0,False,False,False,True
2626,1761,Czech Republic,135,2024-11-05,1761,czechia,135,2024-11-05,False,False,False,False,False,False,valid,YYYY-MM-DD,False,56.0,False,False,False,True
2627,1762,Poland,28,2024-04-27,1762,POL,28,2024-04-27,False,False,False,False,False,False,valid,YYYY-MM-DD,False,248.0,False,True,False,True
2628,1762,Germany,271,2024-04-19,1762,Deutschland,271,2024-04-19,False,False,False,False,False,False,valid,YYYY-MM-DD,False,256.0,False,True,False,True
2629,1763,Germany,434,2024-02-21,1763,Germany,434,2024-02-21,False,False,False,False,False,False,valid,YYYY-MM-DD,False,314.0,False,True,False,True
2630,1763,Czech Republic,180,2023-10-05,1763,CZ,180,05-10-2023,False,False,False,False,False,False,valid,DD-MM-YYYY,True,453.0,False,True,False,True
2631,1764,Czech Republic,214,2023-05-28,1764,Czech Republic,214,2023/05/28,False,False,False,False,False,False,valid,YYYY-MM-DD,False,583.0,False,True,False,True
2632,1765,Germany,100,2023-09-17,1765,Deutschland,100,2023-09-17,False,False,False,False,False,False,valid,YYYY-MM-DD,False,471.0,False,True,False,True
2633,1766,Germany,237,2024-10-17,1766,germany,237,2024-10-17,False,False,False,False,False,False,valid,YYYY-MM-DD,False,75.0,False,False,False,True
2634,1767,Czech Republic,178,2024-05-07,1767,Czechia,178,2024-05-07,False,False,False,False,False,False,valid,YYYY-MM-DD,False,238.0,False,True,False,True
2635,1767,Germany,111,2023-10-06,1767,germany,111,2023/10/06,False,False,False,False,False,False,valid,YYYY-MM-DD,False,452.0,False,True,False,True
2636,1768,Germany,42,2023-05-18,1768,germany,42,2023-05-18,False,False,False,False,False,False,valid,YYYY-MM-DD,False,593.0,False,True,False,True
2637,1768,Poland,217,2024-08-11,1768,PL,217,2024-08-11,False,False,False,False,False,False,valid,YYYY-MM-DD,False,142.0,False,True,False,True
2638,1769,Germany,234,2024-06-29,1769,Germany,234,2024/06/29,False,False,False,False,False,False,valid,YYYY-MM-DD,False,185.0,False,True,False,True
2639,1770,Germany,185,2024-10-17,1770,germany,185,2024-10-17,False,False,False,False,False,False,valid,YYYY-MM-DD,False,75.0,False,False,False,True
2640,1771,Germany,0,2024-03-28,1771,germany,0,2024-03-28,False,False,False,False,True,False,valid,YYYY-MM-DD,False,278.0,False,True,False,True
2641,1771,Czech Republic,202,2024-06-21,1771,Czech Republic,202,2024-06-21,False,False,False,False,False,False,valid,YYYY-MM-DD,False,193.0,False,True,False,True
2642,1772,Poland,225,2024-07-12,1772,pl,225,12-07-2024,False,False,False,False,False,False,valid,DD-MM-YYYY,True,172.0,False,True,False,True
2643,1773,Poland,244,2024-10-29,1773,POL,244,2024-10-29,False,False,False,False,False,False,valid,YYYY-MM-DD,False,63.0,False,False,False,True
2644,1773,Germany,171,2023-07-06,1773,germany,171,2023-07-06,False,False,False,False,False,False,valid,YYYY-MM-DD,False,544.0,False,True,False,True
2645,1774,Poland,170,2023-09-29,1774,Polska,170,2023-09-29,False,False,False,False,False,False,valid,YYYY-MM-DD,False,459.0,False,True,False,True
2646,1775,Poland,51,2024-11-02,1775,poland,51,2024/11/02,False,False,False,False,False,False,valid,YYYY-MM-DD,False,59.0,False,False,False,True
2647,1776,Poland,29,2023-07-21,1776,poland,29,2023-07-21,False,False,False,False,False,False,valid,YYYY-MM-DD,False,529.0,False,True,False,True
2648,1777,Czech Republic,32,2024-05-02,1777,Czechia,32,2024-05-02,False,False,False,False,False,False,valid,YYYY-MM-DD,False,243.0,False,True,False,True
2649,1777,Poland,118,2024-08-04,1777,poland,118,04-08-2024,False,False,False,False,False,False,valid,DD-MM-YYYY,True,149.0,False,True,False,True
2650,1778,Germany,169,2023-07-18,1778,Deutschland,169,2023-07-18,False,False,False,False,False,False,valid,YYYY-MM-DD,False,532.0,False,True,False,True
2651,1778,Czech Republic,109,2024-05-09,1778,Czech,109,2024-05-09,False,False,False,False,False,False,valid,YYYY-MM-DD,False,236.0,False,True,False,True
2652,1779,Germany,192,2023-12-05,1779,Germany,192,2023-12-05,False,False,False,False,False,False,valid,YYYY-MM-DD,False,392.0,False,True,False,True
2653,1779,Czech Republic,75,2024-05-28,1779,CZ,75,2024-05-28,False,False,False,False,False,False,valid,YYYY-MM-DD,False,217.0,False,True,False,True
2654,1780,Poland,358,2023-08-31,1780,Poland,358,2023/08/31,False,False,False,False,False,False,valid,YYYY-MM-DD,False,488.0,False,True,False,True
2655,1780,Germany,272,2023-11-04,1780,Deutschland,272,2023-11-04,False,False,False,False,False,False,valid,YYYY-MM-DD,False,423.0,False,True,False,True
2656,1781,Czech Republic,132,2024-08-20,1781,Czech Republic,132,2024-08-20,False,False,False,False,False,False,valid,YYYY-MM-DD,False,133.0,False,True,False,True
2657,1781,Poland,106,2024-10-02,1781,PL,106,2024/10/02,False,False,False,False,False,False,valid,YYYY-MM-DD,False,90.0,False,False,False,True
2658,1782,Czech Republic,127,2023-05-26,1782,czechia,127,26-05-2023,False,False,False,False,False,False,valid,DD-MM-YYYY,False,585.0,False,True,False,True
2659,1783,Czech Republic,30,2023-10-10,1783,Czech,30,2023.10.10,False,False,False,False,False,False,valid,YYYY-MM-DD,False,448.0,False,True,False,True
2660,1783,Poland,86,2024-04-23,1783,POL,86,2024-04-23,False,False,False,False,False,False,valid,YYYY-MM-DD,False,252.0,False,True,False,True
2661,1784,Czech Republic,206,2024-06-17,1784,Czech Republic,206,2024/06/17,False,False,False,False,False,False,valid,YYYY-MM-DD,False,197.0,False,True,False,True
2662,1785,Czech Republic,330,2024-01-17,1785,Czech Republic,330,17-01-2024,False,False,False,False,False,False,valid,DD-MM-YYYY,False,349.0,False,True,False,True
2663,1785,Germany,80,2024-06-27,1785,DE,80,2024-06-27,False,False,False,False,False,False,valid,YYYY-MM-DD,False,187.0,False,True,False,True
2664,1786,Czech Republic,147,2023-05-27,1786,czechia,147,2023-05-27,False,False,False,False,False,False,valid,YYYY-MM-DD,False,584.0,False,True,False,True
2665,1787,Germany,222,2023-09-10,1787,germany,222,2023-09-10,False,False,False,False,False,False,valid,YYYY-MM-DD,False,478.0,False,True,False,True
2666,1788,Czech Republic,233,2024-12-13,1788,czechia,233,2024-12-13,False,False,False,False,False,False,valid,YYYY-MM-DD,False,18.0,False,False,False,True
2667,1789,Czech Republic,0,2023-11-29,1789,czechia,0,2023/11/29,False,False,False,False,True,False,valid,YYYY-MM-DD,False,398.0,False,True,False,True
2668,1789,Poland,49,2023-09-11,1789,Poland,49,2023-09-11,False,False,False,False,False,False,valid,YYYY-MM-DD,False,477.0,False,True,False,True
2669,1790,Germany,106,2024-01-22,1790,Deutschland,106,2024/01/22,False,False,False,False,False,False,valid,YYYY-MM-DD,False,344.0,False,True,False,True
2670,1790,Czech Republic,255,2024-01-12,1790,CZ,255,2024/01/12,False,False,False,False,False,False,valid,YYYY-MM-DD,False,354.0,False,True,False,True
2671,1791,Czech Republic,193,2024-01-30,1791,CZ,193,30-01-2024,False,False,False,False,False,False,valid,DD-MM-YYYY,False,336.0,False,True,False,True
2672,1791,Poland,56,2024-07-01,1791,Poland,56,2024-07-01,False,False,False,False,False,False,valid,YYYY-MM-DD,False,183.0,False,True,False,True
2673,1792,Czech Republic,312,2024-04-25,1792,CZ,312,2024-04-25,False,False,False,False,False,False,valid,YYYY-MM-DD,False,250.0,False,True,False,True
2674,1793,Poland,105,2024-05-18,1793,pl,105,2024-05-18,False,False,False,False,False,False,valid,YYYY-MM-DD,False,227.0,False,True,False,True
2675,1794,Poland,132,2024-03-05,1794,PL,132,2024-03-05,False,False,False,False,False,False,valid,YYYY-MM-DD,False,301.0,False,True,False,True
2676,1795,Germany,227,2024-11-10,1795,Germany,227,2024.11.10,False,False,False,False,False,False,valid,YYYY-MM-DD,False,51.0,False,False,False,True
2677,1796,Poland,360,2024-03-13,1796,poland,360,2024-03-13,False,False,False,False,False,False,valid,YYYY-MM-DD,False,293.0,False,True,False,True
2678,1796,Czech Republic,268,2024-10-07,1796,Czech Republic,268,2024/10/07,False,False,False,False,False,False,valid,YYYY-MM-DD,False,85.0,False,False,False,True
2679,1797,Czech Republic,46,2023-07-03,1797,CZ,46,2023-07-03,False,False,False,False,False,False,valid,YYYY-MM-DD,False,547.0,False,True,False,True
2680,1797,Germany,189,2024-12-05,1797,DE,189,2024-12-05,False,False,False,False,False,False,valid,YYYY-MM-DD,False,26.0,False,False,False,True
2681,1798,Poland,149,2023-07-24,1798,Polska,149,24/07/2023,False,False,False,False,False,False,valid,DD-MM-YYYY,False,526.0,False,True,False,True
2682,1798,Germany,0,2023-12-29,1798,germany,0,29/12/2023,False,False,False,False,True,False,valid,DD-MM-YYYY,False,368.0,False,True,False,True
2683,1799,Poland,195,2024-07-17,1799,POL,195,17/07/2024,False,False,False,False,False,False,valid,DD-MM-YYYY,False,167.0,False,True,False,True
2684,1800,Poland,156,2023-06-01,1800,POL,156,01-06-2023,False,False,False,False,False,False,valid,DD-MM-YYYY,True,579.0,False,True,False,True
2685,1800,Germany,317,2024-03-26,1800,germany,317,2024/03/26,False,False,False,False,False,False,valid,YYYY-MM-DD,False,280.0,False,True,False,True
2686,1801,Czech Republic,272,2024-10-06,1801,Czech,272,2024-10-06,False,False,False,False,False,False,valid,YYYY-MM-DD,False,86.0,False,False,False,True
2687,1801,Germany,213,2023-07-23,1801,germany,213,2023-07-23,False,False,False,False,False,False,valid,YYYY-MM-DD,False,527.0,False,True,False,True
2688,1802,Poland,0,2024-07-13,1802,poland,0,2024/07/13,False,False,False,False,True,False,valid,YYYY-MM-DD,False,171.0,False,True,False,True
2689,1802,Germany,221,2023-12-18,1802,DE,221,2023-12-18,False,False,False,False,False,False,valid,YYYY-MM-DD,False,379.0,False,True,False,True
2690,1803,Germany,81,2023-09-23,1803,DE,81,2023-09-23,False,False,False,False,False,False,valid,YYYY-MM-DD,False,465.0,False,True,False,True
2691,1804,Poland,211,2024-04-26,1804,Poland,211,2024-04-26,False,False,False,False,False,False,valid,YYYY-MM-DD,False,249.0,False,True,False,True
2692,1804,Czech Republic,277,2023-11-27,1804,Czech,277,27-11-2023,False,False,False,False,False,False,valid,DD-MM-YYYY,False,400.0,False,True,False,True
2693,1805,Germany,260,2023-09-02,1805,Deutschland,260,2023-09-02,False,False,False,False,False,False,valid,YYYY-MM-DD,False,486.0,False,True,False,True
2694,1806,Czech Republic,41,2024-05-18,1806,CZ,41,18-05-2024,False,False,False,False,False,False,valid,DD-MM-YYYY,False,227.0,False,True,False,True
2695,1807,Poland,152,2024-06-11,1807,pl,152,2024.06.11,False,False,False,False,False,False,valid,YYYY-MM-DD,False,203.0,False,True,False,True
2696,1808,Czech Republic,216,2024-05-22,1808,Czech,216,2024-05-22,False,False,False,False,False,False,valid,YYYY-MM-DD,False,223.0,False,True,False,True
2697,1809,Czech Republic,500,2024-07-31,1809,Czech Republic,500,31-07-2024,False,False,False,False,False,False,valid,DD-MM-YYYY,False,153.0,False,True,False,True
2698,1809,Germany,141,2024-09-26,1809,GER,141,26-09-2024,False,False,False,False,False,False,valid,DD-MM-YYYY,False,96.0,False,True,False,True
2699,1810,Poland,349,2024-08-21,1810,PL,349,2024-08-21,False,False,False,False,False,False,valid,YYYY-MM-DD,False,132.0,False,True,False,True
2700,1811,Germany,0,2024-10-16,1811,Germany,0,16-10-2024,False,False,False,False,True,False,valid,DD-MM-YYYY,False,76.0,False,False,False,True
2701,1812,Poland,109,2024-02-13,1812,POL,109,2024-02-13,False,False,False,False,False,False,valid,YYYY-MM-DD,False,322.0,False,True,False,True
2702,1813,Czech Republic,444,2023-12-25,1813,Czech,444,2023-12-25,False,False,False,False,False,False,valid,YYYY-MM-DD,False,372.0,False,True,False,True
2703,1813,Germany,357,2024-09-30,1813,germany,357,2024-09-30,False,False,False,False,False,False,valid,YYYY-MM-DD,False,92.0,False,True,False,True
2704,1814,Poland,294,2024-01-31,1814,pl,294,2024.01.31,False,False,False,False,False,False,valid,YYYY-MM-DD,False,335.0,False,True,False,True
2705,1814,Czech Republic,173,2024-12-16,1814,Czech,173,16-12-2024,False,False,False,False,False,False,valid,DD-MM-YYYY,False,15.0,False,False,False,True
2706,1815,Poland,207,2024-06-01,1815,POL,207,2024-06-01,False,False,False,False,False,False,valid,YYYY-MM-DD,False,213.0,False,True,False,True
2707,1816,Germany,174,2024-06-20,1816,Deutschland,174,2024/06/20,False,False,False,False,False,False,valid,YYYY-MM-DD,False,194.0,False,True,False,True
2708,1816,Czech Republic,140,2024-03-10,1816,CZ,140,2024/03/10,False,False,False,False,False,False,valid,YYYY-MM-DD,False,296.0,False,True,False,True
2709,1817,Czech Republic,257,2023-11-05,1817,Czech,257,2023-11-05,False,False,False,False,False,False,valid,YYYY-MM-DD,False,422.0,False,True,False,True
2710,1817,Germany,160,2024-07-23,1817,Germany,160,2024-07-23,False,False,False,False,False,False,valid,YYYY-MM-DD,False,161.0,False,True,False,True
2711,1818,Germany,0,2024-02-25,1818,Deutschland,0,2024/02/25,False,False,False,False,True,False,valid,YYYY-MM-DD,False,310.0,False,True,False,True
2712,1819,Czech Republic,287,2024-01-27,1819,CZ,287,2024-01-27,False,False,False,False,False,False,valid,YYYY-MM-DD,False,339.0,False,True,False,True
2713,1819,Germany,156,2023-07-27,1819,GER,156,2023-07-27,False,False,False,False,False,False,valid,YYYY-MM-DD,False,523.0,False,True,False,True
2714,1820,Germany,199,2024-11-06,1820,germany,199,2024-11-06,False,False,False,False,False,False,valid,YYYY-MM-DD,False,55.0,False,False,False,True
2715,1821,Czech Republic,143,2024-06-14,1821,czechia,143,2024-06-14,False,False,False,False,False,False,valid,YYYY-MM-DD,False,200.0,False,True,False,True
2716,1821,Poland,297,2024-10-23,1821,Polska,297,2024/10/23,False,False,False,False,False,False,valid,YYYY-MM-DD,False,69.0,False,False,False,True
2717,1822,Czech Republic,161,2024-04-01,1822,Czech Republic,161,2024-04-01,False,False,False,False,False,False,valid,YYYY-MM-DD,False,274.0,False,True,False,True
2718,1822,Germany,277,2024-02-29,1822,DE,277,29-02-2024,False,False,False,False,False,False,valid,DD-MM-YYYY,False,306.0,False,True,False,True
2719,1823,Czech Republic,119,2024-03-06,1823,Czech Republic,119,2024-03-06,False,False,False,False,False,False,valid,YYYY-MM-DD,False,300.0,False,True,False,True
2720,1824,Poland,332,2024-10-09,1824,Polska,332,2024/10/09,False,False,False,False,False,False,valid,YYYY-MM-DD,False,83.0,False,False,False,True
2721,1824,Czech Republic,316,2024-01-03,1824,Czech,316,03-01-2024,False,False,False,False,False,False,valid,DD-MM-YYYY,True,363.0,False,True,False,True
2722,1825,Czech Republic,225,2024-03-03,1825,Czech Republic,225,2024-03-03,False,False,False,False,False,False,valid,YYYY-MM-DD,False,303.0,False,True,False,True
2723,1825,Poland,62,2024-07-21,1825,pl,62,2024-07-21,False,False,False,False,False,False,valid,YYYY-MM-DD,False,163.0,False,True,False,True
2724,1826,Czech Republic,128,2023-07-10,1826,Czech Republic,128,2023-07-10,False,False,False,False,False,False,valid,YYYY-MM-DD,False,540.0,False,True,False,True
2725,1826,Germany,217,2023-10-08,1826,GER,217,2023.10.08,False,False,False,False,False,False,valid,YYYY-MM-DD,False,450.0,False,True,False,True
2726,1827,Poland,145,2023-10-08,1827,PL,145,2023/10/08,False,False,False,False,False,False,valid,YYYY-MM-DD,False,450.0,False,True,False,True
2727,1827,Germany,316,2024-12-02,1827,Germany,316,2024-12-02,False,False,False,False,False,False,valid,YYYY-MM-DD,False,29.0,False,False,False,True
2728,1828,Czech Republic,201,2023-06-09,1828,Czech Republic,201,2023.06.09,False,False,False,False,False,False,valid,YYYY-MM-DD,False,571.0,False,True,False,True
2729,1829,Germany,281,2024-01-07,1829,DE,281,2024/01/07,False,False,False,False,False,False,valid,YYYY-MM-DD,False,359.0,False,True,False,True
2730,1830,Germany,101,2024-12-05,1830,Deutschland,101,2024-12-05,False,False,False,False,False,False,valid,YYYY-MM-DD,False,26.0,False,False,False,True
2731,1830,Czech Republic,356,2023-11-15,1830,Czechia,356,2023.11.15,False,False,False,False,False,False,valid,YYYY-MM-DD,False,412.0,False,True,False,True
2732,1831,Germany,210,2024-02-18,1831,Deutschland,210,2024-02-18,False,False,False,False,False,False,valid,YYYY-MM-DD,False,317.0,False,True,False,True
2733,1831,Poland,151,2024-04-15,1831,PL,151,2024-04-15,False,False,False,False,False,False,valid,YYYY-MM-DD,False,260.0,False,True,False,True
2734,1832,Poland,170,2023-09-12,1832,PL,170,2023-09-12,False,False,False,False,False,False,valid,YYYY-MM-DD,False,476.0,False,True,False,True
2735,1833,Poland,118,2024-05-17,1833,Poland,118,2024-05-17,False,False,False,False,False,False,valid,YYYY-MM-DD,False,228.0,False,True,False,True
2736,1834,Germany,298,2024-01-01,1834,DE,298,01/01/2024,False,False,False,False,False,False,valid,DD-MM-YYYY,True,365.0,False,True,False,True
2737,1834,Poland,336,2024-04-12,1834,POL,336,2024/04/12,False,False,False,False,False,False,valid,YYYY-MM-DD,False,263.0,False,True,False,True
2738,1835,Czech Republic,196,2023-12-03,1835,CZ,196,03-12-2023,False,False,False,False,False,False,valid,DD-MM-YYYY,True,394.0,False,True,False,True
2739,1835,Poland,379,2024-07-31,1835,POL,379,2024/07/31,False,False,False,False,False,False,valid,YYYY-MM-DD,False,153.0,False,True,False,True
2740,1836,Poland,99,2023-09-29,1836,PL,99,2023-09-29,False,False,False,False,False,False,valid,YYYY-MM-DD,False,459.0,False,True,False,True
2741,1836,Germany,115,2024-01-15,1836,GER,115,15-01-2024,False,False,False,False,False,False,valid,DD-MM-YYYY,False,351.0,False,True,False,True
2742,1837,Czech Republic,0,2024-02-20,1837,Czech,0,2024-02-20,False,False,False,False,True,False,valid,YYYY-MM-DD,False,315.0,False,True,False,True
2743,1837,Poland,0,2023-11-13,1837,Polska,0,2023-11-13,False,False,False,False,True,False,valid,YYYY-MM-DD,False,414.0,False,True,False,True
2744,1838,Poland,216,2023-08-19,1838,PL,216,19-08-2023,False,False,False,False,False,False,valid,DD-MM-YYYY,False,500.0,False,True,False,True
2745,1838,Czech Republic,150,2024-10-15,1838,czechia,150,2024-10-15,False,False,False,False,False,False,valid,YYYY-MM-DD,False,77.0,False,False,False,True
2746,1839,Germany,162,2024-06-07,1839,DE,162,2024/06/07,False,False,False,False,False,False,valid,YYYY-MM-DD,False,207.0,False,True,False,True
2747,1839,Poland,132,2024-08-17,1839,poland,132,2024-08-17,False,False,False,False,False,False,valid,YYYY-MM-DD,False,136.0,False,True,False,True
2748,1840,Czech Republic,229,2024-07-25,1840,czechia,229,25-07-2024,False,False,False,False,False,False,valid,DD-MM-YYYY,False,159.0,False,True,False,True
2749,1841,Czech Republic,262,2024-11-23,1841,CZ,262,2024-11-23,False,False,False,False,False,False,valid,YYYY-MM-DD,False,38.0,False,False,False,True
2750,1841,Germany,135,2024-05-25,1841,GER,135,2024-05-25,False,False,False,False,False,False,valid,YYYY-MM-DD,False,220.0,False,True,False,True
2751,1842,Czech Republic,319,2023-11-14,1842,CZ,319,14-11-2023,False,False,False,False,False,False,valid,DD-MM-YYYY,False,413.0,False,True,False,True
2752,1843,Poland,241,2023-06-14,1843,POL,241,2023-06-14,False,False,False,False,False,False,valid,YYYY-MM-DD,False,566.0,False,True,False,True
2753,1843,Germany,170,2024-07-20,1843,GER,170,20/07/2024,False,False,False,False,False,False,valid,DD-MM-YYYY,False,164.0,False,True,False,True
2754,1844,Poland,260,2024-05-10,1844,Polska,260,2024/05/10,False,False,False,False,False,False,valid,YYYY-MM-DD,False,235.0,False,True,False,True
2755,1845,Czech Republic,195,2023-08-24,1845,CZ,195,2023-08-24,False,False,False,False,False,False,valid,YYYY-MM-DD,False,495.0,False,True,False,True
2756,1845,Poland,244,2024-12-13,1845,poland,244,2024-12-13,False,False,False,False,False,False,valid,YYYY-MM-DD,False,18.0,False,False,False,True
2757,1846,Czech Republic,370,2023-07-03,1846,Czechia,370,03-07-2023,False,False,False,False,False,False,valid,DD-MM-YYYY,True,547.0,False,True,False,True
2758,1847,Czech Republic,151,2023-09-09,1847,czechia,151,2023-09-09,False,False,False,False,False,False,valid,YYYY-MM-DD,False,479.0,False,True,False,True
2759,1847,Poland,77,2023-05-18,1847,PL,77,2023-05-18,False,False,False,False,False,False,valid,YYYY-MM-DD,False,593.0,False,True,False,True
2760,1848,Poland,288,2024-07-31,1848,poland,288,2024-07-31,False,False,False,False,False,False,valid,YYYY-MM-DD,False,153.0,False,True,False,True
2761,1849,Poland,261,2024-10-17,1849,Poland,261,2024/10/17,False,False,False,False,False,False,valid,YYYY-MM-DD,False,75.0,False,False,False,True
2762,1850,Czech Republic,165,2023-07-13,1850,Czechia,165,2023/07/13,False,False,False,False,False,False,valid,YYYY-MM-DD,False,537.0,False,True,False,True
2763,1850,Germany,78,2024-08-03,1850,GER,78,2024-08-03,False,False,False,False,False,False,valid,YYYY-MM-DD,False,150.0,False,True,False,True
2764,1851,Czech Republic,0,2024-03-17,1851,CZ,0,2024-03-17,False,False,False,False,True,False,valid,YYYY-MM-DD,False,289.0,False,True,False,True
2765,1852,Czech Republic,469,2024-04-23,1852,czechia,469,2024-04-23,False,False,False,False,False,False,valid,YYYY-MM-DD,False,252.0,False,True,False,True
2766,1852,Poland,281,2023-06-24,1852,poland,281,2023-06-24,False,False,False,False,False,False,valid,YYYY-MM-DD,False,556.0,False,True,False,True
2767,1853,Poland,295,2024-04-18,1853,poland,295,2024/04/18,False,False,False,False,False,False,valid,YYYY-MM-DD,False,257.0,False,True,False,True
2768,1854,Germany,120,2024-08-15,1854,GER,120,15-08-2024,False,False,False,False,False,False,valid,DD-MM-YYYY,False,138.0,False,True,False,True
2769,1855,Poland,169,2023-09-29,1855,poland,169,2023-09-29,False,False,False,False,False,False,valid,YYYY-MM-DD,False,459.0,False,True,False,True
2770,1856,Germany,128,2024-07-23,1856,germany,128,2024-07-23,False,False,False,False,False,False,valid,YYYY-MM-DD,False,161.0,False,True,False,True
2771,1856,Poland,168,2024-12-15,1856,PL,168,2024-12-15,False,False,False,False,False,False,valid,YYYY-MM-DD,False,16.0,False,False,False,True
2772,1857,Germany,189,2023-06-07,1857,germany,189,2023/06/07,False,False,False,False,False,False,valid,YYYY-MM-DD,False,573.0,False,True,False,True
2773,1857,Poland,0,2024-07-20,1857,Polska,0,2024-07-20,False,False,False,False,True,False,valid,YYYY-MM-DD,False,164.0,False,True,False,True
2774,1858,Poland,296,2023-10-06,1858,Polska,296,2023-10-06,False,False,False,False,False,False,valid,YYYY-MM-DD,False,452.0,False,True,False,True
2775,1859,Poland,0,2024-10-05,1859,Poland,0,05-10-2024,False,False,False,False,True,False,valid,DD-MM-YYYY,True,87.0,False,False,False,True
2776,1860,Germany,0,2024-08-27,1860,DE,0,2024-08-27,False,False,False,False,True,False,valid,YYYY-MM-DD,False,126.0,False,True,False,True
2777,1860,Czech Republic,85,2023-06-21,1860,Czech,85,21/06/2023,False,False,False,False,False,False,valid,DD-MM-YYYY,False,559.0,False,True,False,True
2778,1861,Czech Republic,394,2024-02-19,1861,Czechia,394,19-02-2024,False,False,False,False,False,False,valid,DD-MM-YYYY,False,316.0,False,True,False,True
2779,1862,Germany,371,2023-11-27,1862,Germany,371,27-11-2023,False,False,False,False,False,False,valid,DD-MM-YYYY,False,400.0,False,True,False,True
2780,1863,Czech Republic,166,2023-05-31,1863,CZ,166,2023/05/31,False,False,False,False,False,False,valid,YYYY-MM-DD,False,580.0,False,True,False,True
2781,1863,Germany,268,2023-11-11,1863,DE,268,11-11-2023,False,False,False,False,False,False,valid,DD-MM-YYYY,True,416.0,False,True,False,True
2782,1864,Germany,144,2024-07-13,1864,germany,144,13-07-2024,False,False,False,False,False,False,valid,DD-MM-YYYY,False,171.0,False,True,False,True
2783,1865,Germany,189,2024-06-11,1865,germany,189,2024-06-11,False,False,False,False,False,False,valid,YYYY-MM-DD,False,203.0,False,True,False,True
2784,1866,Poland,224,2023-09-30,1866,pl,224,30-09-2023,False,False,False,False,False,False,valid,DD-MM-YYYY,False,458.0,False,True,False,True
2785,1866,Czech Republic,171,2024-01-04,1866,Czech Republic,171,2024-01-04,False,False,False,False,False,False,valid,YYYY-MM-DD,False,362.0,False,True,False,True
2786,1867,Czech Republic,104,2023-05-25,1867,Czech,104,2023-05-25,False,False,False,False,False,False,valid,YYYY-MM-DD,False,586.0,False,True,False,True
2787,1868,Germany,277,2023-12-06,1868,DE,277,2023-12-06,False,False,False,False,False,False,valid,YYYY-MM-DD,False,391.0,False,True,False,True
2788,1869,Poland,170,2023-07-12,1869,Polska,170,2023-07-12,False,False,False,False,False,False,valid,YYYY-MM-DD,False,538.0,False,True,False,True
2789,1869,Czech Republic,387,2024-04-02,1869,CZ,387,2024-04-02,False,False,False,False,False,False,valid,YYYY-MM-DD,False,273.0,False,True,False,True
2790,1870,Germany,365,2023-10-16,1870,Germany,365,2023-10-16,False,False,False,False,False,False,valid,YYYY-MM-DD,False,442.0,False,True,False,True
2791,1871,Czech Republic,0,2023-08-13,1871,CZ,0,2023-08-13,False,False,False,False,True,False,valid,YYYY-MM-DD,False,506.0,False,True,False,True
2792,1871,Poland,366,2024-09-26,1871,Poland,366,2024-09-26,False,False,False,False,False,False,valid,YYYY-MM-DD,False,96.0,False,True,False,True
2793,1872,Poland,202,2023-08-04,1872,pl,202,2023-08-04,False,False,False,False,False,False,valid,YYYY-MM-DD,False,515.0,False,True,False,True
2795,1873,Poland,249,2024-06-28,1873,Polska,249,2024-06-28,False,False,False,False,False,False,valid,YYYY-MM-DD,False,186.0,False,True,False,True
2796,1873,Germany,173,2024-02-10,1873,Deutschland,173,2024/02/10,False,False,False,False,False,False,valid,YYYY-MM-DD,False,325.0,False,True,False,True
2797,1874,Germany,78,2024-04-29,1874,DE,78,29-04-2024,False,False,False,False,False,False,valid,DD-MM-YYYY,False,246.0,False,True,False,True
2798,1874,Poland,263,2023-09-22,1874,PL,263,2023-09-22,False,False,False,False,False,False,valid,YYYY-MM-DD,False,466.0,False,True,False,True
2799,1875,Czech Republic,23,2024-10-24,1875,Czech Republic,23,2024-10-24,False,False,False,False,False,False,valid,YYYY-MM-DD,False,68.0,False,False,False,True
2800,1876,Poland,183,2024-06-04,1876,POL,183,2024.06.04,False,False,False,False,False,False,valid,YYYY-MM-DD,False,210.0,False,True,False,True
2801,1877,Czech Republic,198,2024-01-28,1877,CZ,198,28/01/2024,False,False,False,False,False,False,valid,DD-MM-YYYY,False,338.0,False,True,False,True
2802,1878,Czech Republic,162,2024-07-19,1878,Czech Republic,162,2024-07-19,False,False,False,False,False,False,valid,YYYY-MM-DD,False,165.0,False,True,False,True
2803,1879,Germany,233,2023-10-14,1879,Germany,233,2023/10/14,False,False,False,False,False,False,valid,YYYY-MM-DD,False,444.0,False,True,False,True
2804,1880,Poland,108,2024-09-09,1880,Poland,108,2024/09/09,False,False,False,False,False,False,valid,YYYY-MM-DD,False,113.0,False,True,False,True
2805,1881,Czech Republic,117,2024-07-07,1881,Czech,117,07-07-2024,False,False,False,False,False,False,valid,DD-MM-YYYY,True,177.0,False,True,False,True
2806,1882,Czech Republic,66,2023-08-10,1882,Czech Republic,66,2023.08.10,False,False,False,False,False,False,valid,YYYY-MM-DD,False,509.0,False,True,False,True
2807,1882,Poland,288,2024-11-26,1882,POL,288,2024-11-26,False,False,False,False,False,False,valid,YYYY-MM-DD,False,35.0,False,False,False,True
2808,1883,Poland,485,2023-11-30,1883,pl,485,2023/11/30,False,False,False,False,False,False,valid,YYYY-MM-DD,False,397.0,False,True,False,True
2809,1883,Germany,258,2024-01-02,1883,Germany,258,2024-01-02,False,False,False,False,False,False,valid,YYYY-MM-DD,False,364.0,False,True,False,True
2810,1884,Germany,22,2024-11-06,1884,DE,22,06-11-2024,False,False,False,False,False,False,valid,DD-MM-YYYY,True,55.0,False,False,False,True
2811,1884,Czech Republic,173,2024-03-11,1884,czechia,173,2024-03-11,False,False,False,False,False,False,valid,YYYY-MM-DD,False,295.0,False,True,False,True
2812,1885,Poland,169,2024-02-06,1885,POL,169,2024-02-06,False,False,False,False,False,False,valid,YYYY-MM-DD,False,329.0,False,True,False,True
2813,1885,Czech Republic,58,2024-01-14,1885,Czech Republic,58,14-01-2024,False,False,False,False,False,False,valid,DD-MM-YYYY,False,352.0,False,True,False,True
2814,1886,Czech Republic,132,2024-01-18,1886,Czech Republic,132,2024-01-18,False,False,False,False,False,False,valid,YYYY-MM-DD,False,348.0,False,True,False,True
2815,1886,Poland,0,2023-05-22,1886,poland,0,22-05-2023,False,False,False,False,True,False,valid,DD-MM-YYYY,False,589.0,False,True,False,True
2816,1887,Poland,20,2024-01-31,1887,poland,20,2024-01-31,False,False,False,False,False,False,valid,YYYY-MM-DD,False,335.0,False,True,False,True
2817,1887,Czech Republic,185,2024-12-09,1887,czechia,185,2024-12-09,False,False,False,False,False,False,valid,YYYY-MM-DD,False,22.0,False,False,False,True
2818,1888,Germany,165,2024-12-14,1888,DE,165,14-12-2024,False,False,False,False,False,False,valid,DD-MM-YYYY,False,17.0,False,False,False,True
2819,1888,Poland,62,2024-01-26,1888,PL,62,2024/01/26,False,False,False,False,False,False,valid,YYYY-MM-DD,False,340.0,False,True,False,True
2820,1889,Poland,79,2023-10-12,1889,Poland,79,2023/10/12,False,False,False,False,False,False,valid,YYYY-MM-DD,False,446.0,False,True,False,True
2821,1889,Germany,443,2024-07-06,1889,germany,443,2024/07/06,False,False,False,False,False,False,valid,YYYY-MM-DD,False,178.0,False,True,False,True
2822,1890,Germany,18,2023-06-25,1890,Germany,18,2023-06-25,False,False,False,False,False,False,valid,YYYY-MM-DD,False,555.0,False,True,False,True
2823,1891,Czech Republic,256,2023-09-11,1891,CZ,256,2023/09/11,False,False,False,False,False,False,valid,YYYY-MM-DD,False,477.0,False,True,False,True
2824,1891,Poland,238,2024-02-03,1891,POL,238,2024-02-03,False,False,False,False,False,False,valid,YYYY-MM-DD,False,332.0,False,True,False,True
2825,1892,Germany,239,2024-12-14,1892,Deutschland,239,2024/12/14,False,False,False,False,False,False,valid,YYYY-MM-DD,False,17.0,False,False,False,True
2826,1893,Germany,137,2023-05-25,1893,GER,137,25-05-2023,False,False,False,False,False,False,valid,DD-MM-YYYY,False,586.0,False,True,False,True
2827,1893,Czech Republic,214,2023-12-17,1893,czechia,214,2023-12-17,False,False,False,False,False,False,valid,YYYY-MM-DD,False,380.0,False,True,False,True
2828,1894,Germany,226,2023-06-17,1894,germany,226,2023-06-17,False,False,False,False,False,False,valid,YYYY-MM-DD,False,563.0,False,True,False,True
2829,1894,Poland,0,2024-02-25,1894,poland,0,2024-02-25,False,False,False,False,True,False,valid,YYYY-MM-DD,False,310.0,False,True,False,True
2830,1895,Czech Republic,53,2024-11-18,1895,czechia,53,2024/11/18,False,False,False,False,False,False,valid,YYYY-MM-DD,False,43.0,False,False,False,True
2831,1896,Germany,21,2024-01-21,1896,GER,21,2024-01-21,False,False,False,False,False,False,valid,YYYY-MM-DD,False,345.0,False,True,False,True
2832,1896,Poland,468,2023-08-29,1896,poland,468,2023-08-29,False,False,False,False,False,False,valid,YYYY-MM-DD,False,490.0,False,True,False,True
2833,1897,Germany,243,2024-09-01,1897,GER,243,2024-09-01,False,False,False,False,False,False,valid,YYYY-MM-DD,False,121.0,False,True,False,True
2834,1898,Czech Republic,157,2024-08-09,1898,CZ,157,2024-08-09,False,False,False,False,False,False,valid,YYYY-MM-DD,False,144.0,False,True,False,True
2835,1898,Poland,191,2024-08-15,1898,Polska,191,2024-08-15,False,False,False,False,False,False,valid,YYYY-MM-DD,False,138.0,False,True,False,True
2836,1899,Germany,67,2023-12-03,1899,Germany,67,2023-12-03,False,False,False,False,False,False,valid,YYYY-MM-DD,False,394.0,False,True,False,True
2837,1899,Poland,61,2024-03-09,1899,Polska,61,2024/03/09,False,False,False,False,False,False,valid,YYYY-MM-DD,False,297.0,False,True,False,True
2838,1900,Czech Republic,52,2024-12-08,1900,CZ,52,08-12-2024,False,False,False,False,False,False,valid,DD-MM-YYYY,True,23.0,False,False,False,True
2839,1901,Czech Republic,195,2024-06-08,1901,czechia,195,2024-06-08,False,False,False,False,False,False,valid,YYYY-MM-DD,False,206.0,False,True,False,True
2840,1902,Czech Republic,292,2023-05-24,1902,Czech Republic,292,2023-05-24,False,False,False,False,False,False,valid,YYYY-MM-DD,False,587.0,False,True,False,True
2841,1902,Germany,78,2024-09-02,1902,DE,78,2024.09.02,False,False,False,False,False,False,valid,YYYY-MM-DD,False,120.0,False,True,False,True
2842,1903,Czech Republic,145,2024-01-28,1903,Czech Republic,145,2024-01-28,False,False,False,False,False,False,valid,YYYY-MM-DD,False,338.0,False,True,False,True
2843,1904,Germany,263,2023-06-15,1904,DE,263,2023-06-15,False,False,False,False,False,False,valid,YYYY-MM-DD,False,565.0,False,True,False,True
2844,1905,Poland,79,2023-12-03,1905,Poland,79,2023.12.03,False,False,False,False,False,False,valid,YYYY-MM-DD,False,394.0,False,True,False,True
2845,1906,Czech Republic,179,2024-02-28,1906,Czech Republic,179,28-02-2024,False,False,False,False,False,False,valid,DD-MM-YYYY,False,307.0,False,True,False,True
2846,1907,Poland,241,2023-09-24,1907,POL,241,2023/09/24,False,False,False,False,False,False,valid,YYYY-MM-DD,False,464.0,False,True,False,True
2847,1908,Poland,209,2024-04-20,1908,pl,209,2024-04-20,False,False,False,False,False,False,valid,YYYY-MM-DD,False,255.0,False,True,False,True
2848,1909,Czech Republic,3,2023-10-07,1909,CZ,3,2023/10/07,False,False,False,False,False,False,valid,YYYY-MM-DD,False,451.0,False,True,False,True
2849,1909,Poland,171,2024-07-12,1909,poland,171,2024-07-12,False,False,False,False,False,False,valid,YYYY-MM-DD,False,172.0,False,True,False,True
2850,1910,Czech Republic,271,2023-12-31,1910,Czech,271,2023-12-31,False,False,False,False,False,False,valid,YYYY-MM-DD,False,366.0,False,True,False,True
2851,1910,Germany,141,2024-12-26,1910,germany,141,2024/12/26,False,False,False,False,False,False,valid,YYYY-MM-DD,False,5.0,False,False,False,True
2852,1911,Poland,191,2023-12-31,1911,Poland,191,2023-12-31,False,False,False,False,False,False,valid,YYYY-MM-DD,False,366.0,False,True,False,True
2853,1912,Germany,257,2023-06-08,1912,Germany,257,2023-06-08,False,False,False,False,False,False,valid,YYYY-MM-DD,False,572.0,False,True,False,True
2855,1914,Poland,391,2024-07-06,1914,Polska,391,2024-07-06,False,False,False,False,False,False,valid,YYYY-MM-DD,False,178.0,False,True,False,True
2856,1914,Czech Republic,124,2023-09-21,1914,Czechia,124,2023/09/21,False,False,False,False,False,False,valid,YYYY-MM-DD,False,467.0,False,True,False,True
2857,1915,Czech Republic,175,2024-08-12,1915,Czech Republic,175,2024.08.12,False,False,False,False,False,False,valid,YYYY-MM-DD,False,141.0,False,True,False,True
2858,1915,Germany,172,2024-10-07,1915,germany,172,07-10-2024,False,False,False,False,False,False,valid,DD-MM-YYYY,True,85.0,False,False,False,True
2859,1916,Germany,203,2023-11-08,1916,GER,203,2023-11-08,False,False,False,False,False,False,valid,YYYY-MM-DD,False,419.0,False,True,False,True
2860,1916,Poland,347,2024-10-28,1916,pl,347,2024-10-28,False,False,False,False,False,False,valid,YYYY-MM-DD,False,64.0,False,False,False,True
2861,1917,Poland,57,2023-10-14,1917,PL,57,2023-10-14,False,False,False,False,False,False,valid,YYYY-MM-DD,False,444.0,False,True,False,True
2862,1917,Czech Republic,137,2024-05-11,1917,Czech Republic,137,2024/05/11,False,False,False,False,False,False,valid,YYYY-MM-DD,False,234.0,False,True,False,True
2863,1918,Czech Republic,50,2024-04-26,1918,Czechia,50,26-04-2024,False,False,False,False,False,False,valid,DD-MM-YYYY,False,249.0,False,True,False,True
2864,1919,Czech Republic,85,2024-10-23,1919,czechia,85,2024-10-23,False,False,False,False,False,False,valid,YYYY-MM-DD,False,69.0,False,False,False,True
2865,1919,Germany,275,2024-01-27,1919,GER,275,2024-01-27,False,False,False,False,False,False,valid,YYYY-MM-DD,False,339.0,False,True,False,True
2866,1920,Czech Republic,142,2023-12-06,1920,Czech,142,2023-12-06,False,False,False,False,False,False,valid,YYYY-MM-DD,False,391.0,False,True,False,True
2867,1921,Germany,117,2023-06-03,1921,DE,117,03/06/2023,False,False,False,False,False,False,valid,DD-MM-YYYY,True,577.0,False,True,False,True
2868,1922,Poland,343,2023-05-27,1922,Polska,343,2023-05-27,False,False,False,False,False,False,valid,YYYY-MM-DD,False,584.0,False,True,False,True
2869,1923,Czech Republic,84,2024-04-11,1923,CZ,84,2024.04.11,False,False,False,False,False,False,valid,YYYY-MM-DD,False,264.0,False,True,False,True
2870,1923,Germany,256,2024-04-04,1923,Deutschland,256,2024-04-04,False,False,False,False,False,False,valid,YYYY-MM-DD,False,271.0,False,True,False,True
2871,1924,Czech Republic,90,2024-03-30,1924,CZ,90,30-03-2024,False,False,False,False,False,False,valid,DD-MM-YYYY,False,276.0,False,True,False,True
2872,1925,Poland,218,2023-09-28,1925,poland,218,2023-09-28,False,False,False,False,False,False,valid,YYYY-MM-DD,False,460.0,False,True,False,True
2873,1926,Czech Republic,253,2024-08-22,1926,CZ,253,2024-08-22,False,False,False,False,False,False,valid,YYYY-MM-DD,False,131.0,False,True,False,True
2874,1927,Germany,167,2023-05-25,1927,GER,167,2023-05-25,False,False,False,False,False,False,valid,YYYY-MM-DD,False,586.0,False,True,False,True
2875,1927,Poland,203,2024-02-10,1927,pl,203,2024-02-10,False,False,False,False,False,False,valid,YYYY-MM-DD,False,325.0,False,True,False,True
2876,1928,Czech Republic,262,2023-08-01,1928,Czech Republic,262,2023-08-01,False,False,False,False,False,False,valid,YYYY-MM-DD,False,518.0,False,True,False,True
2877,1929,Poland,190,2024-10-14,1929,PL,190,2024-10-14,False,False,False,False,False,False,valid,YYYY-MM-DD,False,78.0,False,False,False,True
2878,1929,Germany,123,2023-08-17,1929,germany,123,2023/08/17,False,False,False,False,False,False,valid,YYYY-MM-DD,False,502.0,False,True,False,True
2879,1930,Poland,273,2024-02-01,1930,PL,273,2024-02-01,False,False,False,False,False,False,valid,YYYY-MM-DD,False,334.0,False,True,False,True
2880,1930,Germany,215,2024-10-27,1930,GER,215,2024-10-27,False,False,False,False,False,False,valid,YYYY-MM-DD,False,65.0,False,False,False,True
2881,1931,Poland,198,2024-09-25,1931,POL,198,2024/09/25,False,False,False,False,False,False,valid,YYYY-MM-DD,False,97.0,False,True,False,True
2882,1931,Germany,183,2023-11-13,1931,Deutschland,183,2023-11-13,False,False,False,False,False,False,valid,YYYY-MM-DD,False,414.0,False,True,False,True
2883,1932,Germany,231,2024-12-25,1932,Germany,231,2024-12-25,False,False,False,False,False,False,valid,YYYY-MM-DD,False,6.0,False,False,False,True
2884,1932,Czech Republic,10,2023-09-25,1932,czechia,10,2023-09-25,False,False,False,False,False,False,valid,YYYY-MM-DD,False,463.0,False,True,False,True
2885,1933,Czech Republic,291,2024-04-10,1933,Czech Republic,291,2024-04-10,False,False,False,False,False,False,valid,YYYY-MM-DD,False,265.0,False,True,False,True
2886,1933,Germany,137,2023-06-23,1933,DE,137,2023-06-23,False,False,False,False,False,False,valid,YYYY-MM-DD,False,557.0,False,True,False,True
2887,1934,Germany,232,2023-09-07,1934,GER,232,2023-09-07,False,False,False,False,False,False,valid,YYYY-MM-DD,False,481.0,False,True,False,True
2888,1934,Poland,248,2024-03-25,1934,poland,248,25/03/2024,False,False,False,False,False,False,valid,DD-MM-YYYY,False,281.0,False,True,False,True
2889,1935,Czech Republic,152,2024-02-28,1935,Czech,152,2024/02/28,False,False,False,False,False,False,valid,YYYY-MM-DD,False,307.0,False,True,False,True
2890,1936,Poland,165,2023-07-29,1936,poland,165,2023-07-29,False,False,False,False,False,False,valid,YYYY-MM-DD,False,521.0,False,True,False,True
2891,1936,Czech Republic,318,2023-11-26,1936,Czechia,318,2023-11-26,False,False,False,False,False,False,valid,YYYY-MM-DD,False,401.0,False,True,False,True
2892,1937,Germany,180,2024-08-07,1937,GER,180,2024-08-07,False,False,False,False,False,False,valid,YYYY-MM-DD,False,146.0,False,True,False,True
2893,1937,Poland,242,2023-11-06,1937,Poland,242,2023/11/06,False,False,False,False,False,False,valid,YYYY-MM-DD,False,421.0,False,True,False,True
2894,1938,Poland,281,2024-09-20,1938,pl,281,2024.09.20,False,False,False,False,False,False,valid,YYYY-MM-DD,False,102.0,False,True,False,True
2895,1938,Czech Republic,165,2024-11-10,1938,Czech,165,2024-11-10,False,False,False,False,False,False,valid,YYYY-MM-DD,False,51.0,False,False,False,True
2896,1939,Germany,75,2023-07-31,1939,Deutschland,75,2023.07.31,False,False,False,False,False,False,valid,YYYY-MM-DD,False,519.0,False,True,False,True
2898,1940,Czech Republic,205,2024-05-17,1940,Czech Republic,205,2024-05-17,False,False,False,False,False,False,valid,YYYY-MM-DD,False,228.0,False,True,False,True
2899,1941,Czech Republic,123,2024-09-26,1941,Czech Republic,123,2024-09-26,False,False,False,False,False,False,valid,YYYY-MM-DD,False,96.0,False,True,False,True
2900,1942,Czech Republic,125,2024-12-22,1942,czechia,125,2024/12/22,False,False,False,False,False,False,valid,YYYY-MM-DD,False,9.0,False,False,False,True
2901,1943,Germany,231,2024-08-04,1943,Deutschland,231,2024-08-04,False,False,False,False,False,False,valid,YYYY-MM-DD,False,149.0,False,True,False,True
2902,1943,Poland,322,2024-09-04,1943,Poland,322,04-09-2024,False,False,False,False,False,False,valid,DD-MM-YYYY,True,118.0,False,True,False,True
2903,1944,Czech Republic,332,2024-01-22,1944,CZ,332,2024-01-22,False,False,False,False,False,False,valid,YYYY-MM-DD,False,344.0,False,True,False,True
2904,1944,Germany,197,2024-01-17,1944,Germany,197,2024-01-17,False,False,False,False,False,False,valid,YYYY-MM-DD,False,349.0,False,True,False,True
2905,1945,Poland,67,2024-01-22,1945,PL,67,2024-01-22,False,False,False,False,False,False,valid,YYYY-MM-DD,False,344.0,False,True,False,True
2906,1946,Germany,0,2024-09-16,1946,germany,0,2024-09-16,False,False,False,False,True,False,valid,YYYY-MM-DD,False,106.0,False,True,False,True
2907,1946,Poland,244,2023-07-09,1946,pl,244,09-07-2023,False,False,False,False,False,False,valid,DD-MM-YYYY,True,541.0,False,True,False,True
2908,1947,Czech Republic,216,2023-08-24,1947,Czechia,216,2023/08/24,False,False,False,False,False,False,valid,YYYY-MM-DD,False,495.0,False,True,False,True
2909,1947,Germany,278,2023-05-30,1947,germany,278,2023-05-30,False,False,False,False,False,False,valid,YYYY-MM-DD,False,581.0,False,True,False,True
2910,1948,Czech Republic,142,2023-09-25,1948,czechia,142,2023/09/25,False,False,False,False,False,False,valid,YYYY-MM-DD,False,463.0,False,True,False,True
2911,1949,Czech Republic,194,2023-10-28,1949,Czech,194,28-10-2023,False,False,False,False,False,False,valid,DD-MM-YYYY,False,430.0,False,True,False,True
2912,1950,Germany,184,2024-07-18,1950,germany,184,2024-07-18,False,False,False,False,False,False,valid,YYYY-MM-DD,False,166.0,False,True,False,True
2913,1951,Poland,204,2023-12-21,1951,POL,204,2023-12-21,False,False,False,False,False,False,valid,YYYY-MM-DD,False,376.0,False,True,False,True
2914,1951,Germany,15,2024-04-22,1951,germany,15,2024-04-22,False,False,False,False,False,False,valid,YYYY-MM-DD,False,253.0,False,True,False,True
2915,1952,Poland,267,2024-03-08,1952,Polska,267,2024-03-08,False,False,False,False,False,False,valid,YYYY-MM-DD,False,298.0,False,True,False,True
2916,1952,Germany,166,2023-06-05,1952,Germany,166,05-06-2023,False,False,False,False,False,False,valid,DD-MM-YYYY,True,575.0,False,True,False,True
2917,1953,Czech Republic,173,2024-06-10,1953,Czech,173,2024-06-10,False,False,False,False,False,False,valid,YYYY-MM-DD,False,204.0,False,True,False,True
2918,1953,Poland,254,2023-12-15,1953,Polska,254,2023/12/15,False,False,False,False,False,False,valid,YYYY-MM-DD,False,382.0,False,True,False,True
2919,1954,Czech Republic,236,2024-11-14,1954,czechia,236,14-11-2024,False,False,False,False,False,False,valid,DD-MM-YYYY,False,47.0,False,False,False,True
2920,1955,Germany,103,2024-11-28,1955,Germany,103,2024-11-28,False,False,False,False,False,False,valid,YYYY-MM-DD,False,33.0,False,False,False,True
2921,1956,Czech Republic,177,2023-10-26,1956,czechia,177,2023-10-26,False,False,False,False,False,False,valid,YYYY-MM-DD,False,432.0,False,True,False,True
2922,1957,Poland,0,2023-08-17,1957,pl,0,2023-08-17,False,False,False,False,True,False,valid,YYYY-MM-DD,False,502.0,False,True,False,True
2923,1958,Germany,346,2024-10-10,1958,Deutschland,346,2024-10-10,False,False,False,False,False,False,valid,YYYY-MM-DD,False,82.0,False,False,False,True
2924,1958,Czech Republic,215,2023-09-04,1958,Czech Republic,215,2023-09-04,False,False,False,False,False,False,valid,YYYY-MM-DD,False,484.0,False,True,False,True
2925,1959,Poland,212,2024-11-04,1959,poland,212,2024.11.04,False,False,False,False,False,False,valid,YYYY-MM-DD,False,57.0,False,False,False,True
2926,1960,Germany,143,2023-06-29,1960,Deutschland,143,2023/06/29,False,False,False,False,False,False,valid,YYYY-MM-DD,False,551.0,False,True,False,True
2927,1960,Czech Republic,344,2023-09-10,1960,Czech Republic,344,10/09/2023,False,False,False,False,False,False,valid,DD-MM-YYYY,True,478.0,False,True,False,True
2928,1961,Poland,272,2023-11-05,1961,poland,272,2023/11/05,False,False,False,False,False,False,valid,YYYY-MM-DD,False,422.0,False,True,False,True
2929,1961,Germany,281,2024-06-10,1961,Germany,281,2024-06-10,False,False,False,False,False,False,valid,YYYY-MM-DD,False,204.0,False,True,False,True
2930,1962,Germany,314,2024-12-18,1962,GER,314,18-12-2024,False,False,False,False,False,False,valid,DD-MM-YYYY,False,13.0,False,False,False,True
2931,1962,Poland,220,2024-10-27,1962,POL,220,2024-10-27,False,False,False,False,False,False,valid,YYYY-MM-DD,False,65.0,False,False,False,True
2932,1963,Germany,176,2023-10-30,1963,germany,176,2023/10/30,False,False,False,False,False,False,valid,YYYY-MM-DD,False,428.0,False,True,False,True
2933,1963,Poland,191,2024-04-02,1963,POL,191,2024.04.02,False,False,False,False,False,False,valid,YYYY-MM-DD,False,273.0,False,True,False,True
2934,1964,Czech Republic,275,2024-02-13,1964,czechia,275,2024-02-13,False,False,False,False,False,False,valid,YYYY-MM-DD,False,322.0,False,True,False,True
2935,1964,Germany,84,2024-07-10,1964,germany,84,2024/07/10,False,False,False,False,False,False,valid,YYYY-MM-DD,False,174.0,False,True,False,True
2936,1965,Poland,350,2023-10-16,1965,poland,350,2023/10/16,False,False,False,False,False,False,valid,YYYY-MM-DD,False,442.0,False,True,False,True
2937,1966,Germany,152,2023-05-30,1966,GER,152,2023-05-30,False,False,False,False,False,False,valid,YYYY-MM-DD,False,581.0,False,True,False,True
2938,1966,Poland,248,2023-09-03,1966,Poland,248,2023-09-03,False,False,False,False,False,False,valid,YYYY-MM-DD,False,485.0,False,True,False,True
2939,1967,Czech Republic,218,2024-01-07,1967,Czech Republic,218,2024-01-07,False,False,False,False,False,False,valid,YYYY-MM-DD,False,359.0,False,True,False,True
2940,1968,Germany,145,2024-04-29,1968,Germany,145,2024/04/29,False,False,False,False,False,False,valid,YYYY-MM-DD,False,246.0,False,True,False,True
2941,1968,Poland,175,2024-10-18,1968,POL,175,2024/10/18,False,False,False,False,False,False,valid,YYYY-MM-DD,False,74.0,False,False,False,True
2942,1969,Czech Republic,152,2024-01-02,1969,Czechia,152,2024-01-02,False,False,False,False,False,False,valid,YYYY-MM-DD,False,364.0,False,True,False,True
2943,1969,Germany,291,2024-01-17,1969,GER,291,2024-01-17,False,False,False,False,False,False,valid,YYYY-MM-DD,False,349.0,False,True,False,True
2944,1970,Germany,204,2024-11-27,1970,GER,204,27-11-2024,False,False,False,False,False,False,valid,DD-MM-YYYY,False,34.0,False,False,False,True
2945,1971,Poland,182,2023-11-13,1971,POL,182,2023/11/13,False,False,False,False,False,False,valid,YYYY-MM-DD,False,414.0,False,True,False,True
2947,1972,Czech Republic,188,2023-06-15,1972,CZ,188,15-06-2023,False,False,False,False,False,False,valid,DD-MM-YYYY,False,565.0,False,True,False,True
2948,1972,Poland,208,2023-08-03,1972,Polska,208,2023-08-03,False,False,False,False,False,False,valid,YYYY-MM-DD,False,516.0,False,True,False,True
2949,1973,Poland,137,2023-09-28,1973,PL,137,2023-09-28,False,False,False,False,False,False,valid,YYYY-MM-DD,False,460.0,False,True,False,True
2950,1974,Germany,181,2024-01-10,1974,DE,181,2024-01-10,False,False,False,False,False,False,valid,YYYY-MM-DD,False,356.0,False,True,False,True
2951,1975,Czech Republic,286,2024-08-14,1975,czechia,286,2024/08/14,False,False,False,False,False,False,valid,YYYY-MM-DD,False,139.0,False,True,False,True
2952,1976,Poland,7,2023-09-26,1976,pl,7,2023-09-26,False,False,False,False,False,False,valid,YYYY-MM-DD,False,462.0,False,True,False,True
2953,1976,Germany,284,2024-05-24,1976,GER,284,2024-05-24,False,False,False,False,False,False,valid,YYYY-MM-DD,False,221.0,False,True,False,True
2954,1977,Germany,248,2024-07-23,1977,Germany,248,23-07-2024,False,False,False,False,False,False,valid,DD-MM-YYYY,False,161.0,False,True,False,True
2955,1977,Poland,367,2024-01-29,1977,PL,367,2024-01-29,False,False,False,False,False,False,valid,YYYY-MM-DD,False,337.0,False,True,False,True
2956,1978,Czech Republic,321,2024-02-15,1978,CZ,321,2024/02/15,False,False,False,False,False,False,valid,YYYY-MM-DD,False,320.0,False,True,False,True
2957,1978,Poland,200,2023-05-17,1978,Polska,200,17-05-2023,False,False,False,False,False,False,valid,DD-MM-YYYY,False,594.0,False,True,False,True
2958,1979,Germany,280,2024-11-08,1979,Germany,280,2024.11.08,False,False,False,False,False,False,valid,YYYY-MM-DD,False,53.0,False,False,False,True
2959,1980,Poland,85,2024-09-23,1980,poland,85,2024-09-23,False,False,False,False,False,False,valid,YYYY-MM-DD,False,99.0,False,True,False,True
2960,1981,Czech Republic,290,2024-03-11,1981,Czech,290,2024.03.11,False,False,False,False,False,False,valid,YYYY-MM-DD,False,295.0,False,True,False,True
2961,1982,Czech Republic,235,2024-06-28,1982,Czechia,235,2024/06/28,False,False,False,False,False,False,valid,YYYY-MM-DD,False,186.0,False,True,False,True
2962,1982,Poland,175,2024-08-04,1982,pl,175,2024/08/04,False,False,False,False,False,False,valid,YYYY-MM-DD,False,149.0,False,True,False,True
2963,1983,Poland,205,2023-08-22,1983,poland,205,2023.08.22,False,False,False,False,False,False,valid,YYYY-MM-DD,False,497.0,False,True,False,True
2964,1984,Czech Republic,63,2024-08-28,1984,CZ,63,2024-08-28,False,False,False,False,False,False,valid,YYYY-MM-DD,False,125.0,False,True,False,True
2965,1985,Germany,233,2024-09-12,1985,Germany,233,2024-09-12,False,False,False,False,False,False,valid,YYYY-MM-DD,False,110.0,False,True,False,True
2966,1986,Poland,228,2023-10-26,1986,POL,228,2023-10-26,False,False,False,False,False,False,valid,YYYY-MM-DD,False,432.0,False,True,False,True
2967,1987,Poland,133,2024-08-01,1987,POL,133,2024/08/01,False,False,False,False,False,False,valid,YYYY-MM-DD,False,152.0,False,True,False,True
2968,1987,Germany,214,2023-06-21,1987,DE,214,21-06-2023,False,False,False,False,False,False,valid,DD-MM-YYYY,False,559.0,False,True,False,True
2969,1988,Germany,238,2023-06-06,1988,GER,238,2023-06-06,False,False,False,False,False,False,valid,YYYY-MM-DD,False,574.0,False,True,False,True
2970,1988,Poland,183,2023-09-13,1988,Polska,183,2023-09-13,False,False,False,False,False,False,valid,YYYY-MM-DD,False,475.0,False,True,False,True
2971,1989,Germany,242,2024-12-28,1989,Germany,242,2024-12-28,False,False,False,False,False,False,valid,YYYY-MM-DD,False,3.0,False,False,False,True
2972,1990,Poland,152,2023-09-13,1990,Poland,152,2023-09-13,False,False,False,False,False,False,valid,YYYY-MM-DD,False,475.0,False,True,False,True
2973,1990,Germany,340,2024-08-24,1990,Deutschland,340,2024-08-24,False,False,False,False,False,False,valid,YYYY-MM-DD,False,129.0,False,True,False,True
2974,1991,Poland,0,2024-08-03,1991,POL,0,2024/08/03,False,False,False,False,True,False,valid,YYYY-MM-DD,False,150.0,False,True,False,True
2975,1992,Germany,432,2024-10-09,1992,Deutschland,432,2024.10.09,False,False,False,False,False,False,valid,YYYY-MM-DD,False,83.0,False,False,False,True
2976,1993,Poland,134,2023-06-05,1993,Polska,134,2023-06-05,False,False,False,False,False,False,valid,YYYY-MM-DD,False,575.0,False,True,False,True
2977,1993,Czech Republic,256,2024-02-17,1993,Czech Republic,256,17-02-2024,False,False,False,False,False,False,valid,DD-MM-YYYY,False,318.0,False,True,False,True
2978,1994,Germany,230,2023-05-29,1994,Deutschland,230,2023-05-29,False,False,False,False,False,False,valid,YYYY-MM-DD,False,582.0,False,True,False,True
2979,1994,Czech Republic,124,2023-10-24,1994,czechia,124,2023-10-24,False,False,False,False,False,False,valid,YYYY-MM-DD,False,434.0,False,True,False,True
2980,1995,Czech Republic,272,2024-05-31,1995,Czech,272,2024-05-31,False,False,False,False,False,False,valid,YYYY-MM-DD,False,214.0,False,True,False,True
2981,1996,Germany,152,2023-08-31,1996,GER,152,2023-08-31,False,False,False,False,False,False,valid,YYYY-MM-DD,False,488.0,False,True,False,True
2982,1996,Czech Republic,206,2023-12-30,1996,Czechia,206,2023-12-30,False,False,False,False,False,False,valid,YYYY-MM-DD,False,367.0,False,True,False,True
2983,1997,Germany,140,2024-10-24,1997,germany,140,2024-10-24,False,False,False,False,False,False,valid,YYYY-MM-DD,False,68.0,False,False,False,True
2984,1997,Czech Republic,225,2023-05-27,1997,czechia,225,2023-05-27,False,False,False,False,False,False,valid,YYYY-MM-DD,False,584.0,False,True,False,True
2985,1998,Czech Republic,255,2024-04-21,1998,Czechia,255,21-04-2024,False,False,False,False,False,False,valid,DD-MM-YYYY,False,254.0,False,True,False,True
2986,1998,Poland,236,2023-10-23,1998,poland,236,2023-10-23,False,False,False,False,False,False,valid,YYYY-MM-DD,False,435.0,False,True,False,True
2987,1999,Poland,10,2023-12-17,1999,PL,10,2023-12-17,False,False,False,False,False,False,valid,YYYY-MM-DD,False,380.0,False,True,False,True
2988,1999,Germany,214,2023-09-12,1999,Germany,214,2023-09-12,False,False,False,False,False,False,valid,YYYY-MM-DD,False,476.0,False,True,False,True
2989,2000,Germany,206,2024-04-18,2000,Germany,206,2024/04/18,False,False,False,False,False,False,valid,YYYY-MM-DD,False,257.0,False,True,False,True
2990,2000,Poland,12,2024-09-29,2000,PL,12,2024-09-29,False,False,False,False,False,False,valid,YYYY-MM-DD,False,93.0,False,True,False,True
2991,2001,Czech Republic,46,2023-06-11,2001,Czech,46,2023/06/11,False,False,False,False,False,False,valid,YYYY-MM-DD,False,569.0,False,True,False,True
2992,2001,Poland,219,2023-07-22,2001,poland,219,2023.07.22,False,False,False,False,False,False,valid,YYYY-MM-DD,False,528.0,False,True,False,True
2993,2002,Czech Republic,250,2023-06-09,2002,czechia,250,2023-06-09,False,False,False,False,False,False,valid,YYYY-MM-DD,False,571.0,False,True,False,True
2994,2003,Czech Republic,229,2024-11-26,2003,czechia,229,2024-11-26,False,False,False,False,False,False,valid,YYYY-MM-DD,False,35.0,False,False,False,True
2995,2004,Poland,308,2024-10-30,2004,Polska,308,2024-10-30,False,False,False,False,False,False,valid,YYYY-MM-DD,False,62.0,False,False,False,True
2996,2005,Poland,108,2024-09-14,2005,POL,108,2024-09-14,False,False,False,False,False,False,valid,YYYY-MM-DD,False,108.0,False,True,False,True
2997,2005,Czech Republic,124,2024-04-17,2005,czechia,124,2024-04-17,False,False,False,False,False,False,valid,YYYY-MM-DD,False,258.0,False,True,False,True
2998,2006,Czech Republic,484,2023-09-26,2006,czechia,484,26-09-2023,False,False,False,False,False,False,valid,DD-MM-YYYY,False,462.0,False,True,False,True
2999,2007,Czech Republic,284,2024-11-12,2007,Czechia,284,2024.11.12,False,False,False,False,False,False,valid,YYYY-MM-DD,False,49.0,False,False,False,True
3000,2008,Poland,0,2023-07-03,2008,PL,0,2023.07.03,False,False,False,False,True,False,valid,YYYY-MM-DD,False,547.0,False,True,False,True
3001,2009,Poland,127,2024-05-16,2009,pl,127,2024-05-16,False,False,False,False,False,False,valid,YYYY-MM-DD,False,229.0,False,True,False,True
3002,2010,Czech Republic,211,2023-09-15,2010,CZ,211,2023-09-15,False,False,False,False,False,False,valid,YYYY-MM-DD,False,473.0,False,True,False,True
3003,2011,Germany,222,2023-11-01,2011,GER,222,2023/11/01,False,False,False,False,False,False,valid,YYYY-MM-DD,False,426.0,False,True,False,True
3004,2011,Poland,181,2023-07-19,2011,POL,181,2023/07/19,False,False,False,False,False,False,valid,YYYY-MM-DD,False,531.0,False,True,False,True
3005,2012,Czech Republic,82,2024-01-11,2012,Czechia,82,2024-01-11,False,False,False,False,False,False,valid,YYYY-MM-DD,False,355.0,False,True,False,True
3006,2013,Poland,333,2023-10-05,2013,Poland,333,05-10-2023,False,False,False,False,False,False,valid,DD-MM-YYYY,True,453.0,False,True,False,True
3007,2014,Czech Republic,216,2024-02-26,2014,Czech Republic,216,2024-02-26,False,False,False,False,False,False,valid,YYYY-MM-DD,False,309.0,False,True,False,True
3009,2015,Poland,134,2024-08-05,2015,POL,134,2024-08-05,False,False,False,False,False,False,valid,YYYY-MM-DD,False,148.0,False,True,False,True
3010,2016,Poland,177,2024-04-22,2016,Poland,177,2024-04-22,False,False,False,False,False,False,valid,YYYY-MM-DD,False,253.0,False,True,False,True
3011,2017,Poland,274,2024-03-11,2017,Poland,274,11-03-2024,False,False,False,False,False,False,valid,DD-MM-YYYY,True,295.0,False,True,False,True
3012,2017,Czech Republic,295,2024-12-28,2017,CZ,295,28/12/2024,False,False,False,False,False,False,valid,DD-MM-YYYY,False,3.0,False,False,False,True
3013,2018,Germany,157,2024-10-21,2018,GER,157,2024.10.21,False,False,False,False,False,False,valid,YYYY-MM-DD,False,71.0,False,False,False,True
3014,2019,Germany,287,2024-05-20,2019,Deutschland,287,2024-05-20,False,False,False,False,False,False,valid,YYYY-MM-DD,False,225.0,False,True,False,True
3015,2020,Czech Republic,313,2023-06-25,2020,Czech Republic,313,25-06-2023,False,False,False,False,False,False,valid,DD-MM-YYYY,False,555.0,False,True,False,True
3016,2021,Poland,344,2024-09-11,2021,Poland,344,2024-09-11,False,False,False,False,False,False,valid,YYYY-MM-DD,False,111.0,False,True,False,True
3017,2021,Germany,105,2024-04-20,2021,Deutschland,105,20-04-2024,False,False,False,False,False,False,valid,DD-MM-YYYY,False,255.0,False,True,False,True
3018,2022,Czech Republic,80,2024-12-19,2022,Czechia,80,2024-12-19,False,False,False,False,False,False,valid,YYYY-MM-DD,False,12.0,False,False,False,True
3019,2023,Poland,322,2024-12-05,2023,Poland,322,2024-12-05,False,False,False,False,False,False,valid,YYYY-MM-DD,False,26.0,False,False,False,True
3020,2023,Czech Republic,280,2023-07-05,2023,Czech Republic,280,2023/07/05,False,False,False,False,False,False,valid,YYYY-MM-DD,False,545.0,False,True,False,True
3021,2024,Germany,173,2023-11-11,2024,germany,173,2023-11-11,False,False,False,False,False,False,valid,YYYY-MM-DD,False,416.0,False,True,False,True
3023,2025,Germany,306,2023-12-08,2025,germany,306,2023-12-08,False,False,False,False,False,False,valid,YYYY-MM-DD,False,389.0,False,True,False,True
3024,2025,Poland,201,2023-08-27,2025,Polska,201,2023-08-27,False,False,False,False,False,False,valid,YYYY-MM-DD,False,492.0,False,True,False,True
3025,2026,Germany,215,2023-11-01,2026,DE,215,2023-11-01,False,False,False,False,False,False,valid,YYYY-MM-DD,False,426.0,False,True,False,True
3026,2026,Poland,223,2023-12-13,2026,POL,223,2023-12-13,False,False,False,False,False,False,valid,YYYY-MM-DD,False,384.0,False,True,False,True
3027,2027,Czech Republic,282,2023-09-25,2027,Czech,282,2023/09/25,False,False,False,False,False,False,valid,YYYY-MM-DD,False,463.0,False,True,False,True
3028,2028,Poland,0,2023-11-04,2028,pl,0,2023-11-04,False,False,False,False,True,False,valid,YYYY-MM-DD,False,423.0,False,True,False,True
3029,2028,Czech Republic,199,2024-08-23,2028,czechia,199,2024/08/23,False,False,False,False,False,False,valid,YYYY-MM-DD,False,130.0,False,True,False,True
3030,2029,Germany,211,2023-11-16,2029,germany,211,2023-11-16,False,False,False,False,False,False,valid,YYYY-MM-DD,False,411.0,False,True,False,True
3031,2030,Czech Republic,138,2024-06-11,2030,CZ,138,2024.06.11,False,False,False,False,False,False,valid,YYYY-MM-DD,False,203.0,False,True,False,True
3032,2031,Czech Republic,153,2024-01-08,2031,Czechia,153,08-01-2024,False,False,False,False,False,False,valid,DD-MM-YYYY,True,358.0,False,True,False,True
3033,2032,Germany,231,2024-04-01,2032,Germany,231,2024.04.01,False,False,False,False,False,False,valid,YYYY-MM-DD,False,274.0,False,True,False,True
3034,2032,Czech Republic,182,2024-11-07,2032,Czech Republic,182,2024-11-07,False,False,False,False,False,False,valid,YYYY-MM-DD,False,54.0,False,False,False,True
3035,2033,Czech Republic,430,2024-07-11,2033,Czech,430,2024-07-11,False,False,False,False,False,False,valid,YYYY-MM-DD,False,173.0,False,True,False,True
3036,2033,Poland,229,2024-07-04,2033,pl,229,2024/07/04,False,False,False,False,False,False,valid,YYYY-MM-DD,False,180.0,False,True,False,True
3037,2034,Czech Republic,191,2023-11-05,2034,Czech,191,2023-11-05,False,False,False,False,False,False,valid,YYYY-MM-DD,False,422.0,False,True,False,True
3038,2034,Germany,90,2023-11-18,2034,germany,90,2023/11/18,False,False,False,False,False,False,valid,YYYY-MM-DD,False,409.0,False,True,False,True
3039,2035,Czech Republic,178,2024-09-17,2035,CZ,178,17-09-2024,False,False,False,False,False,False,valid,DD-MM-YYYY,False,105.0,False,True,False,True
3040,2036,Czech Republic,251,2023-06-30,2036,Czech,251,2023/06/30,False,False,False,False,False,False,valid,YYYY-MM-DD,False,550.0,False,True,False,True
3041,2036,Poland,340,2024-09-08,2036,POL,340,2024/09/08,False,False,False,False,False,False,valid,YYYY-MM-DD,False,114.0,False,True,False,True
3042,2037,Czech Republic,332,2024-03-07,2037,Czech,332,2024-03-07,False,False,False,False,False,False,valid,YYYY-MM-DD,False,299.0,False,True,False,True
3043,2037,Poland,192,2024-07-22,2037,poland,192,22/07/2024,False,False,False,False,False,False,valid,DD-MM-YYYY,False,162.0,False,True,False,True
3044,2038,Czech Republic,251,2023-12-28,2038,CZ,251,28-12-2023,False,False,False,False,False,False,valid,DD-MM-YYYY,False,369.0,False,True,False,True
3045,2039,Germany,178,2024-05-12,2039,GER,178,2024/05/12,False,False,False,False,False,False,valid,YYYY-MM-DD,False,233.0,False,True,False,True
3046,2040,Czech Republic,186,2023-06-16,2040,Czech,186,2023-06-16,False,False,False,False,False,False,valid,YYYY-MM-DD,False,564.0,False,True,False,True
3047,2040,Poland,0,2023-10-24,2040,Polska,0,2023.10.24,False,False,False,False,True,False,valid,YYYY-MM-DD,False,434.0,False,True,False,True
3048,2041,Poland,88,2024-06-27,2041,pl,88,2024-06-27,False,False,False,False,False,False,valid,YYYY-MM-DD,False,187.0,False,True,False,True
3049,2042,Germany,26,2024-02-16,2042,germany,26,2024-02-16,False,False,False,False,False,False,valid,YYYY-MM-DD,False,319.0,False,True,False,True
3050,2042,Czech Republic,172,2023-10-11,2042,Czechia,172,2023-10-11,False,False,False,False,False,False,valid,YYYY-MM-DD,False,447.0,False,True,False,True
3051,2043,Czech Republic,350,2023-07-26,2043,Czech Republic,350,2023-07-26,False,False,False,False,False,False,valid,YYYY-MM-DD,False,524.0,False,True,False,True
3052,2043,Germany,278,2024-03-25,2043,GER,278,2024-03-25,False,False,False,False,False,False,valid,YYYY-MM-DD,False,281.0,False,True,False,True
3053,2044,Czech Republic,76,2024-01-27,2044,Czechia,76,2024-01-27,False,False,False,False,False,False,valid,YYYY-MM-DD,False,339.0,False,True,False,True
3054,2045,Germany,171,2023-07-20,2045,Deutschland,171,2023-07-20,False,False,False,False,False,False,valid,YYYY-MM-DD,False,530.0,False,True,False,True
3055,2046,Poland,169,2023-10-03,2046,Poland,169,2023/10/03,False,False,False,False,False,False,valid,YYYY-MM-DD,False,455.0,False,True,False,True
3056,2046,Czech Republic,246,2023-11-21,2046,Czech,246,2023-11-21,False,False,False,False,False,False,valid,YYYY-MM-DD,False,406.0,False,True,False,True
3057,2047,Poland,256,2024-04-04,2047,Polska,256,04-04-2024,False,False,False,False,False,False,valid,DD-MM-YYYY,True,271.0,False,True,False,True
3058,2047,Germany,107,2023-06-05,2047,GER,107,05-06-2023,False,False,False,False,False,False,valid,DD-MM-YYYY,True,575.0,False,True,False,True
3059,2048,Poland,261,2023-09-10,2048,PL,261,10-09-2023,False,False,False,False,False,False,valid,DD-MM-YYYY,True,478.0,False,True,False,True
3060,2049,Germany,291,2023-07-15,2049,Germany,291,2023/07/15,False,False,False,False,False,False,valid,YYYY-MM-DD,False,535.0,False,True,False,True
3061,2049,Poland,137,2024-12-25,2049,Poland,137,2024/12/25,False,False,False,False,False,False,valid,YYYY-MM-DD,False,6.0,False,False,False,True
3062,2050,Czech Republic,179,2024-07-04,2050,CZ,179,2024-07-04,False,False,False,False,False,False,valid,YYYY-MM-DD,False,180.0,False,True,False,True
3063,2050,Poland,241,2024-08-25,2050,POL,241,2024-08-25,False,False,False,False,False,False,valid,YYYY-MM-DD,False,128.0,False,True,False,True
3064,2051,Czech Republic,381,2024-07-25,2051,Czech Republic,381,2024-07-25,False,False,False,False,False,False,valid,YYYY-MM-DD,False,159.0,False,True,False,True
3065,2051,Poland,396,2023-09-05,2051,POL,396,2023/09/05,False,False,False,False,False,False,valid,YYYY-MM-DD,False,483.0,False,True,False,True
3066,2052,Poland,147,2024-10-04,2052,PL,147,2024/10/04,False,False,False,False,False,False,valid,YYYY-MM-DD,False,88.0,False,False,False,True
3067,2052,Czech Republic,252,2024-09-03,2052,czechia,252,2024-09-03,False,False,False,False,False,False,valid,YYYY-MM-DD,False,119.0,False,True,False,True
3068,2053,Poland,40,2024-02-04,2053,PL,40,2024-02-04,False,False,False,False,False,False,valid,YYYY-MM-DD,False,331.0,False,True,False,True
3069,2053,Germany,192,2023-06-29,2053,Deutschland,192,2023-06-29,False,False,False,False,False,False,valid,YYYY-MM-DD,False,551.0,False,True,False,True
3070,2054,Poland,331,2024-12-03,2054,poland,331,2024-12-03,False,False,False,False,False,False,valid,YYYY-MM-DD,False,28.0,False,False,False,True
3071,2055,Poland,178,2023-12-26,2055,Poland,178,2023-12-26,False,False,False,False,False,False,valid,YYYY-MM-DD,False,371.0,False,True,False,True
3072,2055,Germany,194,2024-07-22,2055,GER,194,2024-07-22,False,False,False,False,False,False,valid,YYYY-MM-DD,False,162.0,False,True,False,True
3073,2056,Germany,134,2023-09-28,2056,GER,134,2023-09-28,False,False,False,False,False,False,valid,YYYY-MM-DD,False,460.0,False,True,False,True
3074,2056,Czech Republic,56,2024-08-30,2056,CZ,56,2024-08-30,False,False,False,False,False,False,valid,YYYY-MM-DD,False,123.0,False,True,False,True
3075,2057,Poland,111,2024-06-26,2057,Poland,111,2024-06-26,False,False,False,False,False,False,valid,YYYY-MM-DD,False,188.0,False,True,False,True
3076,2058,Poland,44,2024-05-02,2058,Poland,44,2024-05-02,False,False,False,False,False,False,valid,YYYY-MM-DD,False,243.0,False,True,False,True
3077,2059,Germany,141,2024-09-24,2059,germany,141,2024-09-24,False,False,False,False,False,False,valid,YYYY-MM-DD,False,98.0,False,True,False,True
3078,2060,Czech Republic,0,2023-08-02,2060,Czech,0,2023.08.02,False,False,False,False,True,False,valid,YYYY-MM-DD,False,517.0,False,True,False,True
3079,2060,Poland,89,2023-09-08,2060,Poland,89,2023/09/08,False,False,False,False,False,False,valid,YYYY-MM-DD,False,480.0,False,True,False,True
3080,2061,Czech Republic,239,2024-02-05,2061,Czech,239,2024.02.05,False,False,False,False,False,False,valid,YYYY-MM-DD,False,330.0,False,True,False,True
3081,2062,Germany,249,2023-10-15,2062,GER,249,2023-10-15,False,False,False,False,False,False,valid,YYYY-MM-DD,False,443.0,False,True,False,True
3082,2062,Poland,182,2024-01-14,2062,pl,182,2024-01-14,False,False,False,False,False,False,valid,YYYY-MM-DD,False,352.0,False,True,False,True
3083,2063,Czech Republic,257,2024-12-26,2063,czechia,257,2024-12-26,False,False,False,False,False,False,valid,YYYY-MM-DD,False,5.0,False,False,False,True
3084,2064,Poland,85,2023-06-25,2064,pl,85,2023.06.25,False,False,False,False,False,False,valid,YYYY-MM-DD,False,555.0,False,True,False,True
3085,2065,Czech Republic,196,2023-09-29,2065,Czechia,196,29/09/2023,False,False,False,False,False,False,valid,DD-MM-YYYY,False,459.0,False,True,False,True
3086,2066,Czech Republic,255,2023-11-22,2066,CZ,255,2023.11.22,False,False,False,False,False,False,valid,YYYY-MM-DD,False,405.0,False,True,False,True
3087,2067,Germany,201,2023-06-06,2067,germany,201,2023.06.06,False,False,False,False,False,False,valid,YYYY-MM-DD,False,574.0,False,True,False,True
3088,2067,Poland,178,2024-05-24,2067,POL,178,2024-05-24,False,False,False,False,False,False,valid,YYYY-MM-DD,False,221.0,False,True,False,True
3089,2068,Poland,296,2024-09-02,2068,pl,296,2024/09/02,False,False,False,False,False,False,valid,YYYY-MM-DD,False,120.0,False,True,False,True
3090,2068,Czech Republic,371,2023-06-02,2068,Czech Republic,371,2023-06-02,False,False,False,False,False,False,valid,YYYY-MM-DD,False,578.0,False,True,False,True
3091,2069,Germany,125,2024-04-30,2069,GER,125,2024-04-30,False,False,False,False,False,False,valid,YYYY-MM-DD,False,245.0,False,True,False,True
3092,2070,Czech Republic,338,2024-02-19,2070,Czechia,338,2024-02-19,False,False,False,False,False,False,valid,YYYY-MM-DD,False,316.0,False,True,False,True
3093,2071,Poland,110,2024-07-10,2071,Poland,110,10-07-2024,False,False,False,False,False,False,valid,DD-MM-YYYY,True,174.0,False,True,False,True
3094,2072,Czech Republic,0,2024-02-25,2072,Czech Republic,0,2024.02.25,False,False,False,False,True,False,valid,YYYY-MM-DD,False,310.0,False,True,False,True
3095,2073,Poland,379,2024-05-09,2073,Polska,379,2024-05-09,False,False,False,False,False,False,valid,YYYY-MM-DD,False,236.0,False,True,False,True
3096,2074,Germany,262,2024-11-09,2074,Germany,262,2024-11-09,False,False,False,False,False,False,valid,YYYY-MM-DD,False,52.0,False,False,False,True
3097,2075,Poland,311,2024-07-05,2075,PL,311,2024-07-05,False,False,False,False,False,False,valid,YYYY-MM-DD,False,179.0,False,True,False,True
3098,2076,Poland,115,2024-05-02,2076,Polska,115,2024.05.02,False,False,False,False,False,False,valid,YYYY-MM-DD,False,243.0,False,True,False,True
3099,2077,Poland,93,2023-06-01,2077,pl,93,2023.06.01,False,False,False,False,False,False,valid,YYYY-MM-DD,False,579.0,False,True,False,True
3100,2077,Germany,162,2023-08-21,2077,Germany,162,2023-08-21,False,False,False,False,False,False,valid,YYYY-MM-DD,False,498.0,False,True,False,True
3101,2078,Germany,134,2023-08-18,2078,GER,134,2023.08.18,False,False,False,False,False,False,valid,YYYY-MM-DD,False,501.0,False,True,False,True
3102,2079,Czech Republic,141,2024-01-07,2079,CZ,141,2024-01-07,False,False,False,False,False,False,valid,YYYY-MM-DD,False,359.0,False,True,False,True
3103,2080,Poland,147,2024-09-07,2080,poland,147,2024-09-07,False,False,False,False,False,False,valid,YYYY-MM-DD,False,115.0,False,True,False,True
3104,2081,Poland,0,2023-08-24,2081,POL,0,24-08-2023,False,False,False,False,True,False,valid,DD-MM-YYYY,False,495.0,False,True,False,True
3105,2082,Germany,167,2024-04-12,2082,GER,167,2024-04-12,False,False,False,False,False,False,valid,YYYY-MM-DD,False,263.0,False,True,False,True
3106,2082,Poland,0,2024-04-24,2082,poland,0,2024-04-24,False,False,False,False,True,False,valid,YYYY-MM-DD,False,251.0,False,True,False,True
3107,2083,Germany,36,2024-08-22,2083,Germany,36,22/08/2024,False,False,False,False,False,False,valid,DD-MM-YYYY,False,131.0,False,True,False,True
3108,2083,Poland,0,2024-12-21,2083,poland,0,2024-12-21,False,False,False,False,True,False,valid,YYYY-MM-DD,False,10.0,False,False,False,True
3109,2084,Czech Republic,161,2024-03-26,2084,czechia,161,2024-03-26,False,False,False,False,False,False,valid,YYYY-MM-DD,False,280.0,False,True,False,True
3110,2084,Germany,211,2024-01-10,2084,germany,211,10/01/2024,False,False,False,False,False,False,valid,DD-MM-YYYY,True,356.0,False,True,False,True
3111,2085,Germany,235,2023-07-07,2085,Germany,235,2023/07/07,False,False,False,False,False,False,valid,YYYY-MM-DD,False,543.0,False,True,False,True
3112,2086,Germany,98,2023-09-20,2086,DE,98,2023-09-20,False,False,False,False,False,False,valid,YYYY-MM-DD,False,468.0,False,True,False,True
3113,2086,Poland,57,2024-12-24,2086,pl,57,2024-12-24,False,False,False,False,False,False,valid,YYYY-MM-DD,False,7.0,False,False,False,True
3114,2087,Poland,291,2023-12-02,2087,PL,291,2023/12/02,False,False,False,False,False,False,valid,YYYY-MM-DD,False,395.0,False,True,False,True
3115,2087,Czech Republic,361,2024-06-19,2087,Czech,361,2024-06-19,False,False,False,False,False,False,valid,YYYY-MM-DD,False,195.0,False,True,False,True
3116,2088,Czech Republic,308,2023-10-23,2088,Czech,308,23-10-2023,False,False,False,False,False,False,valid,DD-MM-YYYY,False,435.0,False,True,False,True
3117,2088,Poland,55,2024-04-04,2088,pl,55,2024-04-04,False,False,False,False,False,False,valid,YYYY-MM-DD,False,271.0,False,True,False,True
3118,2089,Czech Republic,0,2024-09-26,2089,Czech Republic,0,26-09-2024,False,False,False,False,True,False,valid,DD-MM-YYYY,False,96.0,False,True,False,True
3119,2090,Czech Republic,229,2023-05-28,2090,Czech,229,2023-05-28,False,False,False,False,False,False,valid,YYYY-MM-DD,False,583.0,False,True,False,True
3120,2090,Germany,258,2024-04-19,2090,DE,258,2024-04-19,False,False,False,False,False,False,valid,YYYY-MM-DD,False,256.0,False,True,False,True
3121,2091,Poland,128,2024-06-07,2091,Poland,128,2024-06-07,False,False,False,False,False,False,valid,YYYY-MM-DD,False,207.0,False,True,False,True
3122,2091,Germany,38,2024-07-07,2091,DE,38,2024/07/07,False,False,False,False,False,False,valid,YYYY-MM-DD,False,177.0,False,True,False,True
3123,2092,Germany,0,2024-01-05,2092,Deutschland,0,2024.01.05,False,False,False,False,True,False,valid,YYYY-MM-DD,False,361.0,False,True,False,True
3124,2093,Poland,58,2023-05-13,2093,POL,58,13-05-2023,False,False,False,False,False,False,valid,DD-MM-YYYY,False,598.0,False,True,False,True
3125,2093,Czech Republic,37,2024-06-09,2093,Czechia,37,09-06-2024,False,False,False,False,False,False,valid,DD-MM-YYYY,True,205.0,False,True,False,True
3126,2094,Czech Republic,194,2024-05-22,2094,CZ,194,2024-05-22,False,False,False,False,False,False,valid,YYYY-MM-DD,False,223.0,False,True,False,True
3127,2094,Germany,269,2023-07-29,2094,GER,269,29-07-2023,False,False,False,False,False,False,valid,DD-MM-YYYY,False,521.0,False,True,False,True
3128,2095,Poland,298,2024-01-24,2095,PL,298,2024-01-24,False,False,False,False,False,False,valid,YYYY-MM-DD,False,342.0,False,True,False,True
3129,2096,Czech Republic,266,2023-08-28,2096,Czechia,266,2023-08-28,False,False,False,False,False,False,valid,YYYY-MM-DD,False,491.0,False,True,False,True
3130,2097,Germany,136,2023-11-15,2097,DE,136,15-11-2023,False,False,False,False,False,False,valid,DD-MM-YYYY,False,412.0,False,True,False,True
3131,2097,Czech Republic,69,2023-09-20,2097,Czechia,69,2023-09-20,False,False,False,False,False,False,valid,YYYY-MM-DD,False,468.0,False,True,False,True
3132,2098,Czech Republic,49,2024-04-22,2098,Czech,49,2024/04/22,False,False,False,False,False,False,valid,YYYY-MM-DD,False,253.0,False,True,False,True
3133,2098,Poland,0,2024-07-28,2098,poland,0,2024-07-28,False,False,False,False,True,False,valid,YYYY-MM-DD,False,156.0,False,True,False,True
3134,2099,Poland,95,2023-10-30,2099,Poland,95,2023-10-30,False,False,False,False,False,False,valid,YYYY-MM-DD,False,428.0,False,True,False,True
3135,2099,Czech Republic,178,2023-09-17,2099,Czechia,178,2023-09-17,False,False,False,False,False,False,valid,YYYY-MM-DD,False,471.0,False,True,False,True
3136,2100,Poland,254,2024-05-17,2100,Polska,254,2024/05/17,False,False,False,False,False,False,valid,YYYY-MM-DD,False,228.0,False,True,False,True
3137,2101,Czech Republic,398,2023-07-01,2101,CZ,398,01-07-2023,False,False,False,False,False,False,valid,DD-MM-YYYY,True,549.0,False,True,False,True
3138,2102,Germany,250,2024-11-23,2102,GER,250,2024-11-23,False,False,False,False,False,False,valid,YYYY-MM-DD,False,38.0,False,False,False,True
3139,2102,Poland,0,2024-03-12,2102,Poland,0,2024-03-12,False,False,False,False,True,False,valid,YYYY-MM-DD,False,294.0,False,True,False,True
3140,2103,Germany,281,2024-10-17,2103,Germany,281,2024/10/17,False,False,False,False,False,False,valid,YYYY-MM-DD,False,75.0,False,False,False,True
3141,2104,Germany,106,2024-04-06,2104,Germany,106,2024/04/06,False,False,False,False,False,False,valid,YYYY-MM-DD,False,269.0,False,True,False,True
3142,2104,Poland,274,2023-05-25,2104,poland,274,25-05-2023,False,False,False,False,False,False,valid,DD-MM-YYYY,False,586.0,False,True,False,True
3143,2105,Poland,403,2024-04-14,2105,PL,403,2024/04/14,False,False,False,False,False,False,valid,YYYY-MM-DD,False,261.0,False,True,False,True
3144,2106,Czech Republic,352,2023-10-22,2106,CZ,352,2023/10/22,False,False,False,False,False,False,valid,YYYY-MM-DD,False,436.0,False,True,False,True
3145,2107,Poland,297,2024-02-16,2107,Polska,297,2024-02-16,False,False,False,False,False,False,valid,YYYY-MM-DD,False,319.0,False,True,False,True
3146,2108,Poland,338,2024-07-16,2108,PL,338,2024-07-16,False,False,False,False,False,False,valid,YYYY-MM-DD,False,168.0,False,True,False,True
3147,2108,Czech Republic,113,2024-12-03,2108,Czech,113,2024/12/03,False,False,False,False,False,False,valid,YYYY-MM-DD,False,28.0,False,False,False,True
3148,2109,Germany,72,2023-10-06,2109,Deutschland,72,2023-10-06,False,False,False,False,False,False,valid,YYYY-MM-DD,False,452.0,False,True,False,True
3149,2110,Poland,331,2023-11-07,2110,pl,331,2023-11-07,False,False,False,False,False,False,valid,YYYY-MM-DD,False,420.0,False,True,False,True
3150,2110,Czech Republic,120,2024-10-24,2110,Czechia,120,2024-10-24,False,False,False,False,False,False,valid,YYYY-MM-DD,False,68.0,False,False,False,True
3151,2111,Germany,261,2023-12-06,2111,DE,261,2023-12-06,False,False,False,False,False,False,valid,YYYY-MM-DD,False,391.0,False,True,False,True
3152,2111,Czech Republic,243,2023-10-25,2111,czechia,243,2023-10-25,False,False,False,False,False,False,valid,YYYY-MM-DD,False,433.0,False,True,False,True
3153,2112,Poland,120,2024-03-21,2112,POL,120,2024-03-21,False,False,False,False,False,False,valid,YYYY-MM-DD,False,285.0,False,True,False,True
3154,2112,Germany,150,2023-06-11,2112,DE,150,2023-06-11,False,False,False,False,False,False,valid,YYYY-MM-DD,False,569.0,False,True,False,True
3155,2113,Czech Republic,186,2023-06-02,2113,Czech Republic,186,2023-06-02,False,False,False,False,False,False,valid,YYYY-MM-DD,False,578.0,False,True,False,True
3156,2114,Czech Republic,55,2023-12-01,2114,Czech Republic,55,2023/12/01,False,False,False,False,False,False,valid,YYYY-MM-DD,False,396.0,False,True,False,True
3157,2114,Poland,300,2023-06-22,2114,Poland,300,2023/06/22,False,False,False,False,False,False,valid,YYYY-MM-DD,False,558.0,False,True,False,True
3158,2115,Germany,214,2023-07-05,2115,Deutschland,214,2023-07-05,False,False,False,False,False,False,valid,YYYY-MM-DD,False,545.0,False,True,False,True
3159,2115,Poland,196,2023-05-24,2115,POL,196,2023.05.24,False,False,False,False,False,False,valid,YYYY-MM-DD,False,587.0,False,True,False,True
3160,2116,Poland,136,2023-11-29,2116,PL,136,29-11-2023,False,False,False,False,False,False,valid,DD-MM-YYYY,False,398.0,False,True,False,True
3161,2116,Germany,125,2024-09-25,2116,germany,125,2024-09-25,False,False,False,False,False,False,valid,YYYY-MM-DD,False,97.0,False,True,False,True
3162,2117,Poland,156,2024-11-07,2117,Polska,156,2024/11/07,False,False,False,False,False,False,valid,YYYY-MM-DD,False,54.0,False,False,False,True
3163,2117,Germany,325,2024-10-21,2117,DE,325,2024-10-21,False,False,False,False,False,False,valid,YYYY-MM-DD,False,71.0,False,False,False,True
3164,2118,Poland,207,2024-07-10,2118,poland,207,2024-07-10,False,False,False,False,False,False,valid,YYYY-MM-DD,False,174.0,False,True,False,True
3165,2118,Czech Republic,166,2024-01-31,2118,Czechia,166,2024-01-31,False,False,False,False,False,False,valid,YYYY-MM-DD,False,335.0,False,True,False,True
3166,2119,Czech Republic,315,2023-09-03,2119,CZ,315,03/09/2023,False,False,False,False,False,False,valid,DD-MM-YYYY,True,485.0,False,True,False,True
3167,2120,Czech Republic,163,2023-09-10,2120,CZ,163,2023-09-10,False,False,False,False,False,False,valid,YYYY-MM-DD,False,478.0,False,True,False,True
3168,2120,Poland,63,2023-12-15,2120,POL,63,2023.12.15,False,False,False,False,False,False,valid,YYYY-MM-DD,False,382.0,False,True,False,True
3169,2121,Czech Republic,0,2024-04-26,2121,CZ,0,2024/04/26,False,False,False,False,True,False,valid,YYYY-MM-DD,False,249.0,False,True,False,True
3170,2121,Poland,47,2024-11-19,2121,pl,47,2024-11-19,False,False,False,False,False,False,valid,YYYY-MM-DD,False,42.0,False,False,False,True
3171,2122,Poland,203,2023-09-01,2122,Poland,203,2023.09.01,False,False,False,False,False,False,valid,YYYY-MM-DD,False,487.0,False,True,False,True
3172,2122,Germany,199,2023-11-23,2122,germany,199,23-11-2023,False,False,False,False,False,False,valid,DD-MM-YYYY,False,404.0,False,True,False,True
3173,2123,Poland,223,2023-12-28,2123,Poland,223,2023-12-28,False,False,False,False,False,False,valid,YYYY-MM-DD,False,369.0,False,True,False,True
3174,2123,Germany,0,2023-09-26,2123,GER,0,2023-09-26,False,False,False,False,True,False,valid,YYYY-MM-DD,False,462.0,False,True,False,True
3175,2124,Czech Republic,346,2024-01-08,2124,Czech,346,08-01-2024,False,False,False,False,False,False,valid,DD-MM-YYYY,True,358.0,False,True,False,True
3176,2124,Poland,416,2024-09-09,2124,poland,416,2024/09/09,False,False,False,False,False,False,valid,YYYY-MM-DD,False,113.0,False,True,False,True
3177,2125,Germany,301,2024-12-21,2125,DE,301,2024-12-21,False,False,False,False,False,False,valid,YYYY-MM-DD,False,10.0,False,False,False,True
3178,2126,Germany,187,2023-05-24,2126,DE,187,2023-05-24,False,False,False,False,False,False,valid,YYYY-MM-DD,False,587.0,False,True,False,True
3179,2126,Czech Republic,146,2023-10-20,2126,Czech,146,2023/10/20,False,False,False,False,False,False,valid,YYYY-MM-DD,False,438.0,False,True,False,True
3180,2127,Czech Republic,306,2023-05-22,2127,czechia,306,2023-05-22,False,False,False,False,False,False,valid,YYYY-MM-DD,False,589.0,False,True,False,True
3181,2128,Poland,184,2024-05-29,2128,poland,184,2024-05-29,False,False,False,False,False,False,valid,YYYY-MM-DD,False,216.0,False,True,False,True
3182,2128,Czech Republic,0,2024-04-10,2128,Czech Republic,0,2024-04-10,False,False,False,False,True,False,valid,YYYY-MM-DD,False,265.0,False,True,False,True
3183,2129,Czech Republic,164,2024-03-22,2129,czechia,164,2024-03-22,False,False,False,False,False,False,valid,YYYY-MM-DD,False,284.0,False,True,False,True
3184,2130,Germany,186,2023-05-24,2130,DE,186,2023/05/24,False,False,False,False,False,False,valid,YYYY-MM-DD,False,587.0,False,True,False,True
3185,2130,Czech Republic,105,2024-06-19,2130,CZ,105,2024-06-19,False,False,False,False,False,False,valid,YYYY-MM-DD,False,195.0,False,True,False,True
3186,2131,Germany,24,2024-11-25,2131,germany,24,2024-11-25,False,False,False,False,False,False,valid,YYYY-MM-DD,False,36.0,False,False,False,True
3187,2132,Germany,142,2023-07-27,2132,GER,142,2023-07-27,False,False,False,False,False,False,valid,YYYY-MM-DD,False,523.0,False,True,False,True
3188,2132,Poland,100,2023-05-29,2132,Poland,100,2023-05-29,False,False,False,False,False,False,valid,YYYY-MM-DD,False,582.0,False,True,False,True
3189,2133,Poland,169,2024-08-10,2133,Polska,169,2024-08-10,False,False,False,False,False,False,valid,YYYY-MM-DD,False,143.0,False,True,False,True
3190,2134,Germany,98,2023-10-20,2134,Deutschland,98,2023-10-20,False,False,False,False,False,False,valid,YYYY-MM-DD,False,438.0,False,True,False,True
3191,2135,Germany,221,2024-01-25,2135,germany,221,2024-01-25,False,False,False,False,False,False,valid,YYYY-MM-DD,False,341.0,False,True,False,True
3192,2136,Germany,236,2024-01-08,2136,GER,236,2024/01/08,False,False,False,False,False,False,valid,YYYY-MM-DD,False,358.0,False,True,False,True
3193,2136,Poland,233,2024-05-30,2136,pl,233,2024-05-30,False,False,False,False,False,False,valid,YYYY-MM-DD,False,215.0,False,True,False,True
3194,2137,Germany,96,2024-04-23,2137,DE,96,23-04-2024,False,False,False,False,False,False,valid,DD-MM-YYYY,False,252.0,False,True,False,True
3195,2137,Czech Republic,102,2024-09-29,2137,Czechia,102,2024-09-29,False,False,False,False,False,False,valid,YYYY-MM-DD,False,93.0,False,True,False,True
3196,2138,Poland,195,2024-05-02,2138,pl,195,2024-05-02,False,False,False,False,False,False,valid,YYYY-MM-DD,False,243.0,False,True,False,True
3197,2139,Germany,168,2023-06-16,2139,DE,168,16/06/2023,False,False,False,False,False,False,valid,DD-MM-YYYY,False,564.0,False,True,False,True
3198,2140,Czech Republic,164,2024-09-22,2140,Czech Republic,164,2024/09/22,False,False,False,False,False,False,valid,YYYY-MM-DD,False,100.0,False,True,False,True
3199,2141,Poland,190,2024-02-04,2141,POL,190,2024-02-04,False,False,False,False,False,False,valid,YYYY-MM-DD,False,331.0,False,True,False,True
3200,2142,Czech Republic,287,2024-12-01,2142,czechia,287,01-12-2024,False,False,False,False,False,False,valid,DD-MM-YYYY,True,30.0,False,False,False,True
3201,2142,Poland,532,2023-06-18,2142,Poland,532,2023-06-18,False,False,False,False,False,False,valid,YYYY-MM-DD,False,562.0,False,True,False,True
3202,2143,Poland,134,2024-11-15,2143,poland,134,2024/11/15,False,False,False,False,False,False,valid,YYYY-MM-DD,False,46.0,False,False,False,True
3203,2144,Germany,436,2023-09-18,2144,Deutschland,436,18-09-2023,False,False,False,False,False,False,valid,DD-MM-YYYY,False,470.0,False,True,False,True
3204,2144,Czech Republic,249,2024-03-24,2144,Czech Republic,249,2024-03-24,False,False,False,False,False,False,valid,YYYY-MM-DD,False,282.0,False,True,False,True
3205,2145,Poland,216,2024-12-01,2145,Poland,216,2024-12-01,False,False,False,False,False,False,valid,YYYY-MM-DD,False,30.0,False,False,False,True
3206,2146,Germany,92,2023-12-30,2146,Germany,92,30-12-2023,False,False,False,False,False,False,valid,DD-MM-YYYY,False,367.0,False,True,False,True
3207,2146,Poland,282,2024-09-28,2146,POL,282,2024-09-28,False,False,False,False,False,False,valid,YYYY-MM-DD,False,94.0,False,True,False,True
3208,2147,Czech Republic,152,2024-05-22,2147,Czechia,152,2024-05-22,False,False,False,False,False,False,valid,YYYY-MM-DD,False,223.0,False,True,False,True
3209,2147,Poland,119,2024-11-24,2147,Poland,119,2024-11-24,False,False,False,False,False,False,valid,YYYY-MM-DD,False,37.0,False,False,False,True
3210,2148,Germany,302,2023-09-02,2148,DE,302,2023-09-02,False,False,False,False,False,False,valid,YYYY-MM-DD,False,486.0,False,True,False,True
3211,2148,Czech Republic,381,2024-09-02,2148,Czech,381,2024-09-02,False,False,False,False,False,False,valid,YYYY-MM-DD,False,120.0,False,True,False,True
3212,2149,Germany,301,2024-04-07,2149,DE,301,2024-04-07,False,False,False,False,False,False,valid,YYYY-MM-DD,False,268.0,False,True,False,True
3213,2149,Poland,58,2024-06-21,2149,POL,58,2024-06-21,False,False,False,False,False,False,valid,YYYY-MM-DD,False,193.0,False,True,False,True
3214,2150,Poland,86,2023-07-21,2150,Polska,86,2023-07-21,False,False,False,False,False,False,valid,YYYY-MM-DD,False,529.0,False,True,False,True
3215,2150,Czech Republic,201,2024-05-01,2150,CZ,201,2024-05-01,False,False,False,False,False,False,valid,YYYY-MM-DD,False,244.0,False,True,False,True
3216,2151,Czech Republic,424,2024-06-05,2151,czechia,424,2024-06-05,False,False,False,False,False,False,valid,YYYY-MM-DD,False,209.0,False,True,False,True
3217,2152,Germany,291,2024-12-01,2152,DE,291,2024.12.01,False,False,False,False,False,False,valid,YYYY-MM-DD,False,30.0,False,False,False,True
3218,2153,Germany,133,2024-05-10,2153,DE,133,2024-05-10,False,False,False,False,False,False,valid,YYYY-MM-DD,False,235.0,False,True,False,True
3219,2153,Poland,118,2024-12-11,2153,Polska,118,11/12/2024,False,False,False,False,False,False,valid,DD-MM-YYYY,True,20.0,False,False,False,True
3220,2154,Czech Republic,293,2024-11-09,2154,Czech Republic,293,2024-11-09,False,False,False,False,False,False,valid,YYYY-MM-DD,False,52.0,False,False,False,True
3221,2155,Germany,262,2024-02-27,2155,Deutschland,262,2024-02-27,False,False,False,False,False,False,valid,YYYY-MM-DD,False,308.0,False,True,False,True
3222,2156,Germany,198,2023-11-24,2156,DE,198,2023-11-24,False,False,False,False,False,False,valid,YYYY-MM-DD,False,403.0,False,True,False,True
3223,2156,Czech Republic,217,2024-08-22,2156,CZ,217,2024/08/22,False,False,False,False,False,False,valid,YYYY-MM-DD,False,131.0,False,True,False,True
3224,2157,Czech Republic,374,2024-12-20,2157,CZ,374,2024/12/20,False,False,False,False,False,False,valid,YYYY-MM-DD,False,11.0,False,False,False,True
3225,2157,Poland,11,2023-08-28,2157,Poland,11,2023-08-28,False,False,False,False,False,False,valid,YYYY-MM-DD,False,491.0,False,True,False,True
3226,2158,Germany,0,2023-05-18,2158,germany,0,18-05-2023,False,False,False,False,True,False,valid,DD-MM-YYYY,False,593.0,False,True,False,True
3227,2158,Poland,262,2024-11-03,2158,pl,262,03-11-2024,False,False,False,False,False,False,valid,DD-MM-YYYY,True,58.0,False,False,False,True
3228,2159,Poland,235,2024-04-16,2159,Poland,235,16-04-2024,False,False,False,False,False,False,valid,DD-MM-YYYY,False,259.0,False,True,False,True
3229,2160,Germany,0,2024-08-31,2160,Germany,0,2024/08/31,False,False,False,False,True,False,valid,YYYY-MM-DD,False,122.0,False,True,False,True
3230,2160,Czech Republic,169,2024-05-03,2160,Czech Republic,169,2024-05-03,False,False,False,False,False,False,valid,YYYY-MM-DD,False,242.0,False,True,False,True
3231,2161,Germany,218,2024-08-20,2161,germany,218,2024-08-20,False,False,False,False,False,False,valid,YYYY-MM-DD,False,133.0,False,True,False,True
3232,2161,Czech Republic,102,2024-10-17,2161,Czech,102,2024-10-17,False,False,False,False,False,False,valid,YYYY-MM-DD,False,75.0,False,False,False,True
3233,2162,Poland,88,2024-11-25,2162,poland,88,2024/11/25,False,False,False,False,False,False,valid,YYYY-MM-DD,False,36.0,False,False,False,True
3234,2162,Germany,79,2024-05-19,2162,DE,79,2024-05-19,False,False,False,False,False,False,valid,YYYY-MM-DD,False,226.0,False,True,False,True
3235,2163,Germany,72,2024-11-21,2163,DE,72,2024-11-21,False,False,False,False,False,False,valid,YYYY-MM-DD,False,40.0,False,False,False,True
3236,2163,Poland,237,2024-06-16,2163,Poland,237,2024-06-16,False,False,False,False,False,False,valid,YYYY-MM-DD,False,198.0,False,True,False,True
3237,2164,Czech Republic,153,2024-07-06,2164,czechia,153,06/07/2024,False,False,False,False,False,False,valid,DD-MM-YYYY,True,178.0,False,True,False,True
3238,2165,Germany,329,2024-11-17,2165,DE,329,2024-11-17,False,False,False,False,False,False,valid,YYYY-MM-DD,False,44.0,False,False,False,True
3239,2166,Germany,137,2024-12-16,2166,germany,137,2024/12/16,False,False,False,False,False,False,valid,YYYY-MM-DD,False,15.0,False,False,False,True
3240,2166,Poland,525,2024-02-15,2166,POL,525,2024-02-15,False,False,False,False,False,False,valid,YYYY-MM-DD,False,320.0,False,True,False,True
3241,2167,Poland,207,2024-08-15,2167,Poland,207,2024-08-15,False,False,False,False,False,False,valid,YYYY-MM-DD,False,138.0,False,True,False,True
3242,2167,Germany,93,2023-06-11,2167,Deutschland,93,2023-06-11,False,False,False,False,False,False,valid,YYYY-MM-DD,False,569.0,False,True,False,True
3243,2168,Germany,302,2023-06-30,2168,DE,302,2023/06/30,False,False,False,False,False,False,valid,YYYY-MM-DD,False,550.0,False,True,False,True
3244,2169,Czech Republic,240,2024-06-22,2169,czechia,240,2024/06/22,False,False,False,False,False,False,valid,YYYY-MM-DD,False,192.0,False,True,False,True
3245,2170,Czech Republic,4,2023-12-27,2170,CZ,4,2023-12-27,False,False,False,False,False,False,valid,YYYY-MM-DD,False,370.0,False,True,False,True
3246,2171,Germany,121,2023-10-08,2171,DE,121,2023-10-08,False,False,False,False,False,False,valid,YYYY-MM-DD,False,450.0,False,True,False,True
3247,2172,Germany,484,2024-04-08,2172,GER,484,2024-04-08,False,False,False,False,False,False,valid,YYYY-MM-DD,False,267.0,False,True,False,True
3248,2172,Czech Republic,241,2024-04-12,2172,CZ,241,2024-04-12,False,False,False,False,False,False,valid,YYYY-MM-DD,False,263.0,False,True,False,True
3249,2173,Poland,214,2024-10-26,2173,Poland,214,2024-10-26,False,False,False,False,False,False,valid,YYYY-MM-DD,False,66.0,False,False,False,True
3250,2173,Czech Republic,9,2023-06-07,2173,Czechia,9,2023-06-07,False,False,False,False,False,False,valid,YYYY-MM-DD,False,573.0,False,True,False,True
3251,2174,Poland,147,2024-06-20,2174,PL,147,2024-06-20,False,False,False,False,False,False,valid,YYYY-MM-DD,False,194.0,False,True,False,True
3252,2174,Czech Republic,374,2023-12-08,2174,czechia,374,2023-12-08,False,False,False,False,False,False,valid,YYYY-MM-DD,False,389.0,False,True,False,True
3253,2175,Germany,237,2024-08-12,2175,DE,237,2024-08-12,False,False,False,False,False,False,valid,YYYY-MM-DD,False,141.0,False,True,False,True
3254,2175,Poland,8,2023-08-07,2175,PL,8,2023-08-07,False,False,False,False,False,False,valid,YYYY-MM-DD,False,512.0,False,True,False,True
3255,2176,Czech Republic,239,2023-08-23,2176,Czechia,239,2023-08-23,False,False,False,False,False,False,valid,YYYY-MM-DD,False,496.0,False,True,False,True
3256,2177,Poland,247,2023-11-29,2177,Poland,247,2023-11-29,False,False,False,False,False,False,valid,YYYY-MM-DD,False,398.0,False,True,False,True
3257,2178,Poland,357,2024-08-19,2178,POL,357,2024-08-19,False,False,False,False,False,False,valid,YYYY-MM-DD,False,134.0,False,True,False,True
3258,2178,Czech Republic,53,2024-08-02,2178,czechia,53,02/08/2024,False,False,False,False,False,False,valid,DD-MM-YYYY,True,151.0,False,True,False,True
3259,2179,Czech Republic,221,2024-11-19,2179,Czechia,221,2024/11/19,False,False,False,False,False,False,valid,YYYY-MM-DD,False,42.0,False,False,False,True
3260,2180,Poland,202,2024-12-19,2180,POL,202,19-12-2024,False,False,False,False,False,False,valid,DD-MM-YYYY,False,12.0,False,False,False,True
3261,2181,Czech Republic,350,2024-02-26,2181,czechia,350,2024-02-26,False,False,False,False,False,False,valid,YYYY-MM-DD,False,309.0,False,True,False,True
3262,2181,Germany,271,2024-10-10,2181,Germany,271,10/10/2024,False,False,False,False,False,False,valid,DD-MM-YYYY,True,82.0,False,False,False,True
3263,2182,Poland,0,2023-11-27,2182,poland,0,2023-11-27,False,False,False,False,True,False,valid,YYYY-MM-DD,False,400.0,False,True,False,True
3264,2183,Czech Republic,349,2023-12-13,2183,czechia,349,13-12-2023,False,False,False,False,False,False,valid,DD-MM-YYYY,False,384.0,False,True,False,True
3265,2184,Germany,220,2024-09-13,2184,germany,220,2024-09-13,False,False,False,False,False,False,valid,YYYY-MM-DD,False,109.0,False,True,False,True
3266,2185,Germany,76,2023-07-02,2185,Deutschland,76,2023-07-02,False,False,False,False,False,False,valid,YYYY-MM-DD,False,548.0,False,True,False,True
3267,2186,Germany,169,2024-07-28,2186,Deutschland,169,2024.07.28,False,False,False,False,False,False,valid,YYYY-MM-DD,False,156.0,False,True,False,True
3268,2186,Czech Republic,182,2024-09-15,2186,Czech Republic,182,2024/09/15,False,False,False,False,False,False,valid,YYYY-MM-DD,False,107.0,False,True,False,True
3269,2187,Czech Republic,175,2023-08-23,2187,Czechia,175,2023-08-23,False,False,False,False,False,False,valid,YYYY-MM-DD,False,496.0,False,True,False,True
3270,2188,Germany,230,2023-10-22,2188,Deutschland,230,2023-10-22,False,False,False,False,False,False,valid,YYYY-MM-DD,False,436.0,False,True,False,True
3271,2189,Czech Republic,187,2023-10-23,2189,czechia,187,2023-10-23,False,False,False,False,False,False,valid,YYYY-MM-DD,False,435.0,False,True,False,True
3272,2189,Germany,90,2024-07-24,2189,DE,90,2024-07-24,False,False,False,False,False,False,valid,YYYY-MM-DD,False,160.0,False,True,False,True
3273,2190,Czech Republic,191,2024-01-16,2190,czechia,191,16-01-2024,False,False,False,False,False,False,valid,DD-MM-YYYY,False,350.0,False,True,False,True
3274,2190,Germany,232,2024-07-09,2190,germany,232,2024-07-09,False,False,False,False,False,False,valid,YYYY-MM-DD,False,175.0,False,True,False,True
3275,2191,Germany,329,2023-09-06,2191,germany,329,2023-09-06,False,False,False,False,False,False,valid,YYYY-MM-DD,False,482.0,False,True,False,True
3276,2192,Germany,105,2024-04-11,2192,Deutschland,105,2024-04-11,False,False,False,False,False,False,valid,YYYY-MM-DD,False,264.0,False,True,False,True
3277,2193,Czech Republic,106,2024-11-30,2193,Czech,106,2024/11/30,False,False,False,False,False,False,valid,YYYY-MM-DD,False,31.0,False,False,False,True
3278,2194,Poland,344,2023-08-04,2194,pl,344,2023-08-04,False,False,False,False,False,False,valid,YYYY-MM-DD,False,515.0,False,True,False,True
3279,2194,Germany,212,2023-08-23,2194,Deutschland,212,2023-08-23,False,False,False,False,False,False,valid,YYYY-MM-DD,False,496.0,False,True,False,True
3280,2195,Poland,194,2024-08-10,2195,Polska,194,2024-08-10,False,False,False,False,False,False,valid,YYYY-MM-DD,False,143.0,False,True,False,True
3281,2196,Poland,139,2024-01-02,2196,PL,139,02-01-2024,False,False,False,False,False,False,valid,DD-MM-YYYY,True,364.0,False,True,False,True
3282,2196,Czech Republic,92,2023-10-30,2196,czechia,92,2023-10-30,False,False,False,False,False,False,valid,YYYY-MM-DD,False,428.0,False,True,False,True
3283,2197,Poland,307,2023-12-23,2197,PL,307,2023/12/23,False,False,False,False,False,False,valid,YYYY-MM-DD,False,374.0,False,True,False,True
3284,2197,Germany,76,2024-02-23,2197,GER,76,2024-02-23,False,False,False,False,False,False,valid,YYYY-MM-DD,False,312.0,False,True,False,True
3285,2198,Czech Republic,165,2023-07-20,2198,CZ,165,2023-07-20,False,False,False,False,False,False,valid,YYYY-MM-DD,False,530.0,False,True,False,True
3287,2200,Poland,167,2024-07-15,2200,poland,167,2024-07-15,False,False,False,False,False,False,valid,YYYY-MM-DD,False,169.0,False,True,False,True
3288,2201,Germany,387,2024-11-15,2201,germany,387,2024-11-15,False,False,False,False,False,False,valid,YYYY-MM-DD,False,46.0,False,False,False,True
3289,2202,Poland,111,2024-07-25,2202,poland,111,25/07/2024,False,False,False,False,False,False,valid,DD-MM-YYYY,False,159.0,False,True,False,True
3290,2202,Czech Republic,118,2023-12-27,2202,Czech Republic,118,2023/12/27,False,False,False,False,False,False,valid,YYYY-MM-DD,False,370.0,False,True,False,True
3291,2203,Germany,297,2023-08-05,2203,Germany,297,2023-08-05,False,False,False,False,False,False,valid,YYYY-MM-DD,False,514.0,False,True,False,True
3292,2203,Poland,186,2024-08-25,2203,pl,186,2024-08-25,False,False,False,False,False,False,valid,YYYY-MM-DD,False,128.0,False,True,False,True
3293,2204,Poland,24,2023-08-23,2204,Polska,24,2023-08-23,False,False,False,False,False,False,valid,YYYY-MM-DD,False,496.0,False,True,False,True
3294,2204,Germany,285,2023-09-08,2204,Germany,285,08-09-2023,False,False,False,False,False,False,valid,DD-MM-YYYY,True,480.0,False,True,False,True
3295,2205,Czech Republic,89,2024-01-24,2205,Czech,89,2024-01-24,False,False,False,False,False,False,valid,YYYY-MM-DD,False,342.0,False,True,False,True
3296,2205,Germany,138,2024-12-10,2205,Germany,138,2024/12/10,False,False,False,False,False,False,valid,YYYY-MM-DD,False,21.0,False,False,False,True
3297,2206,Poland,238,2023-06-08,2206,PL,238,2023/06/08,False,False,False,False,False,False,valid,YYYY-MM-DD,False,572.0,False,True,False,True
3298,2206,Germany,203,2024-11-04,2206,Deutschland,203,04/11/2024,False,False,False,False,False,False,valid,DD-MM-YYYY,True,57.0,False,False,False,True
3299,2207,Poland,511,2024-06-03,2207,poland,511,2024-06-03,False,False,False,False,False,False,valid,YYYY-MM-DD,False,211.0,False,True,False,True
3300,2208,Poland,158,2024-10-01,2208,Polska,158,2024/10/01,False,False,False,False,False,False,valid,YYYY-MM-DD,False,91.0,False,True,False,True
3301,2209,Poland,208,2023-10-08,2209,poland,208,2023-10-08,False,False,False,False,False,False,valid,YYYY-MM-DD,False,450.0,False,True,False,True
3302,2209,Czech Republic,213,2024-03-01,2209,Czech Republic,213,2024-03-01,False,False,False,False,False,False,valid,YYYY-MM-DD,False,305.0,False,True,False,True
3303,2210,Germany,193,2024-11-07,2210,DE,193,2024-11-07,False,False,False,False,False,False,valid,YYYY-MM-DD,False,54.0,False,False,False,True
3304,2211,Poland,245,2024-07-17,2211,pl,245,2024-07-17,False,False,False,False,False,False,valid,YYYY-MM-DD,False,167.0,False,True,False,True
3305,2211,Czech Republic,0,2024-12-02,2211,Czechia,0,02-12-2024,False,False,False,False,True,False,valid,DD-MM-YYYY,True,29.0,False,False,False,True
3306,2212,Poland,336,2023-09-27,2212,pl,336,2023-09-27,False,False,False,False,False,False,valid,YYYY-MM-DD,False,461.0,False,True,False,True
3307,2212,Germany,201,2024-09-15,2212,germany,201,2024-09-15,False,False,False,False,False,False,valid,YYYY-MM-DD,False,107.0,False,True,False,True
3308,2213,Germany,369,2023-12-18,2213,GER,369,2023-12-18,False,False,False,False,False,False,valid,YYYY-MM-DD,False,379.0,False,True,False,True
3309,2213,Czech Republic,165,2023-12-19,2213,Czech,165,19-12-2023,False,False,False,False,False,False,valid,DD-MM-YYYY,False,378.0,False,True,False,True
3310,2214,Poland,429,2024-02-26,2214,pl,429,2024-02-26,False,False,False,False,False,False,valid,YYYY-MM-DD,False,309.0,False,True,False,True
3311,2214,Czech Republic,211,2023-06-16,2214,Czechia,211,2023/06/16,False,False,False,False,False,False,valid,YYYY-MM-DD,False,564.0,False,True,False,True
3312,2215,Czech Republic,159,2023-07-16,2215,Czech,159,2023-07-16,False,False,False,False,False,False,valid,YYYY-MM-DD,False,534.0,False,True,False,True
3313,2216,Czech Republic,177,2023-06-09,2216,Czech Republic,177,2023-06-09,False,False,False,False,False,False,valid,YYYY-MM-DD,False,571.0,False,True,False,True
3314,2216,Poland,128,2023-12-09,2216,poland,128,2023/12/09,False,False,False,False,False,False,valid,YYYY-MM-DD,False,388.0,False,True,False,True
3315,2217,Czech Republic,153,2023-07-18,2217,Czech Republic,153,2023.07.18,False,False,False,False,False,False,valid,YYYY-MM-DD,False,532.0,False,True,False,True
3316,2217,Poland,65,2023-08-28,2217,poland,65,28-08-2023,False,False,False,False,False,False,valid,DD-MM-YYYY,False,491.0,False,True,False,True
3317,2218,Czech Republic,0,2023-08-20,2218,Czech,0,2023-08-20,False,False,False,False,True,False,valid,YYYY-MM-DD,False,499.0,False,True,False,True
3318,2218,Poland,479,2024-09-19,2218,poland,479,2024/09/19,False,False,False,False,False,False,valid,YYYY-MM-DD,False,103.0,False,True,False,True
3319,2219,Poland,243,2024-06-19,2219,POL,243,2024-06-19,False,False,False,False,False,False,valid,YYYY-MM-DD,False,195.0,False,True,False,True
3320,2220,Czech Republic,296,2024-04-20,2220,Czech Republic,296,20-04-2024,False,False,False,False,False,False,valid,DD-MM-YYYY,False,255.0,False,True,False,True
3321,2220,Poland,364,2024-05-15,2220,poland,364,2024-05-15,False,False,False,False,False,False,valid,YYYY-MM-DD,False,230.0,False,True,False,True
3322,2221,Germany,248,2023-11-17,2221,germany,248,2023-11-17,False,False,False,False,False,False,valid,YYYY-MM-DD,False,410.0,False,True,False,True
3323,2222,Poland,48,2024-06-08,2222,PL,48,2024-06-08,False,False,False,False,False,False,valid,YYYY-MM-DD,False,206.0,False,True,False,True
3324,2222,Germany,231,2024-12-26,2222,GER,231,26/12/2024,False,False,False,False,False,False,valid,DD-MM-YYYY,False,5.0,False,False,False,True
3325,2223,Czech Republic,104,2023-11-18,2223,czechia,104,2023-11-18,False,False,False,False,False,False,valid,YYYY-MM-DD,False,409.0,False,True,False,True
3326,2224,Poland,0,2024-10-04,2224,PL,0,2024-10-04,False,False,False,False,True,False,valid,YYYY-MM-DD,False,88.0,False,False,False,True
3327,2224,Germany,119,2023-10-31,2224,Germany,119,2023/10/31,False,False,False,False,False,False,valid,YYYY-MM-DD,False,427.0,False,True,False,True
3328,2225,Germany,66,2023-07-12,2225,DE,66,2023-07-12,False,False,False,False,False,False,valid,YYYY-MM-DD,False,538.0,False,True,False,True
3329,2225,Poland,286,2023-10-13,2225,PL,286,2023/10/13,False,False,False,False,False,False,valid,YYYY-MM-DD,False,445.0,False,True,False,True
3330,2226,Czech Republic,118,2023-06-25,2226,czechia,118,2023-06-25,False,False,False,False,False,False,valid,YYYY-MM-DD,False,555.0,False,True,False,True
3331,2227,Czech Republic,12,2023-10-08,2227,CZ,12,08-10-2023,False,False,False,False,False,False,valid,DD-MM-YYYY,True,450.0,False,True,False,True
3332,2227,Poland,0,2023-10-04,2227,POL,0,2023.10.04,False,False,False,False,True,False,valid,YYYY-MM-DD,False,454.0,False,True,False,True
3333,2228,Germany,129,2024-03-23,2228,DE,129,2024-03-23,False,False,False,False,False,False,valid,YYYY-MM-DD,False,283.0,False,True,False,True
3334,2229,Germany,263,2024-12-02,2229,Germany,263,2024-12-02,False,False,False,False,False,False,valid,YYYY-MM-DD,False,29.0,False,False,False,True
3335,2230,Czech Republic,161,2024-10-16,2230,Czech,161,16-10-2024,False,False,False,False,False,False,valid,DD-MM-YYYY,False,76.0,False,False,False,True
3336,2231,Poland,293,2023-08-28,2231,pl,293,2023-08-28,False,False,False,False,False,False,valid,YYYY-MM-DD,False,491.0,False,True,False,True
3337,2232,Poland,17,2024-03-02,2232,Polska,17,2024/03/02,False,False,False,False,False,False,valid,YYYY-MM-DD,False,304.0,False,True,False,True
3338,2232,Czech Republic,0,2024-11-08,2232,CZ,0,08-11-2024,False,False,False,False,True,False,valid,DD-MM-YYYY,True,53.0,False,False,False,True
3339,2233,Germany,187,2024-06-21,2233,Germany,187,2024-06-21,False,False,False,False,False,False,valid,YYYY-MM-DD,False,193.0,False,True,False,True
3340,2234,Germany,412,2023-08-14,2234,GER,412,14-08-2023,False,False,False,False,False,False,valid,DD-MM-YYYY,False,505.0,False,True,False,True
3341,2235,Czech Republic,165,2024-01-28,2235,czechia,165,2024-01-28,False,False,False,False,False,False,valid,YYYY-MM-DD,False,338.0,False,True,False,True
3342,2236,Czech Republic,208,2024-07-12,2236,Czechia,208,2024-07-12,False,False,False,False,False,False,valid,YYYY-MM-DD,False,172.0,False,True,False,True
3343,2236,Germany,308,2024-12-08,2236,germany,308,08-12-2024,False,False,False,False,False,False,valid,DD-MM-YYYY,True,23.0,False,False,False,True
3344,2237,Germany,3,2024-04-20,2237,Germany,3,2024-04-20,False,False,False,False,False,False,valid,YYYY-MM-DD,False,255.0,False,True,False,True
3345,2237,Czech Republic,46,2024-01-15,2237,Czechia,46,2024-01-15,False,False,False,False,False,False,valid,YYYY-MM-DD,False,351.0,False,True,False,True
3346,2238,Poland,215,2023-10-31,2238,POL,215,2023.10.31,False,False,False,False,False,False,valid,YYYY-MM-DD,False,427.0,False,True,False,True
3347,2238,Germany,227,2023-05-17,2238,DE,227,2023/05/17,False,False,False,False,False,False,valid,YYYY-MM-DD,False,594.0,False,True,False,True
3348,2239,Poland,287,2024-07-30,2239,Poland,287,30-07-2024,False,False,False,False,False,False,valid,DD-MM-YYYY,False,154.0,False,True,False,True
3349,2240,Germany,386,2024-10-04,2240,GER,386,2024-10-04,False,False,False,False,False,False,valid,YYYY-MM-DD,False,88.0,False,False,False,True
3350,2240,Poland,218,2024-12-16,2240,POL,218,2024-12-16,False,False,False,False,False,False,valid,YYYY-MM-DD,False,15.0,False,False,False,True
3351,2241,Poland,0,2023-07-24,2241,Polska,0,2023-07-24,False,False,False,False,True,False,valid,YYYY-MM-DD,False,526.0,False,True,False,True
3353,2242,Germany,135,2023-10-11,2242,Germany,135,2023/10/11,False,False,False,False,False,False,valid,YYYY-MM-DD,False,447.0,False,True,False,True
3354,2243,Czech Republic,70,2024-01-03,2243,CZ,70,2024-01-03,False,False,False,False,False,False,valid,YYYY-MM-DD,False,363.0,False,True,False,True
3355,2244,Czech Republic,308,2024-10-31,2244,Czechia,308,2024/10/31,False,False,False,False,False,False,valid,YYYY-MM-DD,False,61.0,False,False,False,True
3356,2244,Germany,139,2024-01-04,2244,Deutschland,139,2024-01-04,False,False,False,False,False,False,valid,YYYY-MM-DD,False,362.0,False,True,False,True
3357,2245,Germany,157,2023-11-30,2245,DE,157,2023.11.30,False,False,False,False,False,False,valid,YYYY-MM-DD,False,397.0,False,True,False,True
3358,2245,Poland,245,2024-10-19,2245,poland,245,2024-10-19,False,False,False,False,False,False,valid,YYYY-MM-DD,False,73.0,False,False,False,True
3359,2246,Germany,192,2024-12-22,2246,Germany,192,2024-12-22,False,False,False,False,False,False,valid,YYYY-MM-DD,False,9.0,False,False,False,True
3360,2246,Poland,104,2024-01-19,2246,POL,104,2024/01/19,False,False,False,False,False,False,valid,YYYY-MM-DD,False,347.0,False,True,False,True
3361,2247,Poland,95,2024-07-13,2247,POL,95,13-07-2024,False,False,False,False,False,False,valid,DD-MM-YYYY,False,171.0,False,True,False,True
3362,2247,Czech Republic,118,2024-02-12,2247,Czech,118,2024-02-12,False,False,False,False,False,False,valid,YYYY-MM-DD,False,323.0,False,True,False,True
3363,2248,Czech Republic,227,2023-11-26,2248,czechia,227,2023-11-26,False,False,False,False,False,False,valid,YYYY-MM-DD,False,401.0,False,True,False,True
3364,2248,Germany,315,2024-03-08,2248,Deutschland,315,2024-03-08,False,False,False,False,False,False,valid,YYYY-MM-DD,False,298.0,False,True,False,True
3365,2249,Poland,134,2024-03-01,2249,poland,134,2024-03-01,False,False,False,False,False,False,valid,YYYY-MM-DD,False,305.0,False,True,False,True
3366,2249,Czech Republic,116,2024-10-18,2249,Czechia,116,2024-10-18,False,False,False,False,False,False,valid,YYYY-MM-DD,False,74.0,False,False,False,True
3367,2250,Germany,263,2024-11-14,2250,germany,263,14/11/2024,False,False,False,False,False,False,valid,DD-MM-YYYY,False,47.0,False,False,False,True
3368,2250,Czech Republic,53,2023-06-02,2250,Czechia,53,2023/06/02,False,False,False,False,False,False,valid,YYYY-MM-DD,False,578.0,False,True,False,True
3369,2251,Poland,428,2024-01-24,2251,PL,428,2024-01-24,False,False,False,False,False,False,valid,YYYY-MM-DD,False,342.0,False,True,False,True
3370,2251,Germany,40,2024-04-14,2251,Deutschland,40,2024/04/14,False,False,False,False,False,False,valid,YYYY-MM-DD,False,261.0,False,True,False,True
3371,2252,Germany,131,2024-06-22,2252,germany,131,2024/06/22,False,False,False,False,False,False,valid,YYYY-MM-DD,False,192.0,False,True,False,True
3372,2253,Czech Republic,0,2024-06-06,2253,Czech,0,2024.06.06,False,False,False,False,True,False,valid,YYYY-MM-DD,False,208.0,False,True,False,True
3373,2253,Poland,68,2024-01-30,2253,POL,68,2024-01-30,False,False,False,False,False,False,valid,YYYY-MM-DD,False,336.0,False,True,False,True
3374,2254,Germany,135,2024-07-15,2254,Germany,135,2024-07-15,False,False,False,False,False,False,valid,YYYY-MM-DD,False,169.0,False,True,False,True
3375,2254,Poland,19,2024-12-29,2254,poland,19,2024-12-29,False,False,False,False,False,False,valid,YYYY-MM-DD,False,2.0,False,False,False,True
3377,2256,Poland,15,2024-05-29,2256,Poland,15,2024-05-29,False,False,False,False,False,False,valid,YYYY-MM-DD,False,216.0,False,True,False,True
3378,2257,Czech Republic,46,2023-11-01,2257,Czech,46,2023-11-01,False,False,False,False,False,False,valid,YYYY-MM-DD,False,426.0,False,True,False,True
3379,2258,Czech Republic,266,2024-10-02,2258,Czech Republic,266,2024-10-02,False,False,False,False,False,False,valid,YYYY-MM-DD,False,90.0,False,False,False,True
3380,2259,Poland,38,2023-10-10,2259,Polska,38,2023-10-10,False,False,False,False,False,False,valid,YYYY-MM-DD,False,448.0,False,True,False,True
3381,2259,Czech Republic,135,2024-11-02,2259,czechia,135,2024-11-02,False,False,False,False,False,False,valid,YYYY-MM-DD,False,59.0,False,False,False,True
3382,2260,Germany,250,2023-08-05,2260,Deutschland,250,2023/08/05,False,False,False,False,False,False,valid,YYYY-MM-DD,False,514.0,False,True,False,True
3383,2260,Poland,166,2023-10-01,2260,Polska,166,2023-10-01,False,False,False,False,False,False,valid,YYYY-MM-DD,False,457.0,False,True,False,True
3384,2261,Germany,239,2023-06-25,2261,GER,239,2023-06-25,False,False,False,False,False,False,valid,YYYY-MM-DD,False,555.0,False,True,False,True
3385,2261,Czech Republic,92,2024-11-28,2261,Czech Republic,92,2024-11-28,False,False,False,False,False,False,valid,YYYY-MM-DD,False,33.0,False,False,False,True
3386,2262,Poland,299,2024-05-13,2262,pl,299,2024/05/13,False,False,False,False,False,False,valid,YYYY-MM-DD,False,232.0,False,True,False,True
3387,2262,Germany,226,2023-06-01,2262,DE,226,2023.06.01,False,False,False,False,False,False,valid,YYYY-MM-DD,False,579.0,False,True,False,True
3388,2263,Germany,382,2024-10-26,2263,germany,382,2024-10-26,False,False,False,False,False,False,valid,YYYY-MM-DD,False,66.0,False,False,False,True
3389,2264,Poland,4,2023-10-10,2264,POL,4,2023-10-10,False,False,False,False,False,False,valid,YYYY-MM-DD,False,448.0,False,True,False,True
3390,2264,Czech Republic,272,2023-09-10,2264,czechia,272,10-09-2023,False,False,False,False,False,False,valid,DD-MM-YYYY,True,478.0,False,True,False,True
3391,2265,Poland,11,2023-12-12,2265,POL,11,2023-12-12,False,False,False,False,False,False,valid,YYYY-MM-DD,False,385.0,False,True,False,True
3392,2265,Germany,136,2024-11-10,2265,Deutschland,136,2024-11-10,False,False,False,False,False,False,valid,YYYY-MM-DD,False,51.0,False,False,False,True
3393,2266,Czech Republic,108,2023-11-09,2266,czechia,108,09-11-2023,False,False,False,False,False,False,valid,DD-MM-YYYY,True,418.0,False,True,False,True
3394,2267,Germany,265,2023-10-04,2267,DE,265,04-10-2023,False,False,False,False,False,False,valid,DD-MM-YYYY,True,454.0,False,True,False,True
3395,2268,Czech Republic,244,2023-10-01,2268,Czech Republic,244,2023-10-01,False,False,False,False,False,False,valid,YYYY-MM-DD,False,457.0,False,True,False,True
3396,2269,Czech Republic,3,2024-06-27,2269,Czech,3,2024-06-27,False,False,False,False,False,False,valid,YYYY-MM-DD,False,187.0,False,True,False,True
3397,2269,Poland,265,2024-12-14,2269,Poland,265,2024-12-14,False,False,False,False,False,False,valid,YYYY-MM-DD,False,17.0,False,False,False,True
3398,2270,Poland,65,2024-04-18,2270,poland,65,2024.04.18,False,False,False,False,False,False,valid,YYYY-MM-DD,False,257.0,False,True,False,True
3399,2270,Germany,145,2024-11-23,2270,DE,145,2024-11-23,False,False,False,False,False,False,valid,YYYY-MM-DD,False,38.0,False,False,False,True
3400,2271,Poland,277,2023-06-11,2271,Poland,277,2023/06/11,False,False,False,False,False,False,valid,YYYY-MM-DD,False,569.0,False,True,False,True
3401,2272,Poland,103,2024-03-05,2272,Polska,103,2024-03-05,False,False,False,False,False,False,valid,YYYY-MM-DD,False,301.0,False,True,False,True
3402,2272,Czech Republic,24,2024-04-21,2272,CZ,24,21-04-2024,False,False,False,False,False,False,valid,DD-MM-YYYY,False,254.0,False,True,False,True
3403,2273,Czech Republic,165,2023-07-18,2273,Czech,165,2023-07-18,False,False,False,False,False,False,valid,YYYY-MM-DD,False,532.0,False,True,False,True
3404,2274,Poland,94,2023-08-20,2274,pl,94,2023-08-20,False,False,False,False,False,False,valid,YYYY-MM-DD,False,499.0,False,True,False,True
3405,2275,Germany,70,2023-06-12,2275,Deutschland,70,2023-06-12,False,False,False,False,False,False,valid,YYYY-MM-DD,False,568.0,False,True,False,True
3406,2276,Czech Republic,234,2023-09-07,2276,CZ,234,2023/09/07,False,False,False,False,False,False,valid,YYYY-MM-DD,False,481.0,False,True,False,True
3407,2277,Germany,116,2024-09-09,2277,GER,116,09-09-2024,False,False,False,False,False,False,valid,DD-MM-YYYY,True,113.0,False,True,False,True
3408,2277,Czech Republic,188,2024-02-14,2277,Czechia,188,2024-02-14,False,False,False,False,False,False,valid,YYYY-MM-DD,False,321.0,False,True,False,True
3409,2278,Germany,192,2023-10-17,2278,Deutschland,192,2023-10-17,False,False,False,False,False,False,valid,YYYY-MM-DD,False,441.0,False,True,False,True
3410,2279,Czech Republic,208,2024-09-10,2279,Czech,208,2024/09/10,False,False,False,False,False,False,valid,YYYY-MM-DD,False,112.0,False,True,False,True
3411,2280,Germany,95,2024-04-08,2280,germany,95,2024-04-08,False,False,False,False,False,False,valid,YYYY-MM-DD,False,267.0,False,True,False,True
3412,2280,Poland,83,2024-07-07,2280,PL,83,2024-07-07,False,False,False,False,False,False,valid,YYYY-MM-DD,False,177.0,False,True,False,True
3413,2281,Germany,226,2024-10-07,2281,Germany,226,2024-10-07,False,False,False,False,False,False,valid,YYYY-MM-DD,False,85.0,False,False,False,True
3414,2282,Czech Republic,141,2024-07-19,2282,Czech Republic,141,2024-07-19,False,False,False,False,False,False,valid,YYYY-MM-DD,False,165.0,False,True,False,True
3415,2282,Poland,502,2023-12-30,2282,Polska,502,2023-12-30,False,False,False,False,False,False,valid,YYYY-MM-DD,False,367.0,False,True,False,True
3416,2283,Czech Republic,25,2024-06-23,2283,Czech Republic,25,2024-06-23,False,False,False,False,False,False,valid,YYYY-MM-DD,False,191.0,False,True,False,True
3417,2283,Germany,63,2024-11-05,2283,Germany,63,05-11-2024,False,False,False,False,False,False,valid,DD-MM-YYYY,True,56.0,False,False,False,True
3418,2284,Germany,463,2023-12-15,2284,Germany,463,2023-12-15,False,False,False,False,False,False,valid,YYYY-MM-DD,False,382.0,False,True,False,True
3419,2284,Czech Republic,26,2024-11-01,2284,Czechia,26,2024-11-01,False,False,False,False,False,False,valid,YYYY-MM-DD,False,60.0,False,False,False,True
3420,2285,Czech Republic,237,2023-09-09,2285,Czech,237,2023-09-09,False,False,False,False,False,False,valid,YYYY-MM-DD,False,479.0,False,True,False,True
3421,2286,Czech Republic,349,2023-07-19,2286,Czechia,349,2023-07-19,False,False,False,False,False,False,valid,YYYY-MM-DD,False,531.0,False,True,False,True
3422,2287,Germany,0,2023-09-10,2287,Germany,0,2023/09/10,False,False,False,False,True,False,valid,YYYY-MM-DD,False,478.0,False,True,False,True
3423,2287,Czech Republic,0,2024-10-21,2287,CZ,0,2024-10-21,False,False,False,False,True,False,valid,YYYY-MM-DD,False,71.0,False,False,False,True
3424,2288,Germany,449,2023-05-23,2288,germany,449,2023/05/23,False,False,False,False,False,False,valid,YYYY-MM-DD,False,588.0,False,True,False,True
3425,2289,Czech Republic,334,2023-11-18,2289,CZ,334,2023-11-18,False,False,False,False,False,False,valid,YYYY-MM-DD,False,409.0,False,True,False,True
3426,2289,Germany,423,2023-05-21,2289,germany,423,2023.05.21,False,False,False,False,False,False,valid,YYYY-MM-DD,False,590.0,False,True,False,True
3427,2290,Poland,70,2023-07-11,2290,Poland,70,2023-07-11,False,False,False,False,False,False,valid,YYYY-MM-DD,False,539.0,False,True,False,True
3428,2290,Czech Republic,19,2024-03-15,2290,CZ,19,2024/03/15,False,False,False,False,False,False,valid,YYYY-MM-DD,False,291.0,False,True,False,True
3429,2291,Poland,241,2023-09-28,2291,Poland,241,2023-09-28,False,False,False,False,False,False,valid,YYYY-MM-DD,False,460.0,False,True,False,True
3430,2292,Czech Republic,142,2023-06-17,2292,Czechia,142,2023-06-17,False,False,False,False,False,False,valid,YYYY-MM-DD,False,563.0,False,True,False,True
3431,2293,Germany,251,2023-07-14,2293,GER,251,2023-07-14,False,False,False,False,False,False,valid,YYYY-MM-DD,False,536.0,False,True,False,True
3432,2294,Poland,168,2024-04-12,2294,POL,168,2024-04-12,False,False,False,False,False,False,valid,YYYY-MM-DD,False,263.0,False,True,False,True
3433,2294,Germany,0,2023-10-21,2294,Germany,0,2023-10-21,False,False,False,False,True,False,valid,YYYY-MM-DD,False,437.0,False,True,False,True
3434,2295,Poland,364,2024-11-07,2295,POL,364,2024.11.07,False,False,False,False,False,False,valid,YYYY-MM-DD,False,54.0,False,False,False,True
3435,2295,Czech Republic,68,2024-09-19,2295,Czech Republic,68,2024/09/19,False,False,False,False,False,False,valid,YYYY-MM-DD,False,103.0,False,True,False,True
3436,2296,Poland,0,2023-05-19,2296,Polska,0,2023-05-19,False,False,False,False,True,False,valid,YYYY-MM-DD,False,592.0,False,True,False,True
3437,2297,Poland,127,2024-11-28,2297,Polska,127,2024-11-28,False,False,False,False,False,False,valid,YYYY-MM-DD,False,33.0,False,False,False,True
3438,2298,Czech Republic,185,2024-04-16,2298,Czechia,185,16/04/2024,False,False,False,False,False,False,valid,DD-MM-YYYY,False,259.0,False,True,False,True
3439,2298,Poland,164,2024-04-27,2298,POL,164,2024-04-27,False,False,False,False,False,False,valid,YYYY-MM-DD,False,248.0,False,True,False,True
3440,2299,Czech Republic,38,2024-02-09,2299,czechia,38,2024-02-09,False,False,False,False,False,False,valid,YYYY-MM-DD,False,326.0,False,True,False,True
3441,2299,Poland,226,2023-09-18,2299,Poland,226,2023-09-18,False,False,False,False,False,False,valid,YYYY-MM-DD,False,470.0,False,True,False,True
3442,2300,Czech Republic,148,2023-12-28,2300,czechia,148,2023-12-28,False,False,False,False,False,False,valid,YYYY-MM-DD,False,369.0,False,True,False,True
3443,2300,Germany,0,2023-09-13,2300,Germany,0,2023.09.13,False,False,False,False,True,False,valid,YYYY-MM-DD,False,475.0,False,True,False,True
3444,2301,Czech Republic,40,2023-12-28,2301,CZ,40,2023-12-28,False,False,False,False,False,False,valid,YYYY-MM-DD,False,369.0,False,True,False,True
3445,2302,Poland,297,2024-02-09,2302,PL,297,2024/02/09,False,False,False,False,False,False,valid,YYYY-MM-DD,False,326.0,False,True,False,True
3446,2303,Poland,212,2024-02-02,2303,Polska,212,2024/02/02,False,False,False,False,False,False,valid,YYYY-MM-DD,False,333.0,False,True,False,True
3447,2304,Czech Republic,153,2024-06-11,2304,czechia,153,2024/06/11,False,False,False,False,False,False,valid,YYYY-MM-DD,False,203.0,False,True,False,True
3448,2305,Germany,260,2024-12-18,2305,Deutschland,260,18/12/2024,False,False,False,False,False,False,valid,DD-MM-YYYY,False,13.0,False,False,False,True
3449,2305,Poland,54,2023-11-08,2305,poland,54,2023-11-08,False,False,False,False,False,False,valid,YYYY-MM-DD,False,419.0,False,True,False,True
3450,2306,Poland,283,2024-08-03,2306,Poland,283,2024-08-03,False,False,False,False,False,False,valid,YYYY-MM-DD,False,150.0,False,True,False,True
3451,2307,Poland,0,2024-07-13,2307,Poland,0,2024.07.13,False,False,False,False,True,False,valid,YYYY-MM-DD,False,171.0,False,True,False,True
3452,2308,Poland,144,2024-06-26,2308,POL,144,2024/06/26,False,False,False,False,False,False,valid,YYYY-MM-DD,False,188.0,False,True,False,True
3453,2309,Czech Republic,0,2024-09-10,2309,Czech,0,2024-09-10,False,False,False,False,True,False,valid,YYYY-MM-DD,False,112.0,False,True,False,True
3454,2309,Germany,308,2023-08-14,2309,DE,308,2023-08-14,False,False,False,False,False,False,valid,YYYY-MM-DD,False,505.0,False,True,False,True
3455,2310,Germany,366,2023-07-01,2310,GER,366,2023-07-01,False,False,False,False,False,False,valid,YYYY-MM-DD,False,549.0,False,True,False,True
3456,2310,Czech Republic,25,2023-07-29,2310,czechia,25,2023-07-29,False,False,False,False,False,False,valid,YYYY-MM-DD,False,521.0,False,True,False,True
3457,2311,Poland,195,2024-07-01,2311,poland,195,2024-07-01,False,False,False,False,False,False,valid,YYYY-MM-DD,False,183.0,False,True,False,True
3458,2312,Poland,111,2024-02-13,2312,POL,111,2024-02-13,False,False,False,False,False,False,valid,YYYY-MM-DD,False,322.0,False,True,False,True
3459,2313,Germany,287,2023-12-21,2313,Germany,287,2023/12/21,False,False,False,False,False,False,valid,YYYY-MM-DD,False,376.0,False,True,False,True
3460,2313,Czech Republic,254,2024-11-24,2313,Czechia,254,2024-11-24,False,False,False,False,False,False,valid,YYYY-MM-DD,False,37.0,False,False,False,True
3461,2314,Germany,111,2023-12-23,2314,GER,111,2023-12-23,False,False,False,False,False,False,valid,YYYY-MM-DD,False,374.0,False,True,False,True
3462,2314,Poland,349,2024-08-02,2314,POL,349,2024-08-02,False,False,False,False,False,False,valid,YYYY-MM-DD,False,151.0,False,True,False,True
3463,2315,Germany,130,2023-12-20,2315,germany,130,2023-12-20,False,False,False,False,False,False,valid,YYYY-MM-DD,False,377.0,False,True,False,True
3464,2316,Poland,40,2023-06-24,2316,Poland,40,2023-06-24,False,False,False,False,False,False,valid,YYYY-MM-DD,False,556.0,False,True,False,True
3465,2316,Czech Republic,469,2023-12-29,2316,Czechia,469,2023/12/29,False,False,False,False,False,False,valid,YYYY-MM-DD,False,368.0,False,True,False,True
3466,2317,Poland,55,2024-03-15,2317,POL,55,15-03-2024,False,False,False,False,False,False,valid,DD-MM-YYYY,False,291.0,False,True,False,True
3467,2318,Czech Republic,113,2024-05-03,2318,Czechia,113,2024-05-03,False,False,False,False,False,False,valid,YYYY-MM-DD,False,242.0,False,True,False,True
3468,2319,Poland,323,2024-01-17,2319,pl,323,2024-01-17,False,False,False,False,False,False,valid,YYYY-MM-DD,False,349.0,False,True,False,True
3469,2319,Czech Republic,263,2024-07-05,2319,Czechia,263,2024-07-05,False,False,False,False,False,False,valid,YYYY-MM-DD,False,179.0,False,True,False,True
3470,2320,Poland,74,2024-04-07,2320,PL,74,2024-04-07,False,False,False,False,False,False,valid,YYYY-MM-DD,False,268.0,False,True,False,True
3471,2321,Czech Republic,194,2024-05-09,2321,CZ,194,2024/05/09,False,False,False,False,False,False,valid,YYYY-MM-DD,False,236.0,False,True,False,True
3472,2321,Germany,0,2024-08-18,2321,Deutschland,0,2024-08-18,False,False,False,False,True,False,valid,YYYY-MM-DD,False,135.0,False,True,False,True
3473,2322,Germany,331,2024-12-27,2322,germany,331,2024-12-27,False,False,False,False,False,False,valid,YYYY-MM-DD,False,4.0,False,False,False,True
3474,2323,Germany,378,2024-10-27,2323,DE,378,2024-10-27,False,False,False,False,False,False,valid,YYYY-MM-DD,False,65.0,False,False,False,True
3475,2324,Germany,22,2024-02-03,2324,Deutschland,22,03/02/2024,False,False,False,False,False,False,valid,DD-MM-YYYY,True,332.0,False,True,False,True
3476,2324,Czech Republic,124,2023-11-15,2324,CZ,124,2023-11-15,False,False,False,False,False,False,valid,YYYY-MM-DD,False,412.0,False,True,False,True
3477,2325,Poland,247,2024-10-01,2325,pl,247,2024-10-01,False,False,False,False,False,False,valid,YYYY-MM-DD,False,91.0,False,True,False,True
3478,2326,Czech Republic,199,2024-03-26,2326,CZ,199,2024-03-26,False,False,False,False,False,False,valid,YYYY-MM-DD,False,280.0,False,True,False,True
3479,2326,Poland,351,2024-11-04,2326,PL,351,04-11-2024,False,False,False,False,False,False,valid,DD-MM-YYYY,True,57.0,False,False,False,True
3480,2327,Czech Republic,206,2023-09-13,2327,Czechia,206,2023/09/13,False,False,False,False,False,False,valid,YYYY-MM-DD,False,475.0,False,True,False,True
3481,2328,Poland,307,2023-05-23,2328,pl,307,2023-05-23,False,False,False,False,False,False,valid,YYYY-MM-DD,False,588.0,False,True,False,True
3482,2328,Germany,0,2023-06-16,2328,germany,0,2023-06-16,False,False,False,False,True,False,valid,YYYY-MM-DD,False,564.0,False,True,False,True
3483,2329,Czech Republic,127,2023-06-15,2329,CZ,127,2023-06-15,False,False,False,False,False,False,valid,YYYY-MM-DD,False,565.0,False,True,False,True
3484,2330,Czech Republic,196,2024-04-15,2330,czechia,196,2024-04-15,False,False,False,False,False,False,valid,YYYY-MM-DD,False,260.0,False,True,False,True
3485,2330,Germany,94,2023-09-19,2330,GER,94,2023-09-19,False,False,False,False,False,False,valid,YYYY-MM-DD,False,469.0,False,True,False,True
3486,2331,Czech Republic,41,2024-09-26,2331,CZ,41,2024-09-26,False,False,False,False,False,False,valid,YYYY-MM-DD,False,96.0,False,True,False,True
3487,2332,Czech Republic,207,2024-08-13,2332,Czechia,207,13/08/2024,False,False,False,False,False,False,valid,DD-MM-YYYY,False,140.0,False,True,False,True
3488,2332,Poland,100,2023-12-28,2332,Polska,100,2023/12/28,False,False,False,False,False,False,valid,YYYY-MM-DD,False,369.0,False,True,False,True
3489,2333,Germany,216,2024-10-24,2333,Germany,216,2024/10/24,False,False,False,False,False,False,valid,YYYY-MM-DD,False,68.0,False,False,False,True
3490,2333,Poland,66,2023-07-15,2333,PL,66,2023-07-15,False,False,False,False,False,False,valid,YYYY-MM-DD,False,535.0,False,True,False,True
3491,2334,Poland,0,2023-07-03,2334,POL,0,2023/07/03,False,False,False,False,True,False,valid,YYYY-MM-DD,False,547.0,False,True,False,True
3492,2335,Poland,171,2024-12-12,2335,poland,171,12-12-2024,False,False,False,False,False,False,valid,DD-MM-YYYY,True,19.0,False,False,False,True
3493,2335,Czech Republic,426,2023-10-03,2335,CZ,426,2023-10-03,False,False,False,False,False,False,valid,YYYY-MM-DD,False,455.0,False,True,False,True
3494,2336,Germany,256,2024-01-31,2336,Deutschland,256,2024-01-31,False,False,False,False,False,False,valid,YYYY-MM-DD,False,335.0,False,True,False,True
3495,2336,Poland,16,2024-03-16,2336,poland,16,2024-03-16,False,False,False,False,False,False,valid,YYYY-MM-DD,False,290.0,False,True,False,True
3496,2337,Germany,177,2023-05-19,2337,Germany,177,2023/05/19,False,False,False,False,False,False,valid,YYYY-MM-DD,False,592.0,False,True,False,True
3497,2337,Poland,262,2024-09-20,2337,pl,262,2024/09/20,False,False,False,False,False,False,valid,YYYY-MM-DD,False,102.0,False,True,False,True
3498,2338,Poland,130,2024-03-07,2338,PL,130,2024-03-07,False,False,False,False,False,False,valid,YYYY-MM-DD,False,299.0,False,True,False,True
3499,2338,Czech Republic,157,2024-10-14,2338,Czechia,157,2024/10/14,False,False,False,False,False,False,valid,YYYY-MM-DD,False,78.0,False,False,False,True
3500,2339,Germany,111,2023-06-15,2339,GER,111,15-06-2023,False,False,False,False,False,False,valid,DD-MM-YYYY,False,565.0,False,True,False,True
3501,2339,Poland,188,2023-06-10,2339,poland,188,2023.06.10,False,False,False,False,False,False,valid,YYYY-MM-DD,False,570.0,False,True,False,True
3502,2340,Czech Republic,234,2023-11-02,2340,czechia,234,02-11-2023,False,False,False,False,False,False,valid,DD-MM-YYYY,True,425.0,False,True,False,True
3503,2340,Germany,327,2024-12-13,2340,Deutschland,327,13-12-2024,False,False,False,False,False,False,valid,DD-MM-YYYY,False,18.0,False,False,False,True
3504,2341,Czech Republic,248,2024-08-03,2341,Czech Republic,248,03-08-2024,False,False,False,False,False,False,valid,DD-MM-YYYY,True,150.0,False,True,False,True
3505,2342,Czech Republic,108,2023-12-15,2342,CZ,108,2023/12/15,False,False,False,False,False,False,valid,YYYY-MM-DD,False,382.0,False,True,False,True
3506,2342,Poland,148,2024-06-24,2342,pl,148,2024-06-24,False,False,False,False,False,False,valid,YYYY-MM-DD,False,190.0,False,True,False,True
3507,2343,Czech Republic,306,2023-05-17,2343,Czechia,306,2023-05-17,False,False,False,False,False,False,valid,YYYY-MM-DD,False,594.0,False,True,False,True
3508,2344,Poland,145,2024-09-01,2344,PL,145,2024-09-01,False,False,False,False,False,False,valid,YYYY-MM-DD,False,121.0,False,True,False,True
3509,2345,Germany,71,2024-09-30,2345,DE,71,2024-09-30,False,False,False,False,False,False,valid,YYYY-MM-DD,False,92.0,False,True,False,True
3510,2345,Poland,248,2024-09-07,2345,Poland,248,2024-09-07,False,False,False,False,False,False,valid,YYYY-MM-DD,False,115.0,False,True,False,True
3511,2346,Czech Republic,89,2023-10-16,2346,CZ,89,2023-10-16,False,False,False,False,False,False,valid,YYYY-MM-DD,False,442.0,False,True,False,True
3512,2347,Germany,163,2024-10-02,2347,germany,163,2024/10/02,False,False,False,False,False,False,valid,YYYY-MM-DD,False,90.0,False,False,False,True
3513,2347,Poland,276,2023-06-05,2347,Polska,276,2023-06-05,False,False,False,False,False,False,valid,YYYY-MM-DD,False,575.0,False,True,False,True
3514,2348,Poland,0,2023-12-22,2348,Poland,0,2023-12-22,False,False,False,False,True,False,valid,YYYY-MM-DD,False,375.0,False,True,False,True
3515,2348,Germany,133,2024-10-02,2348,DE,133,2024/10/02,False,False,False,False,False,False,valid,YYYY-MM-DD,False,90.0,False,False,False,True
3516,2349,Poland,62,2023-05-31,2349,pl,62,2023-05-31,False,False,False,False,False,False,valid,YYYY-MM-DD,False,580.0,False,True,False,True
3517,2350,Germany,197,2023-09-14,2350,Germany,197,2023-09-14,False,False,False,False,False,False,valid,YYYY-MM-DD,False,474.0,False,True,False,True
3518,2350,Czech Republic,177,2023-08-29,2350,Czechia,177,29/08/2023,False,False,False,False,False,False,valid,DD-MM-YYYY,False,490.0,False,True,False,True
3519,2351,Germany,261,2024-12-26,2351,germany,261,2024-12-26,False,False,False,False,False,False,valid,YYYY-MM-DD,False,5.0,False,False,False,True
3520,2351,Poland,74,2023-09-18,2351,poland,74,2023-09-18,False,False,False,False,False,False,valid,YYYY-MM-DD,False,470.0,False,True,False,True
3521,2352,Czech Republic,219,2023-08-25,2352,czechia,219,2023/08/25,False,False,False,False,False,False,valid,YYYY-MM-DD,False,494.0,False,True,False,True
3522,2353,Czech Republic,122,2023-08-06,2353,Czech Republic,122,2023-08-06,False,False,False,False,False,False,valid,YYYY-MM-DD,False,513.0,False,True,False,True
3523,2354,Czech Republic,177,2024-07-14,2354,Czech Republic,177,2024-07-14,False,False,False,False,False,False,valid,YYYY-MM-DD,False,170.0,False,True,False,True
3524,2354,Poland,0,2023-08-02,2354,Polska,0,2023-08-02,False,False,False,False,True,False,valid,YYYY-MM-DD,False,517.0,False,True,False,True
3525,2355,Czech Republic,92,2024-09-24,2355,Czechia,92,2024-09-24,False,False,False,False,False,False,valid,YYYY-MM-DD,False,98.0,False,True,False,True
3526,2355,Poland,279,2024-03-02,2355,Poland,279,2024-03-02,False,False,False,False,False,False,valid,YYYY-MM-DD,False,304.0,False,True,False,True
3527,2356,Germany,157,2023-11-07,2356,DE,157,2023.11.07,False,False,False,False,False,False,valid,YYYY-MM-DD,False,420.0,False,True,False,True
3528,2356,Poland,133,2024-02-25,2356,PL,133,2024.02.25,False,False,False,False,False,False,valid,YYYY-MM-DD,False,310.0,False,True,False,True
3529,2357,Czech Republic,346,2024-05-27,2357,Czech,346,2024-05-27,False,False,False,False,False,False,valid,YYYY-MM-DD,False,218.0,False,True,False,True
3530,2357,Germany,339,2023-11-18,2357,Deutschland,339,2023-11-18,False,False,False,False,False,False,valid,YYYY-MM-DD,False,409.0,False,True,False,True
3531,2358,Poland,181,2024-12-22,2358,Polska,181,2024-12-22,False,False,False,False,False,False,valid,YYYY-MM-DD,False,9.0,False,False,False,True
3532,2358,Germany,277,2024-09-02,2358,GER,277,2024/09/02,False,False,False,False,False,False,valid,YYYY-MM-DD,False,120.0,False,True,False,True
3533,2359,Czech Republic,189,2023-08-24,2359,czechia,189,2023-08-24,False,False,False,False,False,False,valid,YYYY-MM-DD,False,495.0,False,True,False,True
3534,2360,Poland,184,2024-02-19,2360,POL,184,2024-02-19,False,False,False,False,False,False,valid,YYYY-MM-DD,False,316.0,False,True,False,True
3535,2360,Czech Republic,102,2023-09-16,2360,CZ,102,2023-09-16,False,False,False,False,False,False,valid,YYYY-MM-DD,False,472.0,False,True,False,True
3536,2361,Czech Republic,315,2023-11-28,2361,Czechia,315,2023-11-28,False,False,False,False,False,False,valid,YYYY-MM-DD,False,399.0,False,True,False,True
3537,2361,Poland,123,2023-06-30,2361,poland,123,2023-06-30,False,False,False,False,False,False,valid,YYYY-MM-DD,False,550.0,False,True,False,True
3538,2362,Poland,243,2023-11-22,2362,PL,243,2023/11/22,False,False,False,False,False,False,valid,YYYY-MM-DD,False,405.0,False,True,False,True
3539,2362,Germany,469,2023-09-08,2362,DE,469,08-09-2023,False,False,False,False,False,False,valid,DD-MM-YYYY,True,480.0,False,True,False,True
3540,2363,Poland,110,2024-07-24,2363,pl,110,2024-07-24,False,False,False,False,False,False,valid,YYYY-MM-DD,False,160.0,False,True,False,True
3541,2364,Germany,143,2024-09-28,2364,Germany,143,28-09-2024,False,False,False,False,False,False,valid,DD-MM-YYYY,False,94.0,False,True,False,True
3542,2365,Germany,514,2023-10-22,2365,DE,514,2023-10-22,False,False,False,False,False,False,valid,YYYY-MM-DD,False,436.0,False,True,False,True
3543,2365,Poland,59,2024-10-22,2365,poland,59,2024/10/22,False,False,False,False,False,False,valid,YYYY-MM-DD,False,70.0,False,False,False,True
3544,2366,Germany,292,2024-08-29,2366,germany,292,2024-08-29,False,False,False,False,False,False,valid,YYYY-MM-DD,False,124.0,False,True,False,True
3545,2367,Czech Republic,114,2024-11-22,2367,Czech Republic,114,2024-11-22,False,False,False,False,False,False,valid,YYYY-MM-DD,False,39.0,False,False,False,True
3546,2367,Poland,126,2024-02-23,2367,poland,126,2024-02-23,False,False,False,False,False,False,valid,YYYY-MM-DD,False,312.0,False,True,False,True
3547,2368,Germany,117,2024-05-12,2368,DE,117,2024.05.12,False,False,False,False,False,False,valid,YYYY-MM-DD,False,233.0,False,True,False,True
3548,2369,Germany,420,2023-08-08,2369,Deutschland,420,2023-08-08,False,False,False,False,False,False,valid,YYYY-MM-DD,False,511.0,False,True,False,True
3549,2370,Germany,274,2023-05-31,2370,GER,274,31-05-2023,False,False,False,False,False,False,valid,DD-MM-YYYY,False,580.0,False,True,False,True
3550,2371,Czech Republic,0,2023-10-25,2371,Czech,0,2023/10/25,False,False,False,False,True,False,valid,YYYY-MM-DD,False,433.0,False,True,False,True
3551,2372,Poland,16,2024-08-14,2372,Polska,16,2024-08-14,False,False,False,False,False,False,valid,YYYY-MM-DD,False,139.0,False,True,False,True
3552,2373,Poland,316,2023-11-08,2373,Poland,316,2023-11-08,False,False,False,False,False,False,valid,YYYY-MM-DD,False,419.0,False,True,False,True
3553,2374,Czech Republic,303,2024-11-02,2374,CZ,303,2024-11-02,False,False,False,False,False,False,valid,YYYY-MM-DD,False,59.0,False,False,False,True
3554,2374,Poland,72,2023-10-13,2374,PL,72,2023-10-13,False,False,False,False,False,False,valid,YYYY-MM-DD,False,445.0,False,True,False,True
3555,2375,Germany,0,2023-09-03,2375,GER,0,2023/09/03,False,False,False,False,True,False,valid,YYYY-MM-DD,False,485.0,False,True,False,True
3556,2375,Poland,137,2024-09-25,2375,PL,137,25-09-2024,False,False,False,False,False,False,valid,DD-MM-YYYY,False,97.0,False,True,False,True
3557,2376,Poland,4,2024-10-11,2376,Poland,4,2024-10-11,False,False,False,False,False,False,valid,YYYY-MM-DD,False,81.0,False,False,False,True
3558,2377,Poland,55,2024-05-03,2377,poland,55,2024/05/03,False,False,False,False,False,False,valid,YYYY-MM-DD,False,242.0,False,True,False,True
3559,2377,Czech Republic,213,2023-08-26,2377,czechia,213,26-08-2023,False,False,False,False,False,False,valid,DD-MM-YYYY,False,493.0,False,True,False,True
3560,2378,Poland,245,2023-09-06,2378,Polska,245,2023-09-06,False,False,False,False,False,False,valid,YYYY-MM-DD,False,482.0,False,True,False,True
3561,2378,Czech Republic,235,2023-07-03,2378,Czech,235,2023-07-03,False,False,False,False,False,False,valid,YYYY-MM-DD,False,547.0,False,True,False,True
3562,2379,Germany,137,2023-10-04,2379,Deutschland,137,2023-10-04,False,False,False,False,False,False,valid,YYYY-MM-DD,False,454.0,False,True,False,True
3563,2380,Czech Republic,137,2024-10-16,2380,Czech,137,2024-10-16,False,False,False,False,False,False,valid,YYYY-MM-DD,False,76.0,False,False,False,True
3564,2381,Czech Republic,220,2024-10-18,2381,czechia,220,2024-10-18,False,False,False,False,False,False,valid,YYYY-MM-DD,False,74.0,False,False,False,True
3565,2382,Czech Republic,244,2024-10-16,2382,Czechia,244,2024-10-16,False,False,False,False,False,False,valid,YYYY-MM-DD,False,76.0,False,False,False,True
3566,2383,Germany,263,2023-11-05,2383,GER,263,2023.11.05,False,False,False,False,False,False,valid,YYYY-MM-DD,False,422.0,False,True,False,True
3567,2384,Czech Republic,77,2023-10-12,2384,Czech,77,2023-10-12,False,False,False,False,False,False,valid,YYYY-MM-DD,False,446.0,False,True,False,True
3568,2384,Poland,188,2023-12-27,2384,Polska,188,2023-12-27,False,False,False,False,False,False,valid,YYYY-MM-DD,False,370.0,False,True,False,True
3569,2385,Poland,245,2023-07-24,2385,poland,245,24-07-2023,False,False,False,False,False,False,valid,DD-MM-YYYY,False,526.0,False,True,False,True
3570,2386,Germany,83,2024-09-18,2386,Deutschland,83,18-09-2024,False,False,False,False,False,False,valid,DD-MM-YYYY,False,104.0,False,True,False,True
3571,2386,Czech Republic,202,2024-02-19,2386,czechia,202,2024/02/19,False,False,False,False,False,False,valid,YYYY-MM-DD,False,316.0,False,True,False,True
3572,2387,Poland,94,2023-12-22,2387,PL,94,2023-12-22,False,False,False,False,False,False,valid,YYYY-MM-DD,False,375.0,False,True,False,True
3573,2388,Czech Republic,78,2023-10-19,2388,Czech,78,2023-10-19,False,False,False,False,False,False,valid,YYYY-MM-DD,False,439.0,False,True,False,True
3574,2388,Poland,119,2024-10-27,2388,poland,119,2024-10-27,False,False,False,False,False,False,valid,YYYY-MM-DD,False,65.0,False,False,False,True
3575,2389,Poland,339,2024-11-02,2389,Poland,339,2024/11/02,False,False,False,False,False,False,valid,YYYY-MM-DD,False,59.0,False,False,False,True
3576,2389,Czech Republic,128,2024-09-20,2389,Czech Republic,128,20-09-2024,False,False,False,False,False,False,valid,DD-MM-YYYY,False,102.0,False,True,False,True
3577,2390,Poland,109,2024-08-31,2390,POL,109,31-08-2024,False,False,False,False,False,False,valid,DD-MM-YYYY,False,122.0,False,True,False,True
3578,2390,Germany,66,2023-12-23,2390,GER,66,2023-12-23,False,False,False,False,False,False,valid,YYYY-MM-DD,False,374.0,False,True,False,True
3579,2391,Czech Republic,345,2024-10-19,2391,czechia,345,19/10/2024,False,False,False,False,False,False,valid,DD-MM-YYYY,False,73.0,False,False,False,True
3580,2392,Czech Republic,46,2023-08-28,2392,CZ,46,2023/08/28,False,False,False,False,False,False,valid,YYYY-MM-DD,False,491.0,False,True,False,True
3581,2393,Germany,269,2024-10-14,2393,Deutschland,269,2024-10-14,False,False,False,False,False,False,valid,YYYY-MM-DD,False,78.0,False,False,False,True
3582,2393,Czech Republic,318,2024-05-22,2393,czechia,318,2024/05/22,False,False,False,False,False,False,valid,YYYY-MM-DD,False,223.0,False,True,False,True
3583,2394,Czech Republic,155,2024-06-26,2394,Czech,155,2024/06/26,False,False,False,False,False,False,valid,YYYY-MM-DD,False,188.0,False,True,False,True
3584,2394,Germany,83,2024-08-06,2394,GER,83,06-08-2024,False,False,False,False,False,False,valid,DD-MM-YYYY,True,147.0,False,True,False,True
3585,2395,Poland,335,2024-11-29,2395,PL,335,2024-11-29,False,False,False,False,False,False,valid,YYYY-MM-DD,False,32.0,False,False,False,True
3586,2395,Czech Republic,135,2023-12-14,2395,CZ,135,2023-12-14,False,False,False,False,False,False,valid,YYYY-MM-DD,False,383.0,False,True,False,True
3587,2396,Poland,294,2024-12-12,2396,poland,294,2024-12-12,False,False,False,False,False,False,valid,YYYY-MM-DD,False,19.0,False,False,False,True
3588,2396,Czech Republic,327,2023-08-22,2396,CZ,327,22-08-2023,False,False,False,False,False,False,valid,DD-MM-YYYY,False,497.0,False,True,False,True
3589,2397,Poland,314,2024-11-19,2397,poland,314,2024-11-19,False,False,False,False,False,False,valid,YYYY-MM-DD,False,42.0,False,False,False,True
3590,2398,Poland,68,2024-11-18,2398,POL,68,2024.11.18,False,False,False,False,False,False,valid,YYYY-MM-DD,False,43.0,False,False,False,True
3591,2398,Germany,148,2024-01-24,2398,GER,148,2024-01-24,False,False,False,False,False,False,valid,YYYY-MM-DD,False,342.0,False,True,False,True
3592,2399,Poland,314,2024-12-21,2399,pl,314,2024-12-21,False,False,False,False,False,False,valid,YYYY-MM-DD,False,10.0,False,False,False,True
3594,2400,Germany,386,2024-12-24,2400,Deutschland,386,2024/12/24,False,False,False,False,False,False,valid,YYYY-MM-DD,False,7.0,False,False,False,True
3595,2401,Poland,100,2024-10-13,2401,pl,100,2024-10-13,False,False,False,False,False,False,valid,YYYY-MM-DD,False,79.0,False,False,False,True
3596,2402,Poland,417,2023-07-30,2402,poland,417,2023/07/30,False,False,False,False,False,False,valid,YYYY-MM-DD,False,520.0,False,True,False,True
3597,2403,Germany,244,2023-10-21,2403,germany,244,2023/10/21,False,False,False,False,False,False,valid,YYYY-MM-DD,False,437.0,False,True,False,True
3598,2403,Czech Republic,182,2023-12-20,2403,Czechia,182,2023-12-20,False,False,False,False,False,False,valid,YYYY-MM-DD,False,377.0,False,True,False,True
3599,2404,Poland,0,2023-12-14,2404,pl,0,14-12-2023,False,False,False,False,True,False,valid,DD-MM-YYYY,False,383.0,False,True,False,True
3600,2404,Czech Republic,263,2024-06-01,2404,Czech,263,2024-06-01,False,False,False,False,False,False,valid,YYYY-MM-DD,False,213.0,False,True,False,True
3601,2405,Czech Republic,377,2024-11-13,2405,Czechia,377,2024-11-13,False,False,False,False,False,False,valid,YYYY-MM-DD,False,48.0,False,False,False,True
3602,2406,Poland,0,2024-10-13,2406,POL,0,2024-10-13,False,False,False,False,True,False,valid,YYYY-MM-DD,False,79.0,False,False,False,True
3603,2407,Poland,223,2024-06-06,2407,PL,223,06/06/2024,False,False,False,False,False,False,valid,DD-MM-YYYY,True,208.0,False,True,False,True
3604,2407,Czech Republic,174,2024-07-18,2407,czechia,174,18-07-2024,False,False,False,False,False,False,valid,DD-MM-YYYY,False,166.0,False,True,False,True
3605,2408,Germany,387,2024-04-25,2408,DE,387,25-04-2024,False,False,False,False,False,False,valid,DD-MM-YYYY,False,250.0,False,True,False,True
3606,2408,Czech Republic,151,2024-01-03,2408,Czech Republic,151,2024-01-03,False,False,False,False,False,False,valid,YYYY-MM-DD,False,363.0,False,True,False,True
3607,2409,Poland,212,2023-09-23,2409,POL,212,2023-09-23,False,False,False,False,False,False,valid,YYYY-MM-DD,False,465.0,False,True,False,True
3609,2410,Czech Republic,108,2024-02-25,2410,Czech Republic,108,2024-02-25,False,False,False,False,False,False,valid,YYYY-MM-DD,False,310.0,False,True,False,True
3610,2410,Germany,226,2023-11-16,2410,GER,226,2023.11.16,False,False,False,False,False,False,valid,YYYY-MM-DD,False,411.0,False,True,False,True
3611,2411,Germany,223,2024-09-25,2411,GER,223,2024-09-25,False,False,False,False,False,False,valid,YYYY-MM-DD,False,97.0,False,True,False,True
3612,2411,Czech Republic,150,2023-05-16,2411,Czechia,150,2023-05-16,False,False,False,False,False,False,valid,YYYY-MM-DD,False,595.0,False,True,False,True
3613,2412,Poland,37,2024-05-10,2412,Polska,37,2024-05-10,False,False,False,False,False,False,valid,YYYY-MM-DD,False,235.0,False,True,False,True
3614,2412,Germany,427,2024-03-28,2412,DE,427,2024.03.28,False,False,False,False,False,False,valid,YYYY-MM-DD,False,278.0,False,True,False,True
3615,2413,Poland,164,2023-08-18,2413,Poland,164,2023.08.18,False,False,False,False,False,False,valid,YYYY-MM-DD,False,501.0,False,True,False,True
3616,2414,Czech Republic,159,2024-03-11,2414,Czechia,159,2024-03-11,False,False,False,False,False,False,valid,YYYY-MM-DD,False,295.0,False,True,False,True
3617,2415,Poland,199,2024-04-16,2415,Poland,199,2024/04/16,False,False,False,False,False,False,valid,YYYY-MM-DD,False,259.0,False,True,False,True
3618,2416,Poland,304,2023-07-24,2416,poland,304,24-07-2023,False,False,False,False,False,False,valid,DD-MM-YYYY,False,526.0,False,True,False,True
3619,2416,Germany,134,2023-06-17,2416,DE,134,2023-06-17,False,False,False,False,False,False,valid,YYYY-MM-DD,False,563.0,False,True,False,True
3620,2417,Poland,416,2023-06-16,2417,Polska,416,2023-06-16,False,False,False,False,False,False,valid,YYYY-MM-DD,False,564.0,False,True,False,True
3621,2418,Germany,165,2024-05-01,2418,germany,165,2024-05-01,False,False,False,False,False,False,valid,YYYY-MM-DD,False,244.0,False,True,False,True
3622,2418,Poland,155,2023-06-02,2418,Poland,155,02-06-2023,False,False,False,False,False,False,valid,DD-MM-YYYY,True,578.0,False,True,False,True
3623,2419,Poland,155,2023-08-08,2419,POL,155,2023/08/08,False,False,False,False,False,False,valid,YYYY-MM-DD,False,511.0,False,True,False,True
3624,2420,Poland,287,2023-11-07,2420,Poland,287,2023-11-07,False,False,False,False,False,False,valid,YYYY-MM-DD,False,420.0,False,True,False,True
3625,2421,Poland,194,2023-09-21,2421,PL,194,2023/09/21,False,False,False,False,False,False,valid,YYYY-MM-DD,False,467.0,False,True,False,True
3626,2421,Germany,29,2023-08-06,2421,Deutschland,29,2023-08-06,False,False,False,False,False,False,valid,YYYY-MM-DD,False,513.0,False,True,False,True
3627,2422,Czech Republic,272,2024-10-27,2422,CZ,272,2024/10/27,False,False,False,False,False,False,valid,YYYY-MM-DD,False,65.0,False,False,False,True
3628,2423,Poland,207,2024-05-22,2423,PL,207,2024-05-22,False,False,False,False,False,False,valid,YYYY-MM-DD,False,223.0,False,True,False,True
3629,2424,Poland,168,2024-07-14,2424,poland,168,2024-07-14,False,False,False,False,False,False,valid,YYYY-MM-DD,False,170.0,False,True,False,True
3630,2424,Germany,289,2023-11-05,2424,DE,289,2023-11-05,False,False,False,False,False,False,valid,YYYY-MM-DD,False,422.0,False,True,False,True
3631,2425,Czech Republic,81,2024-01-02,2425,CZ,81,2024-01-02,False,False,False,False,False,False,valid,YYYY-MM-DD,False,364.0,False,True,False,True
3632,2426,Poland,214,2024-12-11,2426,Poland,214,2024/12/11,False,False,False,False,False,False,valid,YYYY-MM-DD,False,20.0,False,False,False,True
3633,2427,Poland,210,2023-07-29,2427,Polska,210,2023-07-29,False,False,False,False,False,False,valid,YYYY-MM-DD,False,521.0,False,True,False,True
3634,2428,Czech Republic,306,2024-09-01,2428,Czech Republic,306,2024-09-01,False,False,False,False,False,False,valid,YYYY-MM-DD,False,121.0,False,True,False,True
3635,2429,Germany,181,2024-05-06,2429,germany,181,06-05-2024,False,False,False,False,False,False,valid,DD-MM-YYYY,True,239.0,False,True,False,True
3636,2429,Poland,221,2024-12-28,2429,Polska,221,2024/12/28,False,False,False,False,False,False,valid,YYYY-MM-DD,False,3.0,False,False,False,True
3637,2430,Poland,132,2024-05-07,2430,Polska,132,2024-05-07,False,False,False,False,False,False,valid,YYYY-MM-DD,False,238.0,False,True,False,True
3638,2430,Czech Republic,41,2023-08-30,2430,Czech Republic,41,2023-08-30,False,False,False,False,False,False,valid,YYYY-MM-DD,False,489.0,False,True,False,True
3639,2431,Czech Republic,288,2024-09-23,2431,CZ,288,2024/09/23,False,False,False,False,False,False,valid,YYYY-MM-DD,False,99.0,False,True,False,True
3640,2432,Poland,228,2024-01-13,2432,Poland,228,2024-01-13,False,False,False,False,False,False,valid,YYYY-MM-DD,False,353.0,False,True,False,True
3641,2432,Czech Republic,93,2023-10-07,2432,Czech,93,2023-10-07,False,False,False,False,False,False,valid,YYYY-MM-DD,False,451.0,False,True,False,True
3642,2433,Germany,220,2024-11-15,2433,GER,220,2024-11-15,False,False,False,False,False,False,valid,YYYY-MM-DD,False,46.0,False,False,False,True
3643,2433,Czech Republic,126,2023-08-31,2433,Czech,126,2023-08-31,False,False,False,False,False,False,valid,YYYY-MM-DD,False,488.0,False,True,False,True
3644,2434,Poland,338,2023-09-04,2434,PL,338,04-09-2023,False,False,False,False,False,False,valid,DD-MM-YYYY,True,484.0,False,True,False,True
3645,2434,Germany,0,2024-08-08,2434,Germany,0,2024-08-08,False,False,False,False,True,False,valid,YYYY-MM-DD,False,145.0,False,True,False,True
3646,2435,Poland,154,2023-12-22,2435,PL,154,2023-12-22,False,False,False,False,False,False,valid,YYYY-MM-DD,False,375.0,False,True,False,True
3647,2435,Germany,196,2023-07-18,2435,DE,196,2023.07.18,False,False,False,False,False,False,valid,YYYY-MM-DD,False,532.0,False,True,False,True
3648,2436,Poland,53,2024-05-24,2436,POL,53,24-05-2024,False,False,False,False,False,False,valid,DD-MM-YYYY,False,221.0,False,True,False,True
3649,2437,Czech Republic,71,2024-11-26,2437,Czech,71,2024-11-26,False,False,False,False,False,False,valid,YYYY-MM-DD,False,35.0,False,False,False,True
3650,2437,Germany,190,2024-12-10,2437,GER,190,2024-12-10,False,False,False,False,False,False,valid,YYYY-MM-DD,False,21.0,False,False,False,True
3651,2438,Germany,115,2024-04-24,2438,DE,115,2024/04/24,False,False,False,False,False,False,valid,YYYY-MM-DD,False,251.0,False,True,False,True
3652,2438,Czech Republic,171,2023-09-07,2438,Czech Republic,171,2023-09-07,False,False,False,False,False,False,valid,YYYY-MM-DD,False,481.0,False,True,False,True
3653,2439,Poland,121,2024-02-10,2439,pl,121,2024-02-10,False,False,False,False,False,False,valid,YYYY-MM-DD,False,325.0,False,True,False,True
3654,2440,Czech Republic,140,2024-10-05,2440,CZ,140,2024-10-05,False,False,False,False,False,False,valid,YYYY-MM-DD,False,87.0,False,False,False,True
3655,2440,Poland,130,2023-09-19,2440,Poland,130,2023-09-19,False,False,False,False,False,False,valid,YYYY-MM-DD,False,469.0,False,True,False,True
3656,2441,Czech Republic,189,2024-02-12,2441,Czech Republic,189,2024/02/12,False,False,False,False,False,False,valid,YYYY-MM-DD,False,323.0,False,True,False,True
3657,2442,Poland,70,2024-09-03,2442,pl,70,2024-09-03,False,False,False,False,False,False,valid,YYYY-MM-DD,False,119.0,False,True,False,True
3658,2443,Germany,239,2023-09-29,2443,germany,239,2023/09/29,False,False,False,False,False,False,valid,YYYY-MM-DD,False,459.0,False,True,False,True
3659,2444,Germany,188,2023-05-13,2444,Deutschland,188,2023-05-13,False,False,False,False,False,False,valid,YYYY-MM-DD,False,598.0,False,True,False,True
3660,2445,Poland,125,2024-05-13,2445,pl,125,2024-05-13,False,False,False,False,False,False,valid,YYYY-MM-DD,False,232.0,False,True,False,True
3661,2445,Czech Republic,201,2023-05-14,2445,Czech Republic,201,2023/05/14,False,False,False,False,False,False,valid,YYYY-MM-DD,False,597.0,False,True,False,True
3662,2446,Germany,308,2023-05-12,2446,DE,308,2023-05-12,False,False,False,False,False,False,valid,YYYY-MM-DD,False,599.0,False,True,False,True
3663,2446,Czech Republic,152,2023-09-04,2446,CZ,152,2023-09-04,False,False,False,False,False,False,valid,YYYY-MM-DD,False,484.0,False,True,False,True
3664,2447,Czech Republic,228,2023-12-02,2447,Czechia,228,2023-12-02,False,False,False,False,False,False,valid,YYYY-MM-DD,False,395.0,False,True,False,True
3665,2448,Czech Republic,243,2024-12-08,2448,czechia,243,2024.12.08,False,False,False,False,False,False,valid,YYYY-MM-DD,False,23.0,False,False,False,True
3666,2449,Czech Republic,267,2023-06-28,2449,Czechia,267,2023-06-28,False,False,False,False,False,False,valid,YYYY-MM-DD,False,552.0,False,True,False,True
3667,2449,Germany,261,2024-05-29,2449,Deutschland,261,29-05-2024,False,False,False,False,False,False,valid,DD-MM-YYYY,False,216.0,False,True,False,True
3668,2450,Germany,343,2024-02-22,2450,germany,343,22-02-2024,False,False,False,False,False,False,valid,DD-MM-YYYY,False,313.0,False,True,False,True
3669,2451,Poland,72,2024-05-08,2451,poland,72,08-05-2024,False,False,False,False,False,False,valid,DD-MM-YYYY,True,237.0,False,True,False,True
3670,2451,Czech Republic,290,2024-01-25,2451,Czechia,290,2024.01.25,False,False,False,False,False,False,valid,YYYY-MM-DD,False,341.0,False,True,False,True
3671,2452,Czech Republic,196,2023-08-25,2452,Czech,196,25/08/2023,False,False,False,False,False,False,valid,DD-MM-YYYY,False,494.0,False,True,False,True
3672,2453,Czech Republic,104,2024-03-08,2453,CZ,104,2024-03-08,False,False,False,False,False,False,valid,YYYY-MM-DD,False,298.0,False,True,False,True
3673,2454,Czech Republic,96,2023-08-14,2454,Czechia,96,2023-08-14,False,False,False,False,False,False,valid,YYYY-MM-DD,False,505.0,False,True,False,True
3674,2454,Germany,226,2024-05-31,2454,Germany,226,2024/05/31,False,False,False,False,False,False,valid,YYYY-MM-DD,False,214.0,False,True,False,True
3675,2455,Czech Republic,0,2023-10-25,2455,Czech Republic,0,25/10/2023,False,False,False,False,True,False,valid,DD-MM-YYYY,False,433.0,False,True,False,True
3676,2456,Germany,35,2024-04-10,2456,DE,35,2024-04-10,False,False,False,False,False,False,valid,YYYY-MM-DD,False,265.0,False,True,False,True
3677,2456,Czech Republic,216,2024-05-30,2456,czechia,216,2024-05-30,False,False,False,False,False,False,valid,YYYY-MM-DD,False,215.0,False,True,False,True
3678,2457,Poland,160,2024-09-09,2457,Poland,160,2024-09-09,False,False,False,False,False,False,valid,YYYY-MM-DD,False,113.0,False,True,False,True
3679,2458,Czech Republic,180,2023-06-05,2458,CZ,180,2023-06-05,False,False,False,False,False,False,valid,YYYY-MM-DD,False,575.0,False,True,False,True
3681,2459,Czech Republic,338,2024-05-04,2459,Czechia,338,2024/05/04,False,False,False,False,False,False,valid,YYYY-MM-DD,False,241.0,False,True,False,True
3682,2459,Germany,59,2024-07-05,2459,germany,59,2024-07-05,False,False,False,False,False,False,valid,YYYY-MM-DD,False,179.0,False,True,False,True
3683,2460,Poland,0,2023-05-16,2460,pl,0,2023-05-16,False,False,False,False,True,False,valid,YYYY-MM-DD,False,595.0,False,True,False,True
3684,2460,Czech Republic,81,2024-04-28,2460,Czechia,81,28-04-2024,False,False,False,False,False,False,valid,DD-MM-YYYY,False,247.0,False,True,False,True
3685,2461,Czech Republic,32,2024-11-30,2461,czechia,32,2024-11-30,False,False,False,False,False,False,valid,YYYY-MM-DD,False,31.0,False,False,False,True
3686,2462,Czech Republic,407,2024-06-08,2462,Czech,407,2024-06-08,False,False,False,False,False,False,valid,YYYY-MM-DD,False,206.0,False,True,False,True
3687,2463,Czech Republic,246,2023-12-18,2463,Czech Republic,246,2023-12-18,False,False,False,False,False,False,valid,YYYY-MM-DD,False,379.0,False,True,False,True
3688,2463,Poland,114,2024-12-31,2463,POL,114,31-12-2024,False,False,False,False,False,False,valid,DD-MM-YYYY,False,0.0,False,False,False,True
3689,2464,Germany,67,2023-11-03,2464,GER,67,2023-11-03,False,False,False,False,False,False,valid,YYYY-MM-DD,False,424.0,False,True,False,True
3690,2465,Poland,196,2024-06-06,2465,poland,196,2024-06-06,False,False,False,False,False,False,valid,YYYY-MM-DD,False,208.0,False,True,False,True
3691,2466,Poland,200,2024-01-29,2466,Poland,200,2024-01-29,False,False,False,False,False,False,valid,YYYY-MM-DD,False,337.0,False,True,False,True
3692,2467,Poland,190,2023-11-30,2467,POL,190,2023-11-30,False,False,False,False,False,False,valid,YYYY-MM-DD,False,397.0,False,True,False,True
3693,2468,Poland,356,2023-05-24,2468,Polska,356,24-05-2023,False,False,False,False,False,False,valid,DD-MM-YYYY,False,587.0,False,True,False,True
3694,2468,Czech Republic,141,2024-08-01,2468,CZ,141,2024-08-01,False,False,False,False,False,False,valid,YYYY-MM-DD,False,152.0,False,True,False,True
3695,2469,Germany,79,2023-12-13,2469,DE,79,2023/12/13,False,False,False,False,False,False,valid,YYYY-MM-DD,False,384.0,False,True,False,True
3696,2470,Czech Republic,36,2024-03-08,2470,Czech,36,2024-03-08,False,False,False,False,False,False,valid,YYYY-MM-DD,False,298.0,False,True,False,True
3697,2471,Poland,158,2023-11-06,2471,poland,158,2023/11/06,False,False,False,False,False,False,valid,YYYY-MM-DD,False,421.0,False,True,False,True
3698,2471,Czech Republic,154,2024-11-03,2471,Czech,154,2024-11-03,False,False,False,False,False,False,valid,YYYY-MM-DD,False,58.0,False,False,False,True
3699,2472,Poland,271,2024-05-20,2472,Polska,271,2024.05.20,False,False,False,False,False,False,valid,YYYY-MM-DD,False,225.0,False,True,False,True
3700,2473,Czech Republic,104,2024-05-29,2473,czechia,104,29/05/2024,False,False,False,False,False,False,valid,DD-MM-YYYY,False,216.0,False,True,False,True
3701,2474,Czech Republic,291,2024-09-17,2474,czechia,291,2024/09/17,False,False,False,False,False,False,valid,YYYY-MM-DD,False,105.0,False,True,False,True
3702,2474,Germany,353,2024-08-19,2474,GER,353,2024.08.19,False,False,False,False,False,False,valid,YYYY-MM-DD,False,134.0,False,True,False,True
3703,2475,Germany,100,2024-02-21,2475,germany,100,2024/02/21,False,False,False,False,False,False,valid,YYYY-MM-DD,False,314.0,False,True,False,True
3704,2475,Poland,438,2023-08-11,2475,poland,438,11-08-2023,False,False,False,False,False,False,valid,DD-MM-YYYY,True,508.0,False,True,False,True
3705,2476,Poland,328,2023-10-15,2476,POL,328,2023-10-15,False,False,False,False,False,False,valid,YYYY-MM-DD,False,443.0,False,True,False,True
3706,2476,Germany,112,2024-08-21,2476,DE,112,21-08-2024,False,False,False,False,False,False,valid,DD-MM-YYYY,False,132.0,False,True,False,True
3707,2477,Germany,139,2024-10-11,2477,Deutschland,139,2024-10-11,False,False,False,False,False,False,valid,YYYY-MM-DD,False,81.0,False,False,False,True
3708,2478,Czech Republic,341,2024-12-18,2478,Czech,341,2024-12-18,False,False,False,False,False,False,valid,YYYY-MM-DD,False,13.0,False,False,False,True
3709,2478,Poland,37,2024-01-23,2478,Polska,37,2024-01-23,False,False,False,False,False,False,valid,YYYY-MM-DD,False,343.0,False,True,False,True
3710,2479,Poland,18,2023-06-28,2479,POL,18,2023-06-28,False,False,False,False,False,False,valid,YYYY-MM-DD,False,552.0,False,True,False,True
3711,2480,Czech Republic,173,2023-07-04,2480,Czech,173,2023.07.04,False,False,False,False,False,False,valid,YYYY-MM-DD,False,546.0,False,True,False,True
3712,2480,Germany,372,2024-10-30,2480,Deutschland,372,2024-10-30,False,False,False,False,False,False,valid,YYYY-MM-DD,False,62.0,False,False,False,True
3713,2481,Poland,263,2023-07-16,2481,POL,263,2023-07-16,False,False,False,False,False,False,valid,YYYY-MM-DD,False,534.0,False,True,False,True
3714,2481,Germany,131,2024-05-29,2481,GER,131,2024/05/29,False,False,False,False,False,False,valid,YYYY-MM-DD,False,216.0,False,True,False,True
3715,2482,Poland,187,2024-03-21,2482,PL,187,2024-03-21,False,False,False,False,False,False,valid,YYYY-MM-DD,False,285.0,False,True,False,True
3716,2483,Germany,313,2023-06-21,2483,germany,313,2023-06-21,False,False,False,False,False,False,valid,YYYY-MM-DD,False,559.0,False,True,False,True
3717,2483,Poland,185,2023-08-20,2483,Poland,185,2023-08-20,False,False,False,False,False,False,valid,YYYY-MM-DD,False,499.0,False,True,False,True
3718,2484,Poland,177,2024-05-09,2484,Polska,177,2024-05-09,False,False,False,False,False,False,valid,YYYY-MM-DD,False,236.0,False,True,False,True
3719,2485,Czech Republic,36,2023-11-17,2485,Czech Republic,36,2023-11-17,False,False,False,False,False,False,valid,YYYY-MM-DD,False,410.0,False,True,False,True
3720,2486,Poland,246,2024-01-30,2486,PL,246,2024/01/30,False,False,False,False,False,False,valid,YYYY-MM-DD,False,336.0,False,True,False,True
3721,2487,Czech Republic,252,2023-11-23,2487,Czech,252,2023-11-23,False,False,False,False,False,False,valid,YYYY-MM-DD,False,404.0,False,True,False,True
3722,2488,Poland,176,2024-03-23,2488,Polska,176,2024-03-23,False,False,False,False,False,False,valid,YYYY-MM-DD,False,283.0,False,True,False,True
3723,2489,Czech Republic,0,2024-07-13,2489,Czechia,0,2024-07-13,False,False,False,False,True,False,valid,YYYY-MM-DD,False,171.0,False,True,False,True
3724,2489,Germany,253,2024-02-12,2489,Deutschland,253,2024-02-12,False,False,False,False,False,False,valid,YYYY-MM-DD,False,323.0,False,True,False,True
3725,2490,Germany,337,2023-05-26,2490,Germany,337,2023/05/26,False,False,False,False,False,False,valid,YYYY-MM-DD,False,585.0,False,True,False,True
3726,2490,Poland,314,2024-02-08,2490,PL,314,2024-02-08,False,False,False,False,False,False,valid,YYYY-MM-DD,False,327.0,False,True,False,True
3727,2491,Czech Republic,335,2024-05-24,2491,Czechia,335,2024.05.24,False,False,False,False,False,False,valid,YYYY-MM-DD,False,221.0,False,True,False,True
3728,2491,Poland,0,2024-11-25,2491,Polska,0,2024/11/25,False,False,False,False,True,False,valid,YYYY-MM-DD,False,36.0,False,False,False,True
3729,2492,Germany,368,2024-03-14,2492,Germany,368,2024-03-14,False,False,False,False,False,False,valid,YYYY-MM-DD,False,292.0,False,True,False,True
3730,2493,Germany,290,2023-08-14,2493,germany,290,2023-08-14,False,False,False,False,False,False,valid,YYYY-MM-DD,False,505.0,False,True,False,True
3731,2493,Czech Republic,207,2024-05-27,2493,CZ,207,2024/05/27,False,False,False,False,False,False,valid,YYYY-MM-DD,False,218.0,False,True,False,True
3732,2494,Czech Republic,243,2024-07-30,2494,czechia,243,2024/07/30,False,False,False,False,False,False,valid,YYYY-MM-DD,False,154.0,False,True,False,True
3733,2495,Poland,329,2024-11-07,2495,Polska,329,2024/11/07,False,False,False,False,False,False,valid,YYYY-MM-DD,False,54.0,False,False,False,True
3734,2495,Germany,206,2023-05-15,2495,Germany,206,2023-05-15,False,False,False,False,False,False,valid,YYYY-MM-DD,False,596.0,False,True,False,True
3735,2496,Poland,0,2024-10-25,2496,poland,0,2024.10.25,False,False,False,False,True,False,valid,YYYY-MM-DD,False,67.0,False,False,False,True
3736,2496,Germany,222,2024-11-20,2496,germany,222,2024-11-20,False,False,False,False,False,False,valid,YYYY-MM-DD,False,41.0,False,False,False,True
3737,2497,Czech Republic,278,2023-09-28,2497,czechia,278,2023/09/28,False,False,False,False,False,False,valid,YYYY-MM-DD,False,460.0,False,True,False,True
3738,2498,Czech Republic,389,2023-08-13,2498,Czech,389,2023-08-13,False,False,False,False,False,False,valid,YYYY-MM-DD,False,506.0,False,True,False,True
3739,2499,Czech Republic,504,2024-05-20,2499,Czech Republic,504,2024-05-20,False,False,False,False,False,False,valid,YYYY-MM-DD,False,225.0,False,True,False,True
3740,2500,Germany,91,2024-09-11,2500,germany,91,2024-09-11,False,False,False,False,False,False,valid,YYYY-MM-DD,False,111.0,False,True,False,True
3741,2500,Poland,100,2024-02-07,2500,Polska,100,2024-02-07,False,False,False,False,False,False,valid,YYYY-MM-DD,False,328.0,False,True,False,True
