_source_row,product_id,category,sub_category,base_price,launch_date,product_id_raw,category_raw,sub_category_raw,base_price_raw,launch_date_raw,category_unrecognized_flag,category_missing_flag,sub_category_unrecognized_flag,sub_category_missing_flag,base_price_invalid_format_flag,base_price_non_positive_flag,launch_date_status,launch_date_format,launch_date_ambiguous_flag
1,1,Women,Activewear,163.08,2015-06-02,1,Women,Activewear,163.08,2015-06-02,False,False,False,False,False,False,valid,YYYY-MM-DD,False
2,2,Shoes,Sneakers,194.81,2018-07-29,2,Shoes,Sneakers,194.81,2018-07-29,False,False,False,False,False,False,valid,YYYY-MM-DD,False
3,3,Shoes,Sandals,262.29,2018-11-14,3,Shoes,Sandals,262.29,14-11-2018,False,False,False,False,False,False,valid,DD-MM-YYYY,False
4,4,Kids,Tops,108.43,2017-10-06,4,Kids,Tops,108.43,2017-10-06,False,False,False,False,False,False,valid,YYYY-MM-DD,False
5,5,Kids,Tops,77.96,2017-05-31,5,Kids,Tops,77.96,31-05-2017,False,False,False,False,False,False,valid,DD-MM-YYYY,False
6,6,Accessories,Bags,107.91,2020-01-13,6,Accessories,Bags,107.91,2020-01-13,False,False,False,False,False,False,valid,YYYY-MM-DD,False
7,7,Women,Jeans,204.35,2018-10-09,7,Women,Jeans,204.35,2018-10-09,False,False,False,False,False,False,valid,YYYY-MM-DD,False
8,8,Shoes,Sandals,174.48,2017-12-11,8,Shoes,Sandals,174.48,2017-12-11,False,False,False,False,False,False,valid,YYYY-MM-DD,False
9,9,Men,Outerwear,143.58,2019-02-17,9,Men,Outerwear,143.58,2019/02/17,False,False,False,False,False,False,valid,YYYY-MM-DD,False
10,10,Women,Dresses,184.03,2018-06-09,10,Women,Dresses,184.03,2018-06-09,False,False,False,False,False,False,valid,YYYY-MM-DD,False
11,11,Kids,Tops,112.41,2017-04-15,11,Kids,Tops,112.41,2017-04-15,False,False,False,False,False,False,valid,YYYY-MM-DD,False
12,12,Accessories,Jewelry,101.86,2019-07-12,12,Accessories,Jewelry,101.86,12-07-2019,False,False,False,False,False,False,valid,DD-MM-YYYY,True
13,13,Shoes,Loafers,118.67,2024-06-04,13,Shoes,Loafers,118.67,04-06-2024,False,False,False,False,False,False,valid,DD-MM-YYYY,True
14,14,Shoes,Sandals,114.59,2020-01-22,14,Shoes,Sandals,114.59,2020-01-22,False,False,False,False,False,False,valid,YYYY-MM-DD,False
15,15,Shoes,Sneakers,150.73,2020-12-22,15,Shoes,Sneakers,150.73,2020.12.22,False,False,False,False,False,False,valid,YYYY-MM-DD,False
16,16,Shoes,Loafers,147.78,2024-11-04,16,Shoes,Loafers,147.78,2024-11-04,False,False,False,False,False,False,valid,YYYY-MM-DD,False
17,17,Kids,Sleepwear,86.52,2021-02-19,17,Kids,Sleepwear,86.52,2021/02/19,False,False,False,False,False,False,valid,YYYY-MM-DD,False
18,18,Women,Outerwear,126.5,2017-03-26,18,Women,Outerwear,126.5,2017/03/26,False,False,False,False,False,False,valid,YYYY-MM-DD,False
19,19,Accessories,Bags,98.92,2018-12-26,19,Accessories,Bags,98.92,2018-12-26,False,False,False,False,False,False,valid,YYYY-MM-DD,False
20,20,Kids,Shoes,72.58,2019-11-18,20,Kids,Shoes,72.58,2019-11-18,False,False,False,False,False,False,valid,YYYY-MM-DD,False
21,21,Kids,Outerwear,80.09,2019-10-01,21,Kids,Outerwear,80.09,2019-10-01,False,False,False,False,False,False,valid,YYYY-MM-DD,False
22,22,Men,Shirts,212.9,2016-06-30,22,Men,Shirts,212.9,2016-06-30,False,False,False,False,False,False,valid,YYYY-MM-DD,False
23,23,Women,Tops,209.79,2016-01-22,23,Women,Tops,209.79,2016-01-22,False,False,False,False,False,False,valid,YYYY-MM-DD,False
24,24,Accessories,Hats,120.48,2018-07-02,24,Accessories,Hats,120.48,02-07-2018,False,False,False,False,False,False,valid,DD-MM-YYYY,True
25,25,Shoes,Sneakers,194.64,2024-02-22,25,Shoes,Sneakers,194.64,2024-02-22,False,False,False,False,False,False,valid,YYYY-MM-DD,False
26,26,Shoes,Boots,196.17,2022-03-05,26,Shoes,Boots,196.17,2022-03-05,False,False,False,False,False,False,valid,YYYY-MM-DD,False
27,27,Kids,Outerwear,97.37,2023-06-02,27,Kids,Outerwear,97.37,02-06-2023,False,False,False,False,False,False,valid,DD-MM-YYYY,True
28,28,Accessories,Jewelry,137.53,2016-09-29,28,Accessories,Jewelry,137.53,29/09/2016,False,False,False,False,False,False,valid,DD-MM-YYYY,False
29,29,Kids,Tops,69.58,2019-02-22,29,Kids,Tops,69.58,2019-02-22,False,False,False,False,False,False,valid,YYYY-MM-DD,False
30,30,Kids,Outerwear,90.82,2020-10-24,30,Kids,Outerwear,90.82,2020-10-24,False,False,False,False,False,False,valid,YYYY-MM-DD,False
31,31,Kids,Shoes,44.29,2019-05-06,31,Kids,Shoes,44.29,2019-05-06,False,False,False,False,False,False,valid,YYYY-MM-DD,False
32,32,Men,Suits,168.47,2019-03-03,32,Men,Suits,168.47,2019/03/03,False,False,False,False,False,False,valid,YYYY-MM-DD,False
33,33,Women,Lingerie,214.3,2018-08-07,33,Women,Lingerie,214.3,2018/08/07,False,False,False,False,False,False,valid,YYYY-MM-DD,False
34,34,Kids,Tops,83.7,2015-07-08,34,Kids,Tops,83.7,2015-07-08,False,False,False,False,False,False,valid,YYYY-MM-DD,False
35,35,Accessories,Jewelry,174.5,2023-07-29,35,Accessories,Jewelry,174.5,2023-07-29,False,False,False,False,False,False,valid,YYYY-MM-DD,False
36,36,Women,Lingerie,140.34,2024-05-01,36,Women,Lingerie,140.34,01/05/2024,False,False,False,False,False,False,valid,DD-MM-YYYY,True
37,37,Accessories,Belts,126.52,2015-10-23,37,Accessories,Belts,126.52,2015-10-23,False,False,False,False,False,False,valid,YYYY-MM-DD,False
38,38,Accessories,Hats,118.93,2019-02-19,38,Accessories,Hats,118.93,2019-02-19,False,False,False,False,False,False,valid,YYYY-MM-DD,False
39,39,Men,Activewear,155.99,2020-03-06,39,Men,Activewear,155.99,2020/03/06,False,False,False,False,False,False,valid,YYYY-MM-DD,False
40,40,Shoes,Heels,213.71,2022-11-03,40,Shoes,Heels,213.71,03-11-2022,False,False,False,False,False,False,valid,DD-MM-YYYY,True
41,41,Women,Tops,184.82,2024-11-13,41,Women,Tops,184.82,2024-11-13,False,False,False,False,False,False,valid,YYYY-MM-DD,False
42,42,Shoes,Loafers,266.64,2019-03-01,42,Shoes,Loafers,266.64,2019-03-01,False,False,False,False,False,False,valid,YYYY-MM-DD,False
43,43,Shoes,Loafers,295.78,2022-06-28,43,Shoes,Loafers,295.78,2022-06-28,False,False,False,False,False,False,valid,YYYY-MM-DD,False
44,44,Men,Outerwear,159.91,2024-05-17,44,Men,Outerwear,159.91,2024-05-17,False,False,False,False,False,False,valid,YYYY-MM-DD,False
45,45,Women,Activewear,216.69,2023-04-22,45,Women,Activewear,216.69,22/04/2023,False,False,False,False,False,False,valid,DD-MM-YYYY,False
46,46,Accessories,Belts,98.95,2017-11-27,46,Accessories,Belts,98.95,2017/11/27,False,False,False,False,False,False,valid,YYYY-MM-DD,False
47,47,Kids,Sleepwear,107.23,2023-03-06,47,Kids,Sleepwear,107.23,2023-03-06,False,False,False,False,False,False,valid,YYYY-MM-DD,False
48,48,Accessories,Hats,97.14,2019-02-14,48,Accessories,Hats,97.14,2019-02-14,False,False,False,False,False,False,valid,YYYY-MM-DD,False
49,49,Shoes,Heels,279.99,2015-03-06,49,Shoes,Heels,279.99,2015-03-06,False,False,False,False,False,False,valid,YYYY-MM-DD,False
50,50,Shoes,Sneakers,341.59,2022-08-04,50,Shoes,Sneakers,341.59,2022-08-04,False,False,False,False,False,False,valid,YYYY-MM-DD,False
51,51,Shoes,Sandals,213.29,2023-05-10,51,Shoes,Sandals,213.29,10-05-2023,False,False,False,False,False,False,valid,DD-MM-YYYY,True
52,52,Women,Tops,81.34,2018-06-09,52,Women,Tops,81.34,2018-06-09,False,False,False,False,False,False,valid,YYYY-MM-DD,False
53,53,Men,Jeans,138.08,2019-07-06,53,Men,Jeans,138.08,2019/07/06,False,False,False,False,False,False,valid,YYYY-MM-DD,False
54,54,Kids,Tops,117.72,2018-08-23,54,Kids,Tops,117.72,2018-08-23,False,False,False,False,False,False,valid,YYYY-MM-DD,False
55,55,Kids,Shoes,102.44,,55,Kids,Shoes,102.44,,False,False,False,False,False,False,missing,missing,False
56,56,Women,Dresses,191.2,2024-12-13,56,Women,Dresses,191.2,2024-12-13,False,False,False,False,False,False,valid,YYYY-MM-DD,False
57,57,Kids,Sleepwear,112.7,2015-03-24,57,Kids,Sleepwear,112.7,2015-03-24,False,False,False,False,False,False,valid,YYYY-MM-DD,False
58,58,Women,Lingerie,201.8,2020-07-22,58,Women,Lingerie,201.8,2020-07-22,False,False,False,False,False,False,valid,YYYY-MM-DD,False
59,59,Shoes,Sneakers,286.97,2015-02-24,59,Shoes,Sneakers,286.97,2015.02.24,False,False,False,False,False,False,valid,YYYY-MM-DD,False
60,60,Shoes,Heels,270.57,2021-11-23,60,Shoes,Heels,270.57,2021-11-23,False,False,False,False,False,False,valid,YYYY-MM-DD,False
61,61,Accessories,Hats,165.65,2024-01-04,61,Accessories,Hats,165.65,2024-01-04,False,False,False,False,False,False,valid,YYYY-MM-DD,False
62,62,Shoes,Boots,239.73,2021-06-08,62,Shoes,Boots,239.73,2021-06-08,False,False,False,False,False,False,valid,YYYY-MM-DD,False
63,63,Men,Suits,196.21,2021-01-23,63,Men,Suits,196.21,2021.01.23,False,False,False,False,False,False,valid,YYYY-MM-DD,False
64,64,Accessories,Hats,110.79,2023-04-13,64,Accessories,Hats,110.79,13-04-2023,False,False,False,False,False,False,valid,DD-MM-YYYY,False
65,65,Kids,Outerwear,76.47,2024-09-28,65,Kids,Outerwear,76.47,2024-09-28,False,False,False,False,False,False,valid,YYYY-MM-DD,False
66,66,Men,Outerwear,228.27,2023-08-15,66,Men,Outerwear,228.27,2023-08-15,False,False,False,False,False,False,valid,YYYY-MM-DD,False
67,67,Accessories,Jewelry,126.49,2017-04-25,67,Accessories,Jewelry,126.49,2017/04/25,False,False,False,False,False,False,valid,YYYY-MM-DD,False
68,68,Men,Activewear,192.2,2020-08-19,68,Men,Activewear,192.2,2020-08-19,False,False,False,False,False,False,valid,YYYY-MM-DD,False
69,69,Women,Jeans,185.57,2023-03-11,69,Women,Jeans,185.57,2023-03-11,False,False,False,False,False,False,valid,YYYY-MM-DD,False
70,70,Kids,Shoes,76.8,2017-12-12,70,Kids,Shoes,76.8,2017/12/12,False,False,False,False,False,False,valid,YYYY-MM-DD,False
71,71,Shoes,Loafers,220.6,2021-10-02,71,Shoes,Loafers,220.6,2021/10/02,False,False,False,False,False,False,valid,YYYY-MM-DD,False
72,72,Women,Lingerie,244.62,2015-03-25,72,Women,Lingerie,244.62,2015/03/25,False,False,False,False,False,False,valid,YYYY-MM-DD,False
73,73,Kids,Sleepwear,102.49,2023-10-10,73,Kids,Sleepwear,102.49,2023/10/10,False,False,False,False,False,False,valid,YYYY-MM-DD,False
74,74,Women,Jeans,102.98,2021-02-22,74,Women,Jeans,102.98,2021-02-22,False,False,False,False,False,False,valid,YYYY-MM-DD,False
75,75,Shoes,Sandals,208.16,2022-06-07,75,Shoes,Sandals,208.16,07-06-2022,False,False,False,False,False,False,valid,DD-MM-YYYY,True
76,76,Kids,Bottoms,130.1,2023-04-04,76,Kids,Bottoms,130.1,2023/04/04,False,False,False,False,False,False,valid,YYYY-MM-DD,False
77,77,Men,Jeans,151.45,2017-03-10,77,Men,Jeans,151.45,10-03-2017,False,False,False,False,False,False,valid,DD-MM-YYYY,True
78,78,Men,Outerwear,87.98,2019-07-04,78,Men,Outerwear,87.98,2019/07/04,False,False,False,False,False,False,valid,YYYY-MM-DD,False
79,79,Kids,Shoes,132.59,2023-08-03,79,Kids,Shoes,132.59,2023-08-03,False,False,False,False,False,False,valid,YYYY-MM-DD,False
80,80,Shoes,Heels,257.53,2016-08-24,80,Shoes,Heels,257.53,2016-08-24,False,False,False,False,False,False,valid,YYYY-MM-DD,False
81,81,Accessories,Belts,117.9,2023-03-24,81,Accessories,Belts,117.9,2023-03-24,False,False,False,False,False,False,valid,YYYY-MM-DD,False
82,82,Kids,Outerwear,81.64,2017-11-18,82,Kids,Outerwear,81.64,2017-11-18,False,False,False,False,False,False,valid,YYYY-MM-DD,False
83,83,Women,Tops,228.71,2020-10-03,83,Women,Tops,228.71,2020-10-03,False,False,False,False,False,False,valid,YYYY-MM-DD,False
84,84,Accessories,Scarves,103.74,2020-02-06,84,Accessories,Scarves,103.74,2020/02/06,False,False,False,False,False,False,valid,YYYY-MM-DD,False
85,85,Shoes,Boots,283.15,2021-11-12,85,Shoes,Boots,283.15,12-11-2021,False,False,False,False,False,False,valid,DD-MM-YYYY,True
86,86,Shoes,Heels,249.82,2023-05-15,86,Shoes,Heels,249.82,2023/05/15,False,False,False,False,False,False,valid,YYYY-MM-DD,False
87,87,Women,Jeans,191.01,,87,Women,Jeans,191.01,,False,False,False,False,False,False,missing,missing,False
88,88,Men,Jeans,165.82,2016-09-19,88,Men,Jeans,165.82,2016-09-19,False,False,False,False,False,False,valid,YYYY-MM-DD,False
89,89,Shoes,Loafers,210.38,2019-03-25,89,Shoes,Loafers,210.38,25-03-2019,False,False,False,False,False,False,valid,DD-MM-YYYY,False
90,90,Accessories,Belts,151.37,2021-02-14,90,Accessories,Belts,151.37,14-02-2021,False,False,False,False,False,False,valid,DD-MM-YYYY,False
91,91,Kids,Tops,70.53,,91,Kids,Tops,70.53,,False,False,False,False,False,False,missing,missing,False
92,92,Accessories,Belts,71.34,2022-07-15,92,Accessories,Belts,71.34,2022-07-15,False,False,False,False,False,False,valid,YYYY-MM-DD,False
93,93,Accessories,Hats,138.43,2018-05-26,93,Accessories,Hats,138.43,2018-05-26,False,False,False,False,False,False,valid,YYYY-MM-DD,False
94,94,Men,Shirts,185.25,2024-05-12,94,Men,Shirts,185.25,2024-05-12,False,False,False,False,False,False,valid,YYYY-MM-DD,False
95,95,Accessories,Belts,134.41,2015-10-31,95,Accessories,Belts,134.41,31-10-2015,False,False,False,False,False,False,valid,DD-MM-YYYY,False
96,96,Men,Shirts,176.31,2016-03-02,96,Men,Shirts,176.31,2016-03-02,False,False,False,False,False,False,valid,YYYY-MM-DD,False
97,97,Men,Activewear,147.18,2015-04-01,97,Men,Activewear,147.18,2015-04-01,False,False,False,False,False,False,valid,YYYY-MM-DD,False
98,98,Shoes,Sandals,263.31,2024-04-07,98,Shoes,Sandals,263.31,2024-04-07,False,False,False,False,False,False,valid,YYYY-MM-DD,False
99,99,Shoes,Loafers,217.49,2016-10-19,99,Shoes,Loafers,217.49,2016-10-19,False,False,False,False,False,False,valid,YYYY-MM-DD,False
100,100,Women,Jeans,158.08,2021-01-06,100,Women,Jeans,158.08,2021/01/06,False,False,False,False,False,False,valid,YYYY-MM-DD,False
101,101,Accessories,Jewelry,110.64,2023-02-17,101,Accessories,Jewelry,110.64,2023-02-17,False,False,False,False,False,False,valid,YYYY-MM-DD,False
102,102,Women,Tops,270.93,2022-09-01,102,Women,Tops,270.93,2022/09/01,False,False,False,False,False,False,valid,YYYY-MM-DD,False
103,103,Accessories,Scarves,67.95,2024-06-28,103,Accessories,Scarves,67.95,2024-06-28,False,False,False,False,False,False,valid,YYYY-MM-DD,False
104,104,Women,Outerwear,202.49,2015-07-16,104,Women,Outerwear,202.49,2015-07-16,False,False,False,False,False,False,valid,YYYY-MM-DD,False
105,105,Shoes,Sandals,127.65,2019-01-27,105,Shoes,Sandals,127.65,2019-01-27,False,False,False,False,False,False,valid,YYYY-MM-DD,False
106,106,Shoes,Sandals,214.05,,106,Shoes,Sandals,214.05,2020-01,False,False,False,False,False,False,partial_month,YYYY-MM,False
107,107,Shoes,Heels,196.15,2021-12-18,107,Shoes,Heels,196.15,2021-12-18,False,False,False,False,False,False,valid,YYYY-MM-DD,False
108,108,Shoes,Boots,105.32,2021-03-24,108,Shoes,Boots,105.32,2021-03-24,False,False,False,False,False,False,valid,YYYY-MM-DD,False
109,109,Kids,Outerwear,98.75,,109,Kids,Outerwear,98.75,,False,False,False,False,False,False,missing,missing,False
110,110,Shoes,Loafers,199.1,2018-01-25,110,Shoes,Loafers,199.1,2018-01-25,False,False,False,False,False,False,valid,YYYY-MM-DD,False
111,111,Men,T-Shirts,76.03,2016-01-24,111,Men,T-Shirts,76.03,2016-01-24,False,False,False,False,False,False,valid,YYYY-MM-DD,False
112,112,Shoes,Loafers,266.18,2019-04-26,112,Shoes,Loafers,266.18,2019-04-26,False,False,False,False,False,False,valid,YYYY-MM-DD,False
113,113,Kids,Tops,122.29,2017-08-06,113,Kids,Tops,122.29,2017/08/06,False,False,False,False,False,False,valid,YYYY-MM-DD,False
114,114,Kids,Outerwear,123.53,2020-07-17,114,Kids,Outerwear,123.53,2020-07-17,False,False,False,False,False,False,valid,YYYY-MM-DD,False
115,115,Kids,Tops,98.08,2022-12-21,115,Kids,Tops,98.08,2022-12-21,False,False,False,False,False,False,valid,YYYY-MM-DD,False
116,116,Kids,Sleepwear,91.04,2020-07-11,116,Kids,Sleepwear,91.04,11-07-2020,False,False,False,False,False,False,valid,DD-MM-YYYY,True
117,117,Women,Lingerie,239.77,2020-10-30,117,Women,Lingerie,239.77,2020-10-30,False,False,False,False,False,False,valid,YYYY-MM-DD,False
118,118,Women,Dresses,255.71,2015-06-02,118,Women,Dresses,255.71,2015-06-02,False,False,False,False,False,False,valid,YYYY-MM-DD,False
119,119,Men,Activewear,205.34,2021-06-12,119,Men,Activewear,205.34,2021-06-12,False,False,False,False,False,False,valid,YYYY-MM-DD,False
120,120,Women,Lingerie,137.63,2019-05-25,120,Women,Lingerie,137.63,2019-05-25,False,False,False,False,False,False,valid,YYYY-MM-DD,False
121,121,Kids,Shoes,94.53,2016-03-27,121,Kids,Shoes,94.53,2016-03-27,False,False,False,False,False,False,valid,YYYY-MM-DD,False
122,122,Shoes,Boots,244.17,2017-02-20,122,Shoes,Boots,244.17,2017-02-20,False,False,False,False,False,False,valid,YYYY-MM-DD,False
123,123,Shoes,Sneakers,120.47,2022-10-23,123,Shoes,Sneakers,120.47,2022-10-23,False,False,False,False,False,False,valid,YYYY-MM-DD,False
124,124,Kids,Shoes,100.56,2024-03-02,124,Kids,Shoes,100.56,2024-03-02,False,False,False,False,False,False,valid,YYYY-MM-DD,False
125,125,Accessories,Jewelry,188.19,2020-01-29,125,Accessories,Jewelry,188.19,2020.01.29,False,False,False,False,False,False,valid,YYYY-MM-DD,False
126,126,Kids,Outerwear,104.4,2024-10-07,126,Kids,Outerwear,104.4,2024/10/07,False,False,False,False,False,False,valid,YYYY-MM-DD,False
127,127,Women,Lingerie,246.3,2016-10-19,127,Women,Lingerie,246.3,2016-10-19,False,False,False,False,False,False,valid,YYYY-MM-DD,False
128,128,Shoes,Sneakers,230.06,2017-12-30,128,Shoes,Sneakers,230.06,30-12-2017,False,False,False,False,False,False,valid,DD-MM-YYYY,False
129,129,Kids,Sleepwear,88.35,2024-04-20,129,Kids,Sleepwear,88.35,2024-04-20,False,False,False,False,False,False,valid,YYYY-MM-DD,False
130,130,Shoes,Sneakers,240.97,2016-10-01,130,Shoes,Sneakers,240.97,2016/10/01,False,False,False,False,False,False,valid,YYYY-MM-DD,False
131,131,Kids,Shoes,71.64,2021-08-05,131,Kids,Shoes,71.64,2021/08/05,False,False,False,False,False,False,valid,YYYY-MM-DD,False
132,132,Kids,Sleepwear,68.32,2017-03-12,132,Kids,Sleepwear,68.32,2017/03/12,False,False,False,False,False,False,valid,YYYY-MM-DD,False
133,133,Women,Lingerie,236.98,2018-04-24,133,Women,Lingerie,236.98,2018.04.24,False,False,False,False,False,False,valid,YYYY-MM-DD,False
134,134,Kids,Outerwear,120.88,2019-10-12,134,Kids,Outerwear,120.88,2019/10/12,False,False,False,False,False,False,valid,YYYY-MM-DD,False
135,135,Shoes,Sneakers,165.49,2018-08-08,135,Shoes,Sneakers,165.49,2018-08-08,False,False,False,False,False,False,valid,YYYY-MM-DD,False
136,136,Men,Shirts,198.72,2023-09-30,136,Men,Shirts,198.72,2023-09-30,False,False,False,False,False,False,valid,YYYY-MM-DD,False
137,137,Shoes,Boots,215.22,,137,Shoes,Boots,215.22,,False,False,False,False,False,False,missing,missing,False
138,138,Women,Activewear,195.29,2020-01-01,138,Women,Activewear,195.29,01-01-2020,False,False,False,False,False,False,valid,DD-MM-YYYY,True
139,139,Men,Shirts,178.41,2020-04-02,139,Men,Shirts,178.41,2020-04-02,False,False,False,False,False,False,valid,YYYY-MM-DD,False
140,140,Kids,Shoes,112.37,2015-07-22,140,Kids,Shoes,112.37,2015-07-22,False,False,False,False,False,False,valid,YYYY-MM-DD,False
141,141,Accessories,Belts,122.48,,141,Accessories,Belts,122.48,2017-05,False,False,False,False,False,False,partial_month,YYYY-MM,False
142,142,Men,Outerwear,216.41,2015-05-26,142,Men,Outerwear,216.41,2015-05-26,False,False,False,False,False,False,valid,YYYY-MM-DD,False
143,143,Men,Jeans,172.38,2023-07-27,143,Men,Jeans,172.38,2023-07-27,False,False,False,False,False,False,valid,YYYY-MM-DD,False
144,144,Kids,Outerwear,104.04,2017-04-10,144,Kids,Outerwear,104.04,2017-04-10,False,False,False,False,False,False,valid,YYYY-MM-DD,False
145,145,Accessories,Hats,95.0,2018-05-29,145,Accessories,Hats,95.0,2018-05-29,False,False,False,False,False,False,valid,YYYY-MM-DD,False
146,146,Accessories,Bags,184.76,2023-06-06,146,Accessories,Bags,184.76,2023/06/06,False,False,False,False,False,False,valid,YYYY-MM-DD,False
147,147,Women,Outerwear,201.14,2022-02-18,147,Women,Outerwear,201.14,18-02-2022,False,False,False,False,False,False,valid,DD-MM-YYYY,False
148,148,Men,Suits,188.52,2021-03-20,148,Men,Suits,188.52,2021-03-20,False,False,False,False,False,False,valid,YYYY-MM-DD,False
149,149,Accessories,Jewelry,71.75,,149,Accessories,Jewelry,71.75,,False,False,False,False,False,False,missing,missing,False
150,150,Women,Tops,142.98,2020-08-18,150,Women,Tops,142.98,2020-08-18,False,False,False,False,False,False,valid,YYYY-MM-DD,False
151,151,Accessories,Jewelry,157.14,2020-08-10,151,Accessories,Jewelry,157.14,2020-08-10,False,False,False,False,False,False,valid,YYYY-MM-DD,False
152,152,Men,T-Shirts,171.48,2018-03-11,152,Men,T-Shirts,171.48,2018-03-11,False,False,False,False,False,False,valid,YYYY-MM-DD,False
153,153,Accessories,Jewelry,62.59,2022-06-14,153,Accessories,Jewelry,62.59,14-06-2022,False,False,False,False,False,False,valid,DD-MM-YYYY,False
154,154,Men,Outerwear,201.53,2024-04-18,154,Men,Outerwear,201.53,2024-04-18,False,False,False,False,False,False,valid,YYYY-MM-DD,False
155,155,Kids,Shoes,77.76,2017-08-04,155,Kids,Shoes,77.76,2017-08-04,False,False,False,False,False,False,valid,YYYY-MM-DD,False
156,156,Shoes,Heels,297.62,,156,Shoes,Heels,297.62,,False,False,False,False,False,False,missing,missing,False
157,157,Women,Dresses,176.05,2018-03-23,157,Women,Dresses,176.05,2018-03-23,False,False,False,False,False,False,valid,YYYY-MM-DD,False
158,158,Kids,Bottoms,94.61,2023-05-09,158,Kids,Bottoms,94.61,2023/05/09,False,False,False,False,False,False,valid,YYYY-MM-DD,False
159,159,Kids,Sleepwear,116.53,2015-10-12,159,Kids,Sleepwear,116.53,2015-10-12,False,False,False,False,False,False,valid,YYYY-MM-DD,False
160,160,Shoes,Sneakers,170.64,2023-12-17,160,Shoes,Sneakers,170.64,2023/12/17,False,False,False,False,False,False,valid,YYYY-MM-DD,False
161,161,Accessories,Hats,90.21,2022-10-02,161,Accessories,Hats,90.21,02-10-2022,False,False,False,False,False,False,valid,DD-MM-YYYY,True
162,162,Shoes,Sandals,209.19,2019-11-01,162,Shoes,Sandals,209.19,01-11-2019,False,False,False,False,False,False,valid,DD-MM-YYYY,True
163,163,Kids,Tops,108.61,2020-11-01,163,Kids,Tops,108.61,2020-11-01,False,False,False,False,False,False,valid,YYYY-MM-DD,False
164,164,Kids,Outerwear,60.06,2023-12-11,164,Kids,Outerwear,60.06,11-12-2023,False,False,False,False,False,False,valid,DD-MM-YYYY,True
165,165,Kids,Bottoms,52.47,2022-09-13,165,Kids,Bottoms,52.47,2022-09-13,False,False,False,False,False,False,valid,YYYY-MM-DD,False
166,166,Accessories,Hats,144.71,2017-10-08,166,Accessories,Hats,144.71,2017-10-08,False,False,False,False,False,False,valid,YYYY-MM-DD,False
167,167,Men,Jeans,135.88,2015-07-04,167,Men,Jeans,135.88,2015/07/04,False,False,False,False,False,False,valid,YYYY-MM-DD,False
168,168,Women,Lingerie,162.35,2021-08-02,168,Women,Lingerie,162.35,2021-08-02,False,False,False,False,False,False,valid,YYYY-MM-DD,False
169,169,Men,Shirts,85.73,,169,Men,Shirts,85.73,,False,False,False,False,False,False,missing,missing,False
170,170,Women,Lingerie,149.45,2015-11-18,170,Women,Lingerie,149.45,2015-11-18,False,False,False,False,False,False,valid,YYYY-MM-DD,False
171,171,Women,Activewear,179.66,2024-10-28,171,Women,Activewear,179.66,28/10/2024,False,False,False,False,False,False,valid,DD-MM-YYYY,False
172,172,Women,Lingerie,221.87,2019-09-28,172,Women,Lingerie,221.87,2019-09-28,False,False,False,False,False,False,valid,YYYY-MM-DD,False
173,173,Shoes,Loafers,177.58,2021-07-05,173,Shoes,Loafers,177.58,2021-07-05,False,False,False,False,False,False,valid,YYYY-MM-DD,False
174,174,Shoes,Sneakers,311.16,2017-03-04,174,Shoes,Sneakers,311.16,2017.03.04,False,False,False,False,False,False,valid,YYYY-MM-DD,False
175,175,Shoes,Loafers,182.35,2016-01-07,175,Shoes,Loafers,182.35,2016-01-07,False,False,False,False,False,False,valid,YYYY-MM-DD,False
176,176,Kids,Outerwear,74.63,2015-08-18,176,Kids,Outerwear,74.63,18-08-2015,False,False,False,False,False,False,valid,DD-MM-YYYY,False
177,177,Shoes,Loafers,304.55,2018-07-18,177,Shoes,Loafers,304.55,18-07-2018,False,False,False,False,False,False,valid,DD-MM-YYYY,False
178,178,Women,Lingerie,189.52,2015-01-14,178,Women,Lingerie,189.52,2015/01/14,False,False,False,False,False,False,valid,YYYY-MM-DD,False
179,179,Accessories,Hats,103.44,2019-03-15,179,Accessories,Hats,103.44,2019-03-15,False,False,False,False,False,False,valid,YYYY-MM-DD,False
180,180,Kids,Bottoms,86.51,2018-04-01,180,Kids,Bottoms,86.51,01-04-2018,False,False,False,False,False,False,valid,DD-MM-YYYY,True
181,181,Accessories,Bags,160.59,2020-04-08,181,Accessories,Bags,160.59,2020-04-08,False,False,False,False,False,False,valid,YYYY-MM-DD,False
182,182,Women,Dresses,245.98,2020-11-23,182,Women,Dresses,245.98,2020-11-23,False,False,False,False,False,False,valid,YYYY-MM-DD,False
183,183,Kids,Bottoms,71.62,2018-01-31,183,Kids,Bottoms,71.62,2018-01-31,False,False,False,False,False,False,valid,YYYY-MM-DD,False
184,184,Shoes,Loafers,217.67,2019-07-21,184,Shoes,Loafers,217.67,21-07-2019,False,False,False,False,False,False,valid,DD-MM-YYYY,False
185,185,Kids,Outerwear,92.03,2015-10-13,185,Kids,Outerwear,92.03,2015-10-13,False,False,False,False,False,False,valid,YYYY-MM-DD,False
186,186,Kids,Outerwear,67.81,2018-01-07,186,Kids,Outerwear,67.81,07-01-2018,False,False,False,False,False,False,valid,DD-MM-YYYY,True
187,187,Women,Tops,177.49,2024-10-13,187,Women,Tops,177.49,13-10-2024,False,False,False,False,False,False,valid,DD-MM-YYYY,False
188,188,Men,Activewear,160.21,2024-11-29,188,Men,Activewear,160.21,2024-11-29,False,False,False,False,False,False,valid,YYYY-MM-DD,False
189,189,Men,Activewear,205.61,2019-11-10,189,Men,Activewear,205.61,10-11-2019,False,False,False,False,False,False,valid,DD-MM-YYYY,True
190,190,Men,T-Shirts,208.3,2024-05-25,190,Men,T-Shirts,208.3,2024-05-25,False,False,False,False,False,False,valid,YYYY-MM-DD,False
191,191,Shoes,Sandals,201.89,2020-01-06,191,Shoes,Sandals,201.89,2020-01-06,False,False,False,False,False,False,valid,YYYY-MM-DD,False
192,192,Shoes,Sandals,208.23,2016-04-04,192,Shoes,Sandals,208.23,04-04-2016,False,False,False,False,False,False,valid,DD-MM-YYYY,True
193,193,Shoes,Loafers,256.54,2023-09-06,193,Shoes,Loafers,256.54,2023-09-06,False,False,False,False,False,False,valid,YYYY-MM-DD,False
194,194,Men,Outerwear,136.59,2019-02-25,194,Men,Outerwear,136.59,2019-02-25,False,False,False,False,False,False,valid,YYYY-MM-DD,False
195,195,Accessories,Jewelry,137.66,2021-02-15,195,Accessories,Jewelry,137.66,2021-02-15,False,False,False,False,False,False,valid,YYYY-MM-DD,False
196,196,Women,Jeans,176.04,2021-06-28,196,Women,Jeans,176.04,2021/06/28,False,False,False,False,False,False,valid,YYYY-MM-DD,False
197,197,Men,Shirts,121.22,2018-01-30,197,Men,Shirts,121.22,2018-01-30,False,False,False,False,False,False,valid,YYYY-MM-DD,False
198,198,Women,Jeans,136.94,2022-05-03,198,Women,Jeans,136.94,2022-05-03,False,False,False,False,False,False,valid,YYYY-MM-DD,False
199,199,Men,Shirts,217.88,2020-01-06,199,Men,Shirts,217.88,2020-01-06,False,False,False,False,False,False,valid,YYYY-MM-DD,False
200,200,Accessories,Bags,115.31,2018-08-31,200,Accessories,Bags,115.31,2018-08-31,False,False,False,False,False,False,valid,YYYY-MM-DD,False
201,201,Men,T-Shirts,225.61,2017-12-24,201,Men,T-Shirts,225.61,24-12-2017,False,False,False,False,False,False,valid,DD-MM-YYYY,False
202,202,Accessories,Scarves,104.59,2022-06-19,202,Accessories,Scarves,104.59,2022/06/19,False,False,False,False,False,False,valid,YYYY-MM-DD,False
203,203,Kids,Bottoms,96.55,2017-06-29,203,Kids,Bottoms,96.55,29-06-2017,False,False,False,False,False,False,valid,DD-MM-YYYY,False
204,204,Shoes,Loafers,351.6,2016-03-29,204,Shoes,Loafers,351.6,29-03-2016,False,False,False,False,False,False,valid,DD-MM-YYYY,False
205,205,Kids,Tops,66.21,2023-10-27,205,Kids,Tops,66.21,2023-10-27,False,False,False,False,False,False,valid,YYYY-MM-DD,False
206,206,Men,Jeans,84.09,2018-04-27,206,Men,Jeans,84.09,2018-04-27,False,False,False,False,False,False,valid,YYYY-MM-DD,False
207,207,Shoes,Sandals,290.76,2021-05-30,207,Shoes,Sandals,290.76,2021-05-30,False,False,False,False,False,False,valid,YYYY-MM-DD,False
208,208,Accessories,Belts,95.2,2022-03-02,208,Accessories,Belts,95.2,2022-03-02,False,False,False,False,False,False,valid,YYYY-MM-DD,False
209,209,Men,Suits,159.17,2023-05-21,209,Men,Suits,159.17,2023-05-21,False,False,False,False,False,False,valid,YYYY-MM-DD,False
210,210,Shoes,Loafers,187.77,2021-04-04,210,Shoes,Loafers,187.77,2021-04-04,False,False,False,False,False,False,valid,YYYY-MM-DD,False
211,211,Men,Shirts,170.73,2022-01-30,211,Men,Shirts,170.73,2022-01-30,False,False,False,False,False,False,valid,YYYY-MM-DD,False
212,212,Shoes,Sneakers,167.72,2023-05-17,212,Shoes,Sneakers,167.72,17-05-2023,False,False,False,False,False,False,valid,DD-MM-YYYY,False
213,213,Shoes,Loafers,210.1,2024-06-08,213,Shoes,Loafers,210.1,08/06/2024,False,False,False,False,False,False,valid,DD-MM-YYYY,True
214,214,Kids,Outerwear,100.12,,214,Kids,Outerwear,100.12,,False,False,False,False,False,False,missing,missing,False
215,215,Shoes,Heels,164.54,2022-06-08,215,Shoes,Heels,164.54,08-06-2022,False,False,False,False,False,False,valid,DD-MM-YYYY,True
216,216,Men,Outerwear,132.0,2016-09-29,216,Men,Outerwear,132.0,2016-09-29,False,False,False,False,False,False,valid,YYYY-MM-DD,False
217,217,Women,Jeans,164.37,2023-11-30,217,Women,Jeans,164.37,2023-11-30,False,False,False,False,False,False,valid,YYYY-MM-DD,False
218,218,Women,Activewear,115.7,,218,Women,Activewear,115.7,,False,False,False,False,False,False,missing,missing,False
219,219,Kids,Outerwear,80.49,2017-06-20,219,Kids,Outerwear,80.49,2017-06-20,False,False,False,False,False,False,valid,YYYY-MM-DD,False
220,220,Accessories,Bags,123.56,2016-12-02,220,Accessories,Bags,123.56,2016-12-02,False,False,False,False,False,False,valid,YYYY-MM-DD,False
221,221,Women,Outerwear,162.02,2021-01-13,221,Women,Outerwear,162.02,2021/01/13,False,False,False,False,False,False,valid,YYYY-MM-DD,False
222,222,Kids,Sleepwear,83.89,,222,Kids,Sleepwear,83.89,,False,False,False,False,False,False,missing,missing,False
223,223,Shoes,Sneakers,218.91,2015-03-04,223,Shoes,Sneakers,218.91,2015/03/04,False,False,False,False,False,False,valid,YYYY-MM-DD,False
224,224,Men,Outerwear,133.77,2020-01-16,224,Men,Outerwear,133.77,2020-01-16,False,False,False,False,False,False,valid,YYYY-MM-DD,False
225,225,Shoes,Sandals,258.01,2024-09-19,225,Shoes,Sandals,258.01,19-09-2024,False,False,False,False,False,False,valid,DD-MM-YYYY,False
226,226,Men,Activewear,217.44,2020-04-13,226,Men,Activewear,217.44,2020-04-13,False,False,False,False,False,False,valid,YYYY-MM-DD,False
227,227,Accessories,Bags,106.07,2019-06-17,227,Accessories,Bags,106.07,2019-06-17,False,False,False,False,False,False,valid,YYYY-MM-DD,False
228,228,Kids,Tops,100.92,2021-07-31,228,Kids,Tops,100.92,2021.07.31,False,False,False,False,False,False,valid,YYYY-MM-DD,False
229,229,Kids,Outerwear,84.61,2020-07-08,229,Kids,Outerwear,84.61,2020-07-08,False,False,False,False,False,False,valid,YYYY-MM-DD,False
230,230,Women,Jeans,196.45,2018-11-07,230,Women,Jeans,196.45,07-11-2018,False,False,False,False,False,False,valid,DD-MM-YYYY,True
231,231,Kids,Shoes,125.23,2020-11-19,231,Kids,Shoes,125.23,19-11-2020,False,False,False,False,False,False,valid,DD-MM-YYYY,False
232,232,Accessories,Hats,135.26,2015-01-12,232,Accessories,Hats,135.26,2015-01-12,False,False,False,False,False,False,valid,YYYY-MM-DD,False
233,233,Women,Lingerie,100.2,2017-06-12,233,Women,Lingerie,100.2,2017-06-12,False,False,False,False,False,False,valid,YYYY-MM-DD,False
234,234,Shoes,Boots,244.97,2021-09-27,234,Shoes,Boots,244.97,2021-09-27,False,False,False,False,False,False,valid,YYYY-MM-DD,False
235,235,Kids,Outerwear,117.74,2018-06-01,235,Kids,Outerwear,117.74,2018-06-01,False,False,False,False,False,False,valid,YYYY-MM-DD,False
236,236,Shoes,Sneakers,207.81,2015-07-18,236,Shoes,Sneakers,207.81,2015-07-18,False,False,False,False,False,False,valid,YYYY-MM-DD,False
237,237,Shoes,Heels,274.76,2016-03-30,237,Shoes,Heels,274.76,2016-03-30,False,False,False,False,False,False,valid,YYYY-MM-DD,False
238,238,Kids,Tops,74.47,2023-08-31,238,Kids,Tops,74.47,2023/08/31,False,False,False,False,False,False,valid,YYYY-MM-DD,False
239,239,Men,Outerwear,100.58,2018-04-18,239,Men,Outerwear,100.58,2018/04/18,False,False,False,False,False,False,valid,YYYY-MM-DD,False
240,240,Shoes,Boots,227.76,2015-03-24,240,Shoes,Boots,227.76,2015-03-24,False,False,False,False,False,False,valid,YYYY-MM-DD,False
241,241,Women,Tops,100.96,2022-04-16,241,Women,Tops,100.96,2022/04/16,False,False,False,False,False,False,valid,YYYY-MM-DD,False
242,242,Kids,Tops,84.61,2020-04-21,242,Kids,Tops,84.61,2020-04-21,False,False,False,False,False,False,valid,YYYY-MM-DD,False
243,243,Women,Outerwear,237.91,2019-07-07,243,Women,Outerwear,237.91,2019/07/07,False,False,False,False,False,False,valid,YYYY-MM-DD,False
244,244,Shoes,Loafers,114.96,2023-12-14,244,Shoes,Loafers,114.96,2023/12/14,False,False,False,False,False,False,valid,YYYY-MM-DD,False
245,245,Shoes,Sneakers,149.63,2018-02-20,245,Shoes,Sneakers,149.63,2018/02/20,False,False,False,False,False,False,valid,YYYY-MM-DD,False
246,246,Women,Jeans,133.56,2020-09-22,246,Women,Jeans,133.56,2020-09-22,False,False,False,False,False,False,valid,YYYY-MM-DD,False
247,247,Shoes,Boots,216.52,2022-06-14,247,Shoes,Boots,216.52,2022-06-14,False,False,False,False,False,False,valid,YYYY-MM-DD,False
248,248,Kids,Shoes,81.77,2021-01-31,248,Kids,Shoes,81.77,2021-01-31,False,False,False,False,False,False,valid,YYYY-MM-DD,False
249,249,Shoes,Heels,296.95,2017-01-29,249,Shoes,Heels,296.95,29-01-2017,False,False,False,False,False,False,valid,DD-MM-YYYY,False
250,250,Women,Lingerie,222.95,2021-10-25,250,Women,Lingerie,222.95,2021-10-25,False,False,False,False,False,False,valid,YYYY-MM-DD,False
251,251,Women,Tops,202.29,2022-06-08,251,Women,Tops,202.29,2022-06-08,False,False,False,False,False,False,valid,YYYY-MM-DD,False
252,252,Kids,Tops,93.28,2016-03-23,252,Kids,Tops,93.28,2016-03-23,False,False,False,False,False,False,valid,YYYY-MM-DD,False
253,253,Women,Outerwear,197.7,2016-08-27,253,Women,Outerwear,197.7,2016-08-27,False,False,False,False,False,False,valid,YYYY-MM-DD,False
254,254,Men,Activewear,125.52,2021-10-01,254,Men,Activewear,125.52,2021-10-01,False,False,False,False,False,False,valid,YYYY-MM-DD,False
255,255,Shoes,Loafers,267.15,2016-03-10,255,Shoes,Loafers,267.15,2016/03/10,False,False,False,False,False,False,valid,YYYY-MM-DD,False
256,256,Women,Lingerie,129.96,2023-10-21,256,Women,Lingerie,129.96,2023-10-21,False,False,False,False,False,False,valid,YYYY-MM-DD,False
257,257,Shoes,Loafers,265.95,2016-02-05,257,Shoes,Loafers,265.95,2016/02/05,False,False,False,False,False,False,valid,YYYY-MM-DD,False
258,258,Women,Outerwear,233.38,2024-09-28,258,Women,Outerwear,233.38,2024-09-28,False,False,False,False,False,False,valid,YYYY-MM-DD,False
259,259,Women,Jeans,189.49,2021-09-19,259,Women,Jeans,189.49,2021-09-19,False,False,False,False,False,False,valid,YYYY-MM-DD,False
260,260,Kids,Outerwear,86.04,2019-06-07,260,Kids,Outerwear,86.04,2019-06-07,False,False,False,False,False,False,valid,YYYY-MM-DD,False
261,261,Shoes,Sneakers,242.02,2017-09-07,261,Shoes,Sneakers,242.02,2017/09/07,False,False,False,False,False,False,valid,YYYY-MM-DD,False
262,262,Women,Jeans,51.23,2018-06-12,262,Women,Jeans,51.23,2018-06-12,False,False,False,False,False,False,valid,YYYY-MM-DD,False
263,263,Men,Outerwear,172.09,2022-06-27,263,Men,Outerwear,172.09,2022-06-27,False,False,False,False,False,False,valid,YYYY-MM-DD,False
264,264,Accessories,Bags,116.6,2022-07-14,264,Accessories,Bags,116.6,2022-07-14,False,False,False,False,False,False,valid,YYYY-MM-DD,False
265,265,Accessories,Belts,118.48,2017-02-01,265,Accessories,Belts,118.48,2017-02-01,False,False,False,False,False,False,valid,YYYY-MM-DD,False
266,266,Kids,Outerwear,105.9,2020-06-06,266,Kids,Outerwear,105.9,06/06/2020,False,False,False,False,False,False,valid,DD-MM-YYYY,True
267,267,Kids,Bottoms,88.32,2024-12-06,267,Kids,Bottoms,88.32,2024/12/06,False,False,False,False,False,False,valid,YYYY-MM-DD,False
268,268,Men,T-Shirts,114.39,2017-07-28,268,Men,T-Shirts,114.39,2017/07/28,False,False,False,False,False,False,valid,YYYY-MM-DD,False
269,269,Shoes,Heels,212.22,2021-12-08,269,Shoes,Heels,212.22,2021/12/08,False,False,False,False,False,False,valid,YYYY-MM-DD,False
270,270,Kids,Shoes,91.52,2016-09-20,270,Kids,Shoes,91.52,2016-09-20,False,False,False,False,False,False,valid,YYYY-MM-DD,False
271,271,Men,Activewear,164.6,2023-05-05,271,Men,Activewear,164.6,2023-05-05,False,False,False,False,False,False,valid,YYYY-MM-DD,False
272,272,Women,Dresses,187.29,,272,Women,Dresses,187.29,,False,False,False,False,False,False,missing,missing,False
273,273,Women,Tops,226.77,2017-12-23,273,Women,Tops,226.77,2017/12/23,False,False,False,False,False,False,valid,YYYY-MM-DD,False
274,274,Accessories,Scarves,87.42,2019-08-05,274,Accessories,Scarves,87.42,2019-08-05,False,False,False,False,False,False,valid,YYYY-MM-DD,False
275,275,Kids,Outerwear,93.95,2018-09-16,275,Kids,Outerwear,93.95,2018-09-16,False,False,False,False,False,False,valid,YYYY-MM-DD,False
276,276,Kids,Bottoms,119.02,2016-09-13,276,Kids,Bottoms,119.02,2016-09-13,False,False,False,False,False,False,valid,YYYY-MM-DD,False
277,277,Kids,Outerwear,50.97,2021-05-30,277,Kids,Outerwear,50.97,2021-05-30,False,False,False,False,False,False,valid,YYYY-MM-DD,False
278,278,Shoes,Loafers,229.88,2015-03-14,278,Shoes,Loafers,229.88,2015-03-14,False,False,False,False,False,False,valid,YYYY-MM-DD,False
279,279,Women,Jeans,153.66,2024-11-01,279,Women,Jeans,153.66,2024-11-01,False,False,False,False,False,False,valid,YYYY-MM-DD,False
280,280,Women,Dresses,163.32,2015-07-10,280,Women,Dresses,163.32,2015-07-10,False,False,False,False,False,False,valid,YYYY-MM-DD,False
281,281,Men,Jeans,123.81,2018-05-04,281,Men,Jeans,123.81,2018/05/04,False,False,False,False,False,False,valid,YYYY-MM-DD,False
282,282,Kids,Shoes,86.19,2024-04-19,282,Kids,Shoes,86.19,2024/04/19,False,False,False,False,False,False,valid,YYYY-MM-DD,False
283,283,Shoes,Sandals,321.27,2016-07-20,283,Shoes,Sandals,321.27,2016-07-20,False,False,False,False,False,False,valid,YYYY-MM-DD,False
284,284,Kids,Shoes,61.55,2015-09-24,284,Kids,Shoes,61.55,2015-09-24,False,False,False,False,False,False,valid,YYYY-MM-DD,False
285,285,Kids,Shoes,63.68,2022-06-10,285,Kids,Shoes,63.68,2022-06-10,False,False,False,False,False,False,valid,YYYY-MM-DD,False
286,286,Accessories,Bags,80.94,2015-09-25,286,Accessories,Bags,80.94,2015/09/25,False,False,False,False,False,False,valid,YYYY-MM-DD,False
287,287,Women,Tops,257.73,2023-12-31,287,Women,Tops,257.73,2023-12-31,False,False,False,False,False,False,valid,YYYY-MM-DD,False
288,288,Kids,Tops,79.6,2019-07-07,288,Kids,Tops,79.6,2019-07-07,False,False,False,False,False,False,valid,YYYY-MM-DD,False
289,289,Kids,Tops,89.42,2023-09-11,289,Kids,Tops,89.42,2023.09.11,False,False,False,False,False,False,valid,YYYY-MM-DD,False
290,290,Kids,Shoes,80.94,2017-06-14,290,Kids,Shoes,80.94,2017-06-14,False,False,False,False,False,False,valid,YYYY-MM-DD,False
291,291,Accessories,Jewelry,91.67,2016-05-30,291,Accessories,Jewelry,91.67,2016/05/30,False,False,False,False,False,False,valid,YYYY-MM-DD,False
292,292,Men,Shirts,150.59,2024-08-17,292,Men,Shirts,150.59,2024/08/17,False,False,False,False,False,False,valid,YYYY-MM-DD,False
293,293,Accessories,Scarves,193.75,2022-08-16,293,Accessories,Scarves,193.75,2022-08-16,False,False,False,False,False,False,valid,YYYY-MM-DD,False
294,294,Men,Activewear,215.68,2024-02-10,294,Men,Activewear,215.68,2024-02-10,False,False,False,False,False,False,valid,YYYY-MM-DD,False
295,295,Kids,Tops,70.81,2018-03-14,295,Kids,Tops,70.81,2018.03.14,False,False,False,False,False,False,valid,YYYY-MM-DD,False
296,296,Kids,Shoes,104.57,,296,Kids,Shoes,104.57,,False,False,False,False,False,False,missing,missing,False
297,297,Accessories,Jewelry,95.05,2020-10-09,297,Accessories,Jewelry,95.05,2020.10.09,False,False,False,False,False,False,valid,YYYY-MM-DD,False
298,298,Kids,Outerwear,50.03,2019-06-28,298,Kids,Outerwear,50.03,2019-06-28,False,False,False,False,False,False,valid,YYYY-MM-DD,False
299,299,Men,Suits,200.78,2017-06-05,299,Men,Suits,200.78,2017-06-05,False,False,False,False,False,False,valid,YYYY-MM-DD,False
300,300,Women,Jeans,232.2,2018-10-02,300,Women,Jeans,232.2,02-10-2018,False,False,False,False,False,False,valid,DD-MM-YYYY,True
301,301,Men,Suits,201.84,2021-02-01,301,Men,Suits,201.84,01-02-2021,False,False,False,False,False,False,valid,DD-MM-YYYY,True
302,302,Accessories,Hats,105.9,2015-05-19,302,Accessories,Hats,105.9,2015-05-19,False,False,False,False,False,False,valid,YYYY-MM-DD,False
303,303,Women,Lingerie,172.5,2018-05-12,303,Women,Lingerie,172.5,2018/05/12,False,False,False,False,False,False,valid,YYYY-MM-DD,False
304,304,Accessories,Bags,142.49,2017-12-05,304,Accessories,Bags,142.49,2017/12/05,False,False,False,False,False,False,valid,YYYY-MM-DD,False
305,305,Kids,Tops,98.81,2015-09-14,305,Kids,Tops,98.81,14-09-2015,False,False,False,False,False,False,valid,DD-MM-YYYY,False
306,306,Women,Lingerie,162.29,2016-03-24,306,Women,Lingerie,162.29,2016/03/24,False,False,False,False,False,False,valid,YYYY-MM-DD,False
307,307,Men,Jeans,95.24,2019-12-16,307,Men,Jeans,95.24,2019-12-16,False,False,False,False,False,False,valid,YYYY-MM-DD,False
308,308,Kids,Bottoms,92.56,2016-01-09,308,Kids,Bottoms,92.56,09-01-2016,False,False,False,False,False,False,valid,DD-MM-YYYY,True
309,309,Men,Suits,203.16,2018-06-13,309,Men,Suits,203.16,2018-06-13,False,False,False,False,False,False,valid,YYYY-MM-DD,False
310,310,Women,Tops,126.11,2020-08-10,310,Women,Tops,126.11,2020-08-10,False,False,False,False,False,False,valid,YYYY-MM-DD,False
311,311,Shoes,Heels,255.13,2023-09-28,311,Shoes,Heels,255.13,2023.09.28,False,False,False,False,False,False,valid,YYYY-MM-DD,False
312,312,Shoes,Boots,238.23,2015-12-27,312,Shoes,Boots,238.23,27/12/2015,False,False,False,False,False,False,valid,DD-MM-YYYY,False
313,313,Women,Tops,213.76,2019-05-07,313,Women,Tops,213.76,2019/05/07,False,False,False,False,False,False,valid,YYYY-MM-DD,False
314,314,Men,T-Shirts,194.88,2016-01-12,314,Men,T-Shirts,194.88,2016/01/12,False,False,False,False,False,False,valid,YYYY-MM-DD,False
315,315,Men,Jeans,132.22,2019-04-15,315,Men,Jeans,132.22,2019/04/15,False,False,False,False,False,False,valid,YYYY-MM-DD,False
316,316,Shoes,Sneakers,131.07,2019-10-22,316,Shoes,Sneakers,131.07,2019-10-22,False,False,False,False,False,False,valid,YYYY-MM-DD,False
317,317,Shoes,Sandals,190.66,2022-12-29,317,Shoes,Sandals,190.66,2022-12-29,False,False,False,False,False,False,valid,YYYY-MM-DD,False
318,318,Shoes,Loafers,268.9,2019-06-04,318,Shoes,Loafers,268.9,2019-06-04,False,False,False,False,False,False,valid,YYYY-MM-DD,False
319,319,Accessories,Bags,103.74,2024-05-10,319,Accessories,Bags,103.74,2024-05-10,False,False,False,False,False,False,valid,YYYY-MM-DD,False
320,320,Shoes,Sandals,181.83,2016-05-17,320,Shoes,Sandals,181.83,2016/05/17,False,False,False,False,False,False,valid,YYYY-MM-DD,False
321,321,Men,Activewear,87.15,2015-07-14,321,Men,Activewear,87.15,2015/07/14,False,False,False,False,False,False,valid,YYYY-MM-DD,False
322,322,Women,Activewear,258.87,2015-01-17,322,Women,Activewear,258.87,17-01-2015,False,False,False,False,False,False,valid,DD-MM-YYYY,False
323,323,Shoes,Sneakers,265.41,2018-07-27,323,Shoes,Sneakers,265.41,27/07/2018,False,False,False,False,False,False,valid,DD-MM-YYYY,False
324,324,Accessories,Jewelry,143.1,2016-12-05,324,Accessories,Jewelry,143.1,2016/12/05,False,False,False,False,False,False,valid,YYYY-MM-DD,False
325,325,Accessories,Scarves,149.03,2015-12-01,325,Accessories,Scarves,149.03,2015-12-01,False,False,False,False,False,False,valid,YYYY-MM-DD,False
326,326,Men,T-Shirts,183.07,2017-05-11,326,Men,T-Shirts,183.07,2017-05-11,False,False,False,False,False,False,valid,YYYY-MM-DD,False
327,327,Men,Outerwear,150.23,2024-10-01,327,Men,Outerwear,150.23,2024.10.01,False,False,False,False,False,False,valid,YYYY-MM-DD,False
328,328,Women,Lingerie,172.63,2023-01-02,328,Women,Lingerie,172.63,2023-01-02,False,False,False,False,False,False,valid,YYYY-MM-DD,False
329,329,Women,Outerwear,160.76,2015-03-09,329,Women,Outerwear,160.76,2015-03-09,False,False,False,False,False,False,valid,YYYY-MM-DD,False
330,330,Kids,Tops,149.28,2024-02-27,330,Kids,Tops,149.28,2024-02-27,False,False,False,False,False,False,valid,YYYY-MM-DD,False
331,331,Kids,Shoes,102.51,2017-01-19,331,Kids,Shoes,102.51,2017-01-19,False,False,False,False,False,False,valid,YYYY-MM-DD,False
332,332,Men,Suits,141.45,2019-01-22,332,Men,Suits,141.45,2019-01-22,False,False,False,False,False,False,valid,YYYY-MM-DD,False
333,333,Men,Jeans,178.62,2018-04-11,333,Men,Jeans,178.62,2018-04-11,False,False,False,False,False,False,valid,YYYY-MM-DD,False
334,334,Accessories,Hats,89.67,2019-01-19,334,Accessories,Hats,89.67,2019.01.19,False,False,False,False,False,False,valid,YYYY-MM-DD,False
335,335,Kids,Bottoms,123.85,2022-08-10,335,Kids,Bottoms,123.85,2022-08-10,False,False,False,False,False,False,valid,YYYY-MM-DD,False
336,336,Accessories,Hats,100.17,2022-02-15,336,Accessories,Hats,100.17,2022-02-15,False,False,False,False,False,False,valid,YYYY-MM-DD,False
337,337,Accessories,Jewelry,135.03,2020-12-10,337,Accessories,Jewelry,135.03,2020/12/10,False,False,False,False,False,False,valid,YYYY-MM-DD,False
338,338,Men,T-Shirts,202.64,2021-04-09,338,Men,T-Shirts,202.64,09/04/2021,False,False,False,False,False,False,valid,DD-MM-YYYY,True
339,339,Men,Jeans,175.39,2022-04-11,339,Men,Jeans,175.39,2022/04/11,False,False,False,False,False,False,valid,YYYY-MM-DD,False
340,340,Accessories,Jewelry,122.83,2016-11-03,340,Accessories,Jewelry,122.83,2016/11/03,False,False,False,False,False,False,valid,YYYY-MM-DD,False
341,341,Shoes,Heels,220.59,2018-12-16,341,Shoes,Heels,220.59,2018-12-16,False,False,False,False,False,False,valid,YYYY-MM-DD,False
342,342,Men,Suits,157.74,,342,Men,Suits,157.74,,False,False,False,False,False,False,missing,missing,False
343,343,Shoes,Sandals,188.28,2022-01-16,343,Shoes,Sandals,188.28,2022-01-16,False,False,False,False,False,False,valid,YYYY-MM-DD,False
344,344,Kids,Outerwear,79.89,2019-05-18,344,Kids,Outerwear,79.89,2019.05.18,False,False,False,False,False,False,valid,YYYY-MM-DD,False
345,345,Accessories,Hats,164.39,2021-05-16,345,Accessories,Hats,164.39,16-05-2021,False,False,False,False,False,False,valid,DD-MM-YYYY,False
346,346,Men,Outerwear,155.66,2020-08-25,346,Men,Outerwear,155.66,2020/08/25,False,False,False,False,False,False,valid,YYYY-MM-DD,False
347,347,Accessories,Jewelry,96.43,2017-09-26,347,Accessories,Jewelry,96.43,26-09-2017,False,False,False,False,False,False,valid,DD-MM-YYYY,False
348,348,Accessories,Belts,104.51,2016-05-21,348,Accessories,Belts,104.51,2016/05/21,False,False,False,False,False,False,valid,YYYY-MM-DD,False
349,349,Women,Tops,229.52,2024-09-24,349,Women,Tops,229.52,2024-09-24,False,False,False,False,False,False,valid,YYYY-MM-DD,False
350,350,Women,Jeans,210.4,2017-12-07,350,Women,Jeans,210.4,07-12-2017,False,False,False,False,False,False,valid,DD-MM-YYYY,True
351,351,Kids,Tops,102.61,2016-02-05,351,Kids,Tops,102.61,05-02-2016,False,False,False,False,False,False,valid,DD-MM-YYYY,True
352,352,Women,Jeans,168.41,2018-01-22,352,Women,Jeans,168.41,2018-01-22,False,False,False,False,False,False,valid,YYYY-MM-DD,False
353,353,Men,Shirts,182.93,2024-01-10,353,Men,Shirts,182.93,2024-01-10,False,False,False,False,False,False,valid,YYYY-MM-DD,False
354,354,Kids,Tops,75.52,2017-08-12,354,Kids,Tops,75.52,2017-08-12,False,False,False,False,False,False,valid,YYYY-MM-DD,False
355,355,Accessories,Scarves,112.21,2024-11-13,355,Accessories,Scarves,112.21,2024-11-13,False,False,False,False,False,False,valid,YYYY-MM-DD,False
356,356,Accessories,Bags,149.09,2019-08-11,356,Accessories,Bags,149.09,2019-08-11,False,False,False,False,False,False,valid,YYYY-MM-DD,False
357,357,Women,Outerwear,219.34,,357,Women,Outerwear,219.34,,False,False,False,False,False,False,missing,missing,False
358,358,Accessories,Scarves,90.54,,358,Accessories,Scarves,90.54,,False,False,False,False,False,False,missing,missing,False
359,359,Women,Activewear,141.5,2015-06-10,359,Women,Activewear,141.5,10/06/2015,False,False,False,False,False,False,valid,DD-MM-YYYY,True
360,360,Shoes,Heels,225.98,2020-02-04,360,Shoes,Heels,225.98,2020-02-04,False,False,False,False,False,False,valid,YYYY-MM-DD,False
361,361,Accessories,Bags,171.78,2019-03-04,361,Accessories,Bags,171.78,2019-03-04,False,False,False,False,False,False,valid,YYYY-MM-DD,False
362,362,Accessories,Jewelry,62.53,2017-01-05,362,Accessories,Jewelry,62.53,2017-01-05,False,False,False,False,False,False,valid,YYYY-MM-DD,False
363,363,Men,T-Shirts,171.13,2020-07-02,363,Men,T-Shirts,171.13,2020/07/02,False,False,False,False,False,False,valid,YYYY-MM-DD,False
364,364,Accessories,Scarves,78.72,2016-01-12,364,Accessories,Scarves,78.72,2016-01-12,False,False,False,False,False,False,valid,YYYY-MM-DD,False
365,365,Women,Dresses,151.46,2021-12-25,365,Women,Dresses,151.46,2021-12-25,False,False,False,False,False,False,valid,YYYY-MM-DD,False
366,366,Kids,Tops,81.8,2023-03-22,366,Kids,Tops,81.8,2023-03-22,False,False,False,False,False,False,valid,YYYY-MM-DD,False
367,367,Kids,Bottoms,80.54,2015-12-05,367,Kids,Bottoms,80.54,2015-12-05,False,False,False,False,False,False,valid,YYYY-MM-DD,False
368,368,Men,Shirts,138.65,2019-10-17,368,Men,Shirts,138.65,17-10-2019,False,False,False,False,False,False,valid,DD-MM-YYYY,False
369,369,Women,Lingerie,180.32,2021-07-21,369,Women,Lingerie,180.32,2021/07/21,False,False,False,False,False,False,valid,YYYY-MM-DD,False
370,370,Shoes,Boots,190.56,2015-08-15,370,Shoes,Boots,190.56,2015-08-15,False,False,False,False,False,False,valid,YYYY-MM-DD,False
371,371,Men,Jeans,101.5,2018-11-23,371,Men,Jeans,101.5,23/11/2018,False,False,False,False,False,False,valid,DD-MM-YYYY,False
372,372,Shoes,Loafers,262.89,2017-07-31,372,Shoes,Loafers,262.89,2017-07-31,False,False,False,False,False,False,valid,YYYY-MM-DD,False
373,373,Kids,Shoes,106.94,2015-05-24,373,Kids,Shoes,106.94,2015-05-24,False,False,False,False,False,False,valid,YYYY-MM-DD,False
374,374,Men,Jeans,193.73,2023-01-16,374,Men,Jeans,193.73,16/01/2023,False,False,False,False,False,False,valid,DD-MM-YYYY,False
375,375,Accessories,Belts,73.78,2019-06-13,375,Accessories,Belts,73.78,2019-06-13,False,False,False,False,False,False,valid,YYYY-MM-DD,False
376,376,Women,Outerwear,193.45,2022-07-09,376,Women,Outerwear,193.45,2022-07-09,False,False,False,False,False,False,valid,YYYY-MM-DD,False
377,377,Shoes,Sandals,257.18,2020-11-14,377,Shoes,Sandals,257.18,14-11-2020,False,False,False,False,False,False,valid,DD-MM-YYYY,False
378,378,Shoes,Loafers,163.28,2023-10-05,378,Shoes,Loafers,163.28,2023-10-05,False,False,False,False,False,False,valid,YYYY-MM-DD,False
379,379,Men,T-Shirts,160.37,2024-12-21,379,Men,T-Shirts,160.37,2024-12-21,False,False,False,False,False,False,valid,YYYY-MM-DD,False
380,380,Men,T-Shirts,155.35,,380,Men,T-Shirts,155.35,,False,False,False,False,False,False,missing,missing,False
381,381,Women,Dresses,262.9,2018-07-10,381,Women,Dresses,262.9,2018-07-10,False,False,False,False,False,False,valid,YYYY-MM-DD,False
382,382,Accessories,Belts,177.73,2019-03-25,382,Accessories,Belts,177.73,25-03-2019,False,False,False,False,False,False,valid,DD-MM-YYYY,False
383,383,Accessories,Hats,70.07,2023-04-04,383,Accessories,Hats,70.07,2023.04.04,False,False,False,False,False,False,valid,YYYY-MM-DD,False
384,384,Men,Shirts,259.76,2019-04-08,384,Men,Shirts,259.76,2019/04/08,False,False,False,False,False,False,valid,YYYY-MM-DD,False
385,385,Women,Jeans,138.81,2020-03-13,385,Women,Jeans,138.81,2020-03-13,False,False,False,False,False,False,valid,YYYY-MM-DD,False
386,386,Women,Dresses,224.13,2016-12-09,386,Women,Dresses,224.13,2016-12-09,False,False,False,False,False,False,valid,YYYY-MM-DD,False
387,387,Women,Lingerie,223.67,2024-11-25,387,Women,Lingerie,223.67,2024-11-25,False,False,False,False,False,False,valid,YYYY-MM-DD,False
388,388,Accessories,Bags,90.13,,388,Accessories,Bags,90.13,not_a_date,False,False,False,False,False,False,invalid,unsupported_or_invalid,False
389,389,Accessories,Bags,134.8,2018-04-21,389,Accessories,Bags,134.8,2018.04.21,False,False,False,False,False,False,valid,YYYY-MM-DD,False
390,390,Women,Tops,175.16,2020-11-07,390,Women,Tops,175.16,07-11-2020,False,False,False,False,False,False,valid,DD-MM-YYYY,True
391,391,Shoes,Sneakers,250.49,2019-01-05,391,Shoes,Sneakers,250.49,2019-01-05,False,False,False,False,False,False,valid,YYYY-MM-DD,False
392,392,Women,Outerwear,190.38,2016-07-19,392,Women,Outerwear,190.38,2016/07/19,False,False,False,False,False,False,valid,YYYY-MM-DD,False
393,393,Men,Outerwear,207.85,2023-10-01,393,Men,Outerwear,207.85,2023-10-01,False,False,False,False,False,False,valid,YYYY-MM-DD,False
394,394,Kids,Shoes,91.7,2023-11-10,394,Kids,Shoes,91.7,2023-11-10,False,False,False,False,False,False,valid,YYYY-MM-DD,False
395,395,Shoes,Boots,210.77,2023-05-08,395,Shoes,Boots,210.77,2023-05-08,False,False,False,False,False,False,valid,YYYY-MM-DD,False
396,396,Accessories,Hats,152.88,2018-09-08,396,Accessories,Hats,152.88,2018/09/08,False,False,False,False,False,False,valid,YYYY-MM-DD,False
397,397,Women,Outerwear,206.12,2017-07-25,397,Women,Outerwear,206.12,2017-07-25,False,False,False,False,False,False,valid,YYYY-MM-DD,False
398,398,Women,Outerwear,212.93,2015-07-01,398,Women,Outerwear,212.93,2015-07-01,False,False,False,False,False,False,valid,YYYY-MM-DD,False
399,399,Men,Suits,133.42,2022-04-26,399,Men,Suits,133.42,2022-04-26,False,False,False,False,False,False,valid,YYYY-MM-DD,False
400,400,Men,Jeans,118.19,2018-04-12,400,Men,Jeans,118.19,2018-04-12,False,False,False,False,False,False,valid,YYYY-MM-DD,False
401,401,Accessories,Hats,102.97,2023-12-04,401,Accessories,Hats,102.97,2023-12-04,False,False,False,False,False,False,valid,YYYY-MM-DD,False
402,402,Shoes,Loafers,185.85,2023-09-13,402,Shoes,Loafers,185.85,2023-09-13,False,False,False,False,False,False,valid,YYYY-MM-DD,False
403,403,Men,T-Shirts,191.45,2016-04-13,403,Men,T-Shirts,191.45,2016-04-13,False,False,False,False,False,False,valid,YYYY-MM-DD,False
404,404,Accessories,Scarves,149.28,2024-03-03,404,Accessories,Scarves,149.28,2024-03-03,False,False,False,False,False,False,valid,YYYY-MM-DD,False
405,405,Kids,Sleepwear,86.51,2016-05-27,405,Kids,Sleepwear,86.51,2016-05-27,False,False,False,False,False,False,valid,YYYY-MM-DD,False
406,406,Kids,Shoes,122.2,2019-11-27,406,Kids,Shoes,122.2,2019-11-27,False,False,False,False,False,False,valid,YYYY-MM-DD,False
407,407,Kids,Sleepwear,120.79,2019-09-28,407,Kids,Sleepwear,120.79,28-09-2019,False,False,False,False,False,False,valid,DD-MM-YYYY,False
408,408,Women,Lingerie,190.95,2024-07-25,408,Women,Lingerie,190.95,2024/07/25,False,False,False,False,False,False,valid,YYYY-MM-DD,False
409,409,Accessories,Bags,95.34,2021-07-29,409,Accessories,Bags,95.34,2021/07/29,False,False,False,False,False,False,valid,YYYY-MM-DD,False
410,410,Women,Jeans,250.89,2023-10-03,410,Women,Jeans,250.89,2023-10-03,False,False,False,False,False,False,valid,YYYY-MM-DD,False
411,411,Women,Dresses,177.25,2020-12-16,411,Women,Dresses,177.25,16-12-2020,False,False,False,False,False,False,valid,DD-MM-YYYY,False
412,412,Men,Shirts,165.05,,412,Men,Shirts,165.05,2024-13-40,False,False,False,False,False,False,invalid,unsupported_or_invalid,False
413,413,Men,Outerwear,146.42,2023-07-10,413,Men,Outerwear,146.42,2023-07-10,False,False,False,False,False,False,valid,YYYY-MM-DD,False
414,414,Women,Tops,139.96,2023-08-07,414,Women,Tops,139.96,2023-08-07,False,False,False,False,False,False,valid,YYYY-MM-DD,False
415,415,Women,Jeans,113.91,2019-02-12,415,Women,Jeans,113.91,2019/02/12,False,False,False,False,False,False,valid,YYYY-MM-DD,False
416,416,Shoes,Heels,254.81,2018-10-26,416,Shoes,Heels,254.81,2018-10-26,False,False,False,False,False,False,valid,YYYY-MM-DD,False
417,417,Accessories,Scarves,96.5,2024-11-06,417,Accessories,Scarves,96.5,2024/11/06,False,False,False,False,False,False,valid,YYYY-MM-DD,False
418,418,Women,Lingerie,317.68,2022-07-26,418,Women,Lingerie,317.68,2022-07-26,False,False,False,False,False,False,valid,YYYY-MM-DD,False
419,419,Men,T-Shirts,116.56,2024-03-04,419,Men,T-Shirts,116.56,2024-03-04,False,False,False,False,False,False,valid,YYYY-MM-DD,False
420,420,Kids,Bottoms,61.71,2020-10-10,420,Kids,Bottoms,61.71,2020/10/10,False,False,False,False,False,False,valid,YYYY-MM-DD,False
421,421,Accessories,Belts,135.3,2024-04-16,421,Accessories,Belts,135.3,2024-04-16,False,False,False,False,False,False,valid,YYYY-MM-DD,False
422,422,Shoes,Sandals,304.11,2022-03-14,422,Shoes,Sandals,304.11,2022/03/14,False,False,False,False,False,False,valid,YYYY-MM-DD,False
423,423,Shoes,Sneakers,223.55,2022-06-05,423,Shoes,Sneakers,223.55,2022/06/05,False,False,False,False,False,False,valid,YYYY-MM-DD,False
424,424,Kids,Outerwear,102.88,2016-10-11,424,Kids,Outerwear,102.88,2016/10/11,False,False,False,False,False,False,valid,YYYY-MM-DD,False
425,425,Kids,Outerwear,48.52,2020-09-01,425,Kids,Outerwear,48.52,2020/09/01,False,False,False,False,False,False,valid,YYYY-MM-DD,False
426,426,Women,Tops,149.51,2022-04-25,426,Women,Tops,149.51,2022-04-25,False,False,False,False,False,False,valid,YYYY-MM-DD,False
427,427,Accessories,Scarves,87.79,2022-08-11,427,Accessories,Scarves,87.79,2022/08/11,False,False,False,False,False,False,valid,YYYY-MM-DD,False
428,428,Accessories,Belts,63.15,2024-07-30,428,Accessories,Belts,63.15,2024.07.30,False,False,False,False,False,False,valid,YYYY-MM-DD,False
429,429,Women,Tops,185.26,2018-04-09,429,Women,Tops,185.26,2018-04-09,False,False,False,False,False,False,valid,YYYY-MM-DD,False
430,430,Shoes,Sandals,96.64,2018-01-10,430,Shoes,Sandals,96.64,2018-01-10,False,False,False,False,False,False,valid,YYYY-MM-DD,False
431,431,Women,Tops,120.5,2024-09-11,431,Women,Tops,120.5,11-09-2024,False,False,False,False,False,False,valid,DD-MM-YYYY,True
432,432,Shoes,Sandals,190.45,2024-11-11,432,Shoes,Sandals,190.45,2024-11-11,False,False,False,False,False,False,valid,YYYY-MM-DD,False
433,433,Accessories,Bags,95.06,2016-10-19,433,Accessories,Bags,95.06,2016-10-19,False,False,False,False,False,False,valid,YYYY-MM-DD,False
434,434,Women,Jeans,197.84,2018-10-14,434,Women,Jeans,197.84,2018-10-14,False,False,False,False,False,False,valid,YYYY-MM-DD,False
435,435,Kids,Shoes,96.88,2024-06-25,435,Kids,Shoes,96.88,2024-06-25,False,False,False,False,False,False,valid,YYYY-MM-DD,False
436,436,Women,Tops,220.22,2016-12-30,436,Women,Tops,220.22,2016/12/30,False,False,False,False,False,False,valid,YYYY-MM-DD,False
437,437,Kids,Sleepwear,106.93,2022-10-31,437,Kids,Sleepwear,106.93,2022-10-31,False,False,False,False,False,False,valid,YYYY-MM-DD,False
438,438,Accessories,Scarves,154.22,2016-02-15,438,Accessories,Scarves,154.22,15/02/2016,False,False,False,False,False,False,valid,DD-MM-YYYY,False
439,439,Women,Lingerie,179.91,2016-10-13,439,Women,Lingerie,179.91,2016-10-13,False,False,False,False,False,False,valid,YYYY-MM-DD,False
440,440,Men,Jeans,172.14,2022-11-07,440,Men,Jeans,172.14,2022-11-07,False,False,False,False,False,False,valid,YYYY-MM-DD,False
441,441,Accessories,Scarves,135.35,2021-01-28,441,Accessories,Scarves,135.35,2021-01-28,False,False,False,False,False,False,valid,YYYY-MM-DD,False
442,442,Men,T-Shirts,165.67,2020-07-19,442,Men,T-Shirts,165.67,2020-07-19,False,False,False,False,False,False,valid,YYYY-MM-DD,False
443,443,Women,Activewear,162.13,2023-07-27,443,Women,Activewear,162.13,2023-07-27,False,False,False,False,False,False,valid,YYYY-MM-DD,False
444,444,Kids,Tops,82.52,2018-01-26,444,Kids,Tops,82.52,2018/01/26,False,False,False,False,False,False,valid,YYYY-MM-DD,False
445,445,Kids,Shoes,71.6,2020-01-13,445,Kids,Shoes,71.6,2020-01-13,False,False,False,False,False,False,valid,YYYY-MM-DD,False
446,446,Shoes,Sneakers,243.19,2021-01-31,446,Shoes,Sneakers,243.19,2021-01-31,False,False,False,False,False,False,valid,YYYY-MM-DD,False
447,447,Men,Activewear,156.24,2022-05-26,447,Men,Activewear,156.24,2022.05.26,False,False,False,False,False,False,valid,YYYY-MM-DD,False
448,448,Accessories,Hats,100.1,2018-04-28,448,Accessories,Hats,100.1,28-04-2018,False,False,False,False,False,False,valid,DD-MM-YYYY,False
449,449,Kids,Outerwear,75.1,2021-05-03,449,Kids,Outerwear,75.1,2021/05/03,False,False,False,False,False,False,valid,YYYY-MM-DD,False
450,450,Men,Activewear,111.58,2019-06-26,450,Men,Activewear,111.58,2019-06-26,False,False,False,False,False,False,valid,YYYY-MM-DD,False
451,451,Accessories,Bags,149.37,,451,Accessories,Bags,149.37,,False,False,False,False,False,False,missing,missing,False
452,452,Accessories,Hats,122.36,2023-08-18,452,Accessories,Hats,122.36,2023/08/18,False,False,False,False,False,False,valid,YYYY-MM-DD,False
453,453,Kids,Shoes,70.59,2018-12-09,453,Kids,Shoes,70.59,2018-12-09,False,False,False,False,False,False,valid,YYYY-MM-DD,False
454,454,Women,Jeans,216.38,2021-09-06,454,Women,Jeans,216.38,2021-09-06,False,False,False,False,False,False,valid,YYYY-MM-DD,False
455,455,Kids,Bottoms,77.39,2024-06-03,455,Kids,Bottoms,77.39,2024-06-03,False,False,False,False,False,False,valid,YYYY-MM-DD,False
456,456,Kids,Shoes,58.35,2022-08-17,456,Kids,Shoes,58.35,2022/08/17,False,False,False,False,False,False,valid,YYYY-MM-DD,False
457,457,Women,Dresses,225.96,2024-11-20,457,Women,Dresses,225.96,20-11-2024,False,False,False,False,False,False,valid,DD-MM-YYYY,False
458,458,Shoes,Heels,190.46,2020-11-01,458,Shoes,Heels,190.46,2020/11/01,False,False,False,False,False,False,valid,YYYY-MM-DD,False
459,459,Accessories,Hats,107.73,2017-10-26,459,Accessories,Hats,107.73,2017-10-26,False,False,False,False,False,False,valid,YYYY-MM-DD,False
460,460,Women,Jeans,181.85,2024-11-30,460,Women,Jeans,181.85,2024-11-30,False,False,False,False,False,False,valid,YYYY-MM-DD,False
461,461,Shoes,Loafers,282.84,2021-06-12,461,Shoes,Loafers,282.84,2021-06-12,False,False,False,False,False,False,valid,YYYY-MM-DD,False
462,462,Women,Jeans,180.9,2017-05-31,462,Women,Jeans,180.9,2017/05/31,False,False,False,False,False,False,valid,YYYY-MM-DD,False
463,463,Shoes,Loafers,154.05,2018-03-04,463,Shoes,Loafers,154.05,2018-03-04,False,False,False,False,False,False,valid,YYYY-MM-DD,False
464,464,Kids,Tops,102.24,2017-08-16,464,Kids,Tops,102.24,2017-08-16,False,False,False,False,False,False,valid,YYYY-MM-DD,False
465,465,Women,Activewear,158.18,2023-05-04,465,Women,Activewear,158.18,2023-05-04,False,False,False,False,False,False,valid,YYYY-MM-DD,False
466,466,Accessories,Hats,176.64,2015-12-05,466,Accessories,Hats,176.64,2015-12-05,False,False,False,False,False,False,valid,YYYY-MM-DD,False
467,467,Women,Tops,179.95,2022-05-26,467,Women,Tops,179.95,2022/05/26,False,False,False,False,False,False,valid,YYYY-MM-DD,False
468,468,Kids,Bottoms,39.71,2020-07-16,468,Kids,Bottoms,39.71,2020-07-16,False,False,False,False,False,False,valid,YYYY-MM-DD,False
469,469,Women,Activewear,196.08,2015-09-26,469,Women,Activewear,196.08,2015-09-26,False,False,False,False,False,False,valid,YYYY-MM-DD,False
470,470,Accessories,Scarves,178.34,2021-02-18,470,Accessories,Scarves,178.34,2021-02-18,False,False,False,False,False,False,valid,YYYY-MM-DD,False
471,471,Shoes,Sandals,306.68,2022-07-14,471,Shoes,Sandals,306.68,2022/07/14,False,False,False,False,False,False,valid,YYYY-MM-DD,False
472,472,Accessories,Bags,174.93,2022-04-05,472,Accessories,Bags,174.93,2022-04-05,False,False,False,False,False,False,valid,YYYY-MM-DD,False
473,473,Kids,Outerwear,67.06,2020-04-14,473,Kids,Outerwear,67.06,14-04-2020,False,False,False,False,False,False,valid,DD-MM-YYYY,False
474,474,Kids,Shoes,110.52,2018-05-10,474,Kids,Shoes,110.52,10-05-2018,False,False,False,False,False,False,valid,DD-MM-YYYY,True
475,475,Shoes,Sneakers,180.29,2016-08-21,475,Shoes,Sneakers,180.29,2016-08-21,False,False,False,False,False,False,valid,YYYY-MM-DD,False
476,476,Shoes,Heels,232.34,2015-02-14,476,Shoes,Heels,232.34,14-02-2015,False,False,False,False,False,False,valid,DD-MM-YYYY,False
477,477,Accessories,Hats,81.81,2018-08-06,477,Accessories,Hats,81.81,2018-08-06,False,False,False,False,False,False,valid,YYYY-MM-DD,False
478,478,Women,Lingerie,151.0,2021-04-28,478,Women,Lingerie,151.0,2021-04-28,False,False,False,False,False,False,valid,YYYY-MM-DD,False
479,479,Shoes,Boots,182.81,2015-05-18,479,Shoes,Boots,182.81,2015/05/18,False,False,False,False,False,False,valid,YYYY-MM-DD,False
480,480,Women,Jeans,220.43,2024-12-27,480,Women,Jeans,220.43,27-12-2024,False,False,False,False,False,False,valid,DD-MM-YYYY,False
481,481,Men,Suits,192.03,2020-11-10,481,Men,Suits,192.03,2020-11-10,False,False,False,False,False,False,valid,YYYY-MM-DD,False
482,482,Accessories,Bags,128.3,,482,Accessories,Bags,128.3,,False,False,False,False,False,False,missing,missing,False
483,483,Men,Suits,105.98,2024-08-15,483,Men,Suits,105.98,2024-08-15,False,False,False,False,False,False,valid,YYYY-MM-DD,False
484,484,Shoes,Loafers,202.86,2016-11-02,484,Shoes,Loafers,202.86,2016/11/02,False,False,False,False,False,False,valid,YYYY-MM-DD,False
485,485,Kids,Sleepwear,73.21,2024-07-30,485,Kids,Sleepwear,73.21,2024-07-30,False,False,False,False,False,False,valid,YYYY-MM-DD,False
486,486,Men,Activewear,194.79,2017-10-26,486,Men,Activewear,194.79,2017.10.26,False,False,False,False,False,False,valid,YYYY-MM-DD,False
487,487,Men,Suits,207.13,,487,Men,Suits,207.13,,False,False,False,False,False,False,missing,missing,False
488,488,Kids,Sleepwear,113.77,2019-04-04,488,Kids,Sleepwear,113.77,2019/04/04,False,False,False,False,False,False,valid,YYYY-MM-DD,False
489,489,Shoes,Loafers,178.46,2024-12-13,489,Shoes,Loafers,178.46,2024-12-13,False,False,False,False,False,False,valid,YYYY-MM-DD,False
490,490,Shoes,Heels,69.33,2017-07-05,490,Shoes,Heels,69.33,2017/07/05,False,False,False,False,False,False,valid,YYYY-MM-DD,False
491,491,Accessories,Hats,66.99,2024-09-23,491,Accessories,Hats,66.99,2024/09/23,False,False,False,False,False,False,valid,YYYY-MM-DD,False
492,492,Accessories,Scarves,162.65,2018-06-21,492,Accessories,Scarves,162.65,2018-06-21,False,False,False,False,False,False,valid,YYYY-MM-DD,False
493,493,Shoes,Sneakers,197.93,2017-11-07,493,Shoes,Sneakers,197.93,2017.11.07,False,False,False,False,False,False,valid,YYYY-MM-DD,False
494,494,Shoes,Loafers,178.71,2021-05-20,494,Shoes,Loafers,178.71,20-05-2021,False,False,False,False,False,False,valid,DD-MM-YYYY,False
495,495,Men,Suits,225.71,2021-12-09,495,Men,Suits,225.71,2021-12-09,False,False,False,False,False,False,valid,YYYY-MM-DD,False
496,496,Kids,Sleepwear,118.47,2018-06-14,496,Kids,Sleepwear,118.47,2018-06-14,False,False,False,False,False,False,valid,YYYY-MM-DD,False
497,497,Women,Tops,181.1,2016-05-04,497,Women,Tops,181.1,04-05-2016,False,False,False,False,False,False,valid,DD-MM-YYYY,True
498,498,Men,Outerwear,148.26,2018-12-17,498,Men,Outerwear,148.26,2018/12/17,False,False,False,False,False,False,valid,YYYY-MM-DD,False
499,499,Accessories,Hats,116.04,2020-05-28,499,Accessories,Hats,116.04,2020/05/28,False,False,False,False,False,False,valid,YYYY-MM-DD,False
500,500,Kids,Sleepwear,95.11,2015-05-27,500,Kids,Sleepwear,95.11,2015.05.27,False,False,False,False,False,False,valid,YYYY-MM-DD,False
501,501,Women,Activewear,252.0,2015-10-15,501,Women,Activewear,252.0,2015-10-15,False,False,False,False,False,False,valid,YYYY-MM-DD,False
502,502,Shoes,Sandals,243.24,2024-03-07,502,Shoes,Sandals,243.24,07-03-2024,False,False,False,False,False,False,valid,DD-MM-YYYY,True
503,503,Accessories,Jewelry,141.78,2015-05-12,503,Accessories,Jewelry,141.78,2015-05-12,False,False,False,False,False,False,valid,YYYY-MM-DD,False
504,504,Accessories,Jewelry,155.08,2019-01-26,504,Accessories,Jewelry,155.08,2019-01-26,False,False,False,False,False,False,valid,YYYY-MM-DD,False
505,505,Men,Suits,113.21,2022-08-22,505,Men,Suits,113.21,2022-08-22,False,False,False,False,False,False,valid,YYYY-MM-DD,False
506,506,Kids,Bottoms,106.98,2018-04-13,506,Kids,Bottoms,106.98,2018-04-13,False,False,False,False,False,False,valid,YYYY-MM-DD,False
507,507,Kids,Outerwear,83.37,2019-12-13,507,Kids,Outerwear,83.37,2019-12-13,False,False,False,False,False,False,valid,YYYY-MM-DD,False
508,508,Men,Outerwear,59.36,2015-11-12,508,Men,Outerwear,59.36,2015-11-12,False,False,False,False,False,False,valid,YYYY-MM-DD,False
509,509,Men,Activewear,74.87,2022-12-12,509,Men,Activewear,74.87,12-12-2022,False,False,False,False,False,False,valid,DD-MM-YYYY,True
510,510,Men,Suits,119.28,2021-05-05,510,Men,Suits,119.28,2021-05-05,False,False,False,False,False,False,valid,YYYY-MM-DD,False
511,511,Accessories,Belts,135.94,2023-07-09,511,Accessories,Belts,135.94,2023-07-09,False,False,False,False,False,False,valid,YYYY-MM-DD,False
512,512,Shoes,Heels,226.26,2023-08-22,512,Shoes,Heels,226.26,2023-08-22,False,False,False,False,False,False,valid,YYYY-MM-DD,False
513,513,Accessories,Bags,125.53,2018-07-05,513,Accessories,Bags,125.53,2018/07/05,False,False,False,False,False,False,valid,YYYY-MM-DD,False
514,514,Accessories,Scarves,178.53,2015-05-31,514,Accessories,Scarves,178.53,31/05/2015,False,False,False,False,False,False,valid,DD-MM-YYYY,False
515,515,Accessories,Hats,81.93,2018-06-19,515,Accessories,Hats,81.93,2018-06-19,False,False,False,False,False,False,valid,YYYY-MM-DD,False
516,516,Women,Jeans,178.77,2016-06-14,516,Women,Jeans,178.77,2016-06-14,False,False,False,False,False,False,valid,YYYY-MM-DD,False
517,517,Accessories,Hats,129.13,2020-05-02,517,Accessories,Hats,129.13,2020-05-02,False,False,False,False,False,False,valid,YYYY-MM-DD,False
518,518,Women,Tops,146.87,2016-06-18,518,Women,Tops,146.87,2016-06-18,False,False,False,False,False,False,valid,YYYY-MM-DD,False
519,519,Kids,Outerwear,90.64,2024-03-21,519,Kids,Outerwear,90.64,2024/03/21,False,False,False,False,False,False,valid,YYYY-MM-DD,False
520,520,Kids,Sleepwear,54.0,2021-01-09,520,Kids,Sleepwear,54.0,2021-01-09,False,False,False,False,False,False,valid,YYYY-MM-DD,False
521,521,Men,Outerwear,216.4,2017-07-13,521,Men,Outerwear,216.4,2017-07-13,False,False,False,False,False,False,valid,YYYY-MM-DD,False
522,522,Women,Dresses,149.33,2024-03-19,522,Women,Dresses,149.33,19-03-2024,False,False,False,False,False,False,valid,DD-MM-YYYY,False
523,523,Women,Jeans,271.41,2022-09-12,523,Women,Jeans,271.41,2022-09-12,False,False,False,False,False,False,valid,YYYY-MM-DD,False
524,524,Accessories,Bags,119.03,2019-05-19,524,Accessories,Bags,119.03,2019-05-19,False,False,False,False,False,False,valid,YYYY-MM-DD,False
525,525,Men,Outerwear,201.12,2016-06-19,525,Men,Outerwear,201.12,2016-06-19,False,False,False,False,False,False,valid,YYYY-MM-DD,False
526,526,Men,Activewear,157.87,2018-06-09,526,Men,Activewear,157.87,2018-06-09,False,False,False,False,False,False,valid,YYYY-MM-DD,False
527,527,Accessories,Bags,119.08,2020-11-03,527,Accessories,Bags,119.08,2020.11.03,False,False,False,False,False,False,valid,YYYY-MM-DD,False
528,528,Women,Activewear,153.72,2022-08-29,528,Women,Activewear,153.72,2022-08-29,False,False,False,False,False,False,valid,YYYY-MM-DD,False
529,529,Accessories,Belts,123.57,2017-08-14,529,Accessories,Belts,123.57,2017/08/14,False,False,False,False,False,False,valid,YYYY-MM-DD,False
530,530,Accessories,Jewelry,129.54,2022-06-05,530,Accessories,Jewelry,129.54,2022-06-05,False,False,False,False,False,False,valid,YYYY-MM-DD,False
531,531,Kids,Sleepwear,72.35,2017-10-30,531,Kids,Sleepwear,72.35,2017-10-30,False,False,False,False,False,False,valid,YYYY-MM-DD,False
532,532,Women,Tops,174.37,2017-06-20,532,Women,Tops,174.37,20-06-2017,False,False,False,False,False,False,valid,DD-MM-YYYY,False
533,533,Women,Outerwear,152.55,2019-06-21,533,Women,Outerwear,152.55,2019-06-21,False,False,False,False,False,False,valid,YYYY-MM-DD,False
534,534,Men,Shirts,251.99,2016-08-10,534,Men,Shirts,251.99,2016-08-10,False,False,False,False,False,False,valid,YYYY-MM-DD,False
535,535,Kids,Tops,87.98,2019-01-18,535,Kids,Tops,87.98,2019.01.18,False,False,False,False,False,False,valid,YYYY-MM-DD,False
536,536,Women,Lingerie,249.54,2018-07-31,536,Women,Lingerie,249.54,2018-07-31,False,False,False,False,False,False,valid,YYYY-MM-DD,False
537,537,Kids,Shoes,85.6,2017-10-19,537,Kids,Shoes,85.6,2017-10-19,False,False,False,False,False,False,valid,YYYY-MM-DD,False
538,538,Women,Dresses,191.67,2022-10-04,538,Women,Dresses,191.67,2022-10-04,False,False,False,False,False,False,valid,YYYY-MM-DD,False
539,539,Kids,Bottoms,60.27,2018-04-26,539,Kids,Bottoms,60.27,2018-04-26,False,False,False,False,False,False,valid,YYYY-MM-DD,False
540,540,Women,Tops,159.88,2021-12-14,540,Women,Tops,159.88,2021-12-14,False,False,False,False,False,False,valid,YYYY-MM-DD,False
541,541,Shoes,Boots,231.58,2022-03-16,541,Shoes,Boots,231.58,2022-03-16,False,False,False,False,False,False,valid,YYYY-MM-DD,False
542,542,Women,Tops,251.37,2021-08-29,542,Women,Tops,251.37,2021.08.29,False,False,False,False,False,False,valid,YYYY-MM-DD,False
543,543,Women,Tops,189.99,2017-09-10,543,Women,Tops,189.99,2017-09-10,False,False,False,False,False,False,valid,YYYY-MM-DD,False
544,544,Women,Outerwear,242.27,2023-04-18,544,Women,Outerwear,242.27,2023-04-18,False,False,False,False,False,False,valid,YYYY-MM-DD,False
545,545,Accessories,Bags,139.22,2017-05-14,545,Accessories,Bags,139.22,2017-05-14,False,False,False,False,False,False,valid,YYYY-MM-DD,False
546,546,Women,Lingerie,253.23,2017-10-09,546,Women,Lingerie,253.23,2017-10-09,False,False,False,False,False,False,valid,YYYY-MM-DD,False
547,547,Kids,Sleepwear,88.67,,547,Kids,Sleepwear,88.67,,False,False,False,False,False,False,missing,missing,False
548,548,Kids,Sleepwear,143.78,2018-05-25,548,Kids,Sleepwear,143.78,2018/05/25,False,False,False,False,False,False,valid,YYYY-MM-DD,False
549,549,Kids,Tops,79.08,2021-12-21,549,Kids,Tops,79.08,21-12-2021,False,False,False,False,False,False,valid,DD-MM-YYYY,False
550,550,Shoes,Sandals,177.84,2015-06-04,550,Shoes,Sandals,177.84,2015-06-04,False,False,False,False,False,False,valid,YYYY-MM-DD,False
551,551,Accessories,Jewelry,83.7,2021-02-22,551,Accessories,Jewelry,83.7,2021/02/22,False,False,False,False,False,False,valid,YYYY-MM-DD,False
552,552,Men,Jeans,253.24,2023-09-09,552,Men,Jeans,253.24,2023-09-09,False,False,False,False,False,False,valid,YYYY-MM-DD,False
553,553,Accessories,Scarves,144.58,2022-02-01,553,Accessories,Scarves,144.58,2022-02-01,False,False,False,False,False,False,valid,YYYY-MM-DD,False
554,554,Men,Outerwear,146.64,2020-10-28,554,Men,Outerwear,146.64,2020-10-28,False,False,False,False,False,False,valid,YYYY-MM-DD,False
555,555,Accessories,Scarves,157.47,2023-06-29,555,Accessories,Scarves,157.47,2023-06-29,False,False,False,False,False,False,valid,YYYY-MM-DD,False
556,556,Kids,Outerwear,105.47,2017-12-25,556,Kids,Outerwear,105.47,2017-12-25,False,False,False,False,False,False,valid,YYYY-MM-DD,False
557,557,Shoes,Loafers,328.14,2018-10-08,557,Shoes,Loafers,328.14,2018/10/08,False,False,False,False,False,False,valid,YYYY-MM-DD,False
558,558,Accessories,Bags,73.57,2015-09-11,558,Accessories,Bags,73.57,2015-09-11,False,False,False,False,False,False,valid,YYYY-MM-DD,False
559,559,Shoes,Boots,205.41,2021-12-26,559,Shoes,Boots,205.41,26-12-2021,False,False,False,False,False,False,valid,DD-MM-YYYY,False
560,560,Accessories,Belts,106.12,2022-03-27,560,Accessories,Belts,106.12,27-03-2022,False,False,False,False,False,False,valid,DD-MM-YYYY,False
561,561,Kids,Bottoms,45.59,2022-07-07,561,Kids,Bottoms,45.59,2022-07-07,False,False,False,False,False,False,valid,YYYY-MM-DD,False
562,562,Women,Tops,227.71,2022-06-28,562,Women,Tops,227.71,2022-06-28,False,False,False,False,False,False,valid,YYYY-MM-DD,False
563,563,Kids,Bottoms,83.92,2016-04-10,563,Kids,Bottoms,83.92,2016-04-10,False,False,False,False,False,False,valid,YYYY-MM-DD,False
564,564,Women,Dresses,213.28,2021-08-30,564,Women,Dresses,213.28,2021-08-30,False,False,False,False,False,False,valid,YYYY-MM-DD,False
565,565,Accessories,Scarves,190.79,2022-08-20,565,Accessories,Scarves,190.79,2022-08-20,False,False,False,False,False,False,valid,YYYY-MM-DD,False
566,566,Men,Activewear,145.87,2017-01-14,566,Men,Activewear,145.87,2017.01.14,False,False,False,False,False,False,valid,YYYY-MM-DD,False
567,567,Men,Suits,143.15,2019-10-07,567,Men,Suits,143.15,2019/10/07,False,False,False,False,False,False,valid,YYYY-MM-DD,False
568,568,Men,Suits,164.75,2024-02-18,568,Men,Suits,164.75,2024-02-18,False,False,False,False,False,False,valid,YYYY-MM-DD,False
569,569,Shoes,Sneakers,274.3,,569,Shoes,Sneakers,274.3,,False,False,False,False,False,False,missing,missing,False
570,570,Kids,Tops,77.25,2022-07-14,570,Kids,Tops,77.25,2022-07-14,False,False,False,False,False,False,valid,YYYY-MM-DD,False
571,571,Accessories,Hats,101.07,2020-04-21,571,Accessories,Hats,101.07,2020-04-21,False,False,False,False,False,False,valid,YYYY-MM-DD,False
572,572,Kids,Outerwear,113.79,2021-07-30,572,Kids,Outerwear,113.79,30-07-2021,False,False,False,False,False,False,valid,DD-MM-YYYY,False
573,573,Men,Jeans,175.15,2021-04-07,573,Men,Jeans,175.15,2021/04/07,False,False,False,False,False,False,valid,YYYY-MM-DD,False
574,574,Women,Activewear,87.99,2021-07-05,574,Women,Activewear,87.99,2021-07-05,False,False,False,False,False,False,valid,YYYY-MM-DD,False
575,575,Women,Outerwear,124.86,2022-10-18,575,Women,Outerwear,124.86,2022/10/18,False,False,False,False,False,False,valid,YYYY-MM-DD,False
576,576,Men,Suits,220.05,2024-01-17,576,Men,Suits,220.05,2024-01-17,False,False,False,False,False,False,valid,YYYY-MM-DD,False
577,577,Accessories,Bags,132.06,2017-12-16,577,Accessories,Bags,132.06,2017-12-16,False,False,False,False,False,False,valid,YYYY-MM-DD,False
578,578,Kids,Shoes,72.85,2024-04-14,578,Kids,Shoes,72.85,2024-04-14,False,False,False,False,False,False,valid,YYYY-MM-DD,False
579,579,Accessories,Belts,114.89,2021-04-12,579,Accessories,Belts,114.89,2021.04.12,False,False,False,False,False,False,valid,YYYY-MM-DD,False
580,580,Women,Jeans,180.6,2020-12-15,580,Women,Jeans,180.6,2020/12/15,False,False,False,False,False,False,valid,YYYY-MM-DD,False
581,581,Women,Jeans,213.11,2018-04-12,581,Women,Jeans,213.11,2018-04-12,False,False,False,False,False,False,valid,YYYY-MM-DD,False
582,582,Accessories,Jewelry,79.25,2019-03-03,582,Accessories,Jewelry,79.25,2019-03-03,False,False,False,False,False,False,valid,YYYY-MM-DD,False
583,583,Women,Tops,142.16,2021-07-08,583,Women,Tops,142.16,2021-07-08,False,False,False,False,False,False,valid,YYYY-MM-DD,False
584,584,Women,Tops,192.28,2018-08-21,584,Women,Tops,192.28,2018.08.21,False,False,False,False,False,False,valid,YYYY-MM-DD,False
585,585,Kids,Bottoms,87.75,,585,Kids,Bottoms,87.75,,False,False,False,False,False,False,missing,missing,False
586,586,Accessories,Belts,137.16,2023-03-12,586,Accessories,Belts,137.16,2023-03-12,False,False,False,False,False,False,valid,YYYY-MM-DD,False
587,587,Shoes,Sneakers,152.38,2019-02-26,587,Shoes,Sneakers,152.38,2019-02-26,False,False,False,False,False,False,valid,YYYY-MM-DD,False
588,588,Women,Tops,196.07,2021-06-12,588,Women,Tops,196.07,12-06-2021,False,False,False,False,False,False,valid,DD-MM-YYYY,True
589,589,Accessories,Belts,152.75,2015-04-24,589,Accessories,Belts,152.75,2015-04-24,False,False,False,False,False,False,valid,YYYY-MM-DD,False
590,590,Accessories,Hats,134.6,2015-10-10,590,Accessories,Hats,134.6,2015-10-10,False,False,False,False,False,False,valid,YYYY-MM-DD,False
591,591,Accessories,Belts,124.17,2023-06-26,591,Accessories,Belts,124.17,2023-06-26,False,False,False,False,False,False,valid,YYYY-MM-DD,False
592,592,Accessories,Belts,117.12,2016-06-03,592,Accessories,Belts,117.12,2016.06.03,False,False,False,False,False,False,valid,YYYY-MM-DD,False
593,593,Men,Suits,126.61,2022-12-17,593,Men,Suits,126.61,2022.12.17,False,False,False,False,False,False,valid,YYYY-MM-DD,False
594,594,Accessories,Belts,117.84,2024-01-02,594,Accessories,Belts,117.84,2024/01/02,False,False,False,False,False,False,valid,YYYY-MM-DD,False
595,595,Men,T-Shirts,210.39,2019-10-25,595,Men,T-Shirts,210.39,25-10-2019,False,False,False,False,False,False,valid,DD-MM-YYYY,False
596,596,Accessories,Scarves,116.43,2023-11-06,596,Accessories,Scarves,116.43,2023-11-06,False,False,False,False,False,False,valid,YYYY-MM-DD,False
597,597,Kids,Tops,69.98,2019-04-10,597,Kids,Tops,69.98,2019-04-10,False,False,False,False,False,False,valid,YYYY-MM-DD,False
598,598,Shoes,Boots,192.93,,598,Shoes,Boots,192.93,2024-07,False,False,False,False,False,False,partial_month,YYYY-MM,False
599,599,Shoes,Sneakers,231.05,2017-05-16,599,Shoes,Sneakers,231.05,2017-05-16,False,False,False,False,False,False,valid,YYYY-MM-DD,False
600,600,Shoes,Boots,199.46,2019-04-12,600,Shoes,Boots,199.46,2019/04/12,False,False,False,False,False,False,valid,YYYY-MM-DD,False
601,601,Shoes,Boots,246.69,2018-11-21,601,Shoes,Boots,246.69,2018-11-21,False,False,False,False,False,False,valid,YYYY-MM-DD,False
602,602,Shoes,Sneakers,248.76,2022-11-04,602,Shoes,Sneakers,248.76,2022-11-04,False,False,False,False,False,False,valid,YYYY-MM-DD,False
603,603,Shoes,Sneakers,268.89,2015-06-09,603,Shoes,Sneakers,268.89,2015/06/09,False,False,False,False,False,False,valid,YYYY-MM-DD,False
604,604,Women,Jeans,244.06,2023-04-14,604,Women,Jeans,244.06,2023-04-14,False,False,False,False,False,False,valid,YYYY-MM-DD,False
605,605,Accessories,Scarves,149.88,2015-03-27,605,Accessories,Scarves,149.88,2015/03/27,False,False,False,False,False,False,valid,YYYY-MM-DD,False
606,606,Kids,Bottoms,68.98,2018-02-27,606,Kids,Bottoms,68.98,27-02-2018,False,False,False,False,False,False,valid,DD-MM-YYYY,False
607,607,Men,T-Shirts,123.86,2020-12-17,607,Men,T-Shirts,123.86,2020-12-17,False,False,False,False,False,False,valid,YYYY-MM-DD,False
608,608,Kids,Bottoms,88.3,2016-06-14,608,Kids,Bottoms,88.3,2016-06-14,False,False,False,False,False,False,valid,YYYY-MM-DD,False
609,609,Accessories,Jewelry,106.46,2019-11-26,609,Accessories,Jewelry,106.46,2019/11/26,False,False,False,False,False,False,valid,YYYY-MM-DD,False
610,610,Accessories,Belts,85.85,2024-12-21,610,Accessories,Belts,85.85,2024-12-21,False,False,False,False,False,False,valid,YYYY-MM-DD,False
611,611,Accessories,Hats,106.75,2023-03-27,611,Accessories,Hats,106.75,2023/03/27,False,False,False,False,False,False,valid,YYYY-MM-DD,False
612,612,Kids,Sleepwear,79.32,2015-04-21,612,Kids,Sleepwear,79.32,2015-04-21,False,False,False,False,False,False,valid,YYYY-MM-DD,False
613,613,Shoes,Sneakers,183.05,2020-12-01,613,Shoes,Sneakers,183.05,2020-12-01,False,False,False,False,False,False,valid,YYYY-MM-DD,False
614,614,Men,T-Shirts,147.37,2020-12-22,614,Men,T-Shirts,147.37,2020-12-22,False,False,False,False,False,False,valid,YYYY-MM-DD,False
615,615,Shoes,Boots,284.81,2015-09-07,615,Shoes,Boots,284.81,2015-09-07,False,False,False,False,False,False,valid,YYYY-MM-DD,False
616,616,Shoes,Heels,230.96,2021-07-03,616,Shoes,Heels,230.96,2021/07/03,False,False,False,False,False,False,valid,YYYY-MM-DD,False
617,617,Men,Activewear,258.87,2020-03-18,617,Men,Activewear,258.87,2020-03-18,False,False,False,False,False,False,valid,YYYY-MM-DD,False
618,618,Men,Activewear,166.82,2021-10-26,618,Men,Activewear,166.82,2021-10-26,False,False,False,False,False,False,valid,YYYY-MM-DD,False
619,619,Women,Dresses,166.95,2017-12-22,619,Women,Dresses,166.95,2017-12-22,False,False,False,False,False,False,valid,YYYY-MM-DD,False
620,620,Women,Lingerie,180.19,2017-07-22,620,Women,Lingerie,180.19,22/07/2017,False,False,False,False,False,False,valid,DD-MM-YYYY,False
621,621,Kids,Sleepwear,95.77,2022-05-12,621,Kids,Sleepwear,95.77,12-05-2022,False,False,False,False,False,False,valid,DD-MM-YYYY,True
622,622,Kids,Shoes,99.79,2022-03-20,622,Kids,Shoes,99.79,2022-03-20,False,False,False,False,False,False,valid,YYYY-MM-DD,False
623,623,Women,Jeans,273.45,2016-08-13,623,Women,Jeans,273.45,2016-08-13,False,False,False,False,False,False,valid,YYYY-MM-DD,False
624,624,Kids,Sleepwear,70.98,2017-03-01,624,Kids,Sleepwear,70.98,01/03/2017,False,False,False,False,False,False,valid,DD-MM-YYYY,True
625,625,Shoes,Heels,267.25,2020-11-11,625,Shoes,Heels,267.25,2020-11-11,False,False,False,False,False,False,valid,YYYY-MM-DD,False
626,626,Men,T-Shirts,168.31,2023-04-17,626,Men,T-Shirts,168.31,2023-04-17,False,False,False,False,False,False,valid,YYYY-MM-DD,False
627,627,Men,Suits,97.16,2017-01-07,627,Men,Suits,97.16,2017-01-07,False,False,False,False,False,False,valid,YYYY-MM-DD,False
628,628,Men,T-Shirts,190.83,2017-03-11,628,Men,T-Shirts,190.83,2017/03/11,False,False,False,False,False,False,valid,YYYY-MM-DD,False
629,629,Kids,Outerwear,118.52,2023-01-29,629,Kids,Outerwear,118.52,2023-01-29,False,False,False,False,False,False,valid,YYYY-MM-DD,False
630,630,Men,Suits,125.71,2021-12-20,630,Men,Suits,125.71,2021.12.20,False,False,False,False,False,False,valid,YYYY-MM-DD,False
631,631,Shoes,Boots,219.51,2024-01-10,631,Shoes,Boots,219.51,2024-01-10,False,False,False,False,False,False,valid,YYYY-MM-DD,False
632,632,Men,Outerwear,90.99,2022-11-01,632,Men,Outerwear,90.99,01-11-2022,False,False,False,False,False,False,valid,DD-MM-YYYY,True
633,633,Kids,Sleepwear,61.68,2024-07-14,633,Kids,Sleepwear,61.68,2024-07-14,False,False,False,False,False,False,valid,YYYY-MM-DD,False
634,634,Men,Shirts,201.92,2016-11-21,634,Men,Shirts,201.92,2016-11-21,False,False,False,False,False,False,valid,YYYY-MM-DD,False
635,635,Women,Activewear,159.01,2017-09-20,635,Women,Activewear,159.01,20-09-2017,False,False,False,False,False,False,valid,DD-MM-YYYY,False
636,636,Shoes,Sneakers,159.02,2017-05-19,636,Shoes,Sneakers,159.02,2017/05/19,False,False,False,False,False,False,valid,YYYY-MM-DD,False
637,637,Men,Activewear,169.18,2015-07-22,637,Men,Activewear,169.18,22/07/2015,False,False,False,False,False,False,valid,DD-MM-YYYY,False
638,638,Men,Outerwear,139.1,2022-10-17,638,Men,Outerwear,139.1,2022.10.17,False,False,False,False,False,False,valid,YYYY-MM-DD,False
639,639,Shoes,Heels,194.1,2021-08-14,639,Shoes,Heels,194.1,2021-08-14,False,False,False,False,False,False,valid,YYYY-MM-DD,False
640,640,Accessories,Hats,142.18,,640,Accessories,Hats,142.18,,False,False,False,False,False,False,missing,missing,False
641,641,Shoes,Heels,156.1,2016-12-24,641,Shoes,Heels,156.1,2016.12.24,False,False,False,False,False,False,valid,YYYY-MM-DD,False
642,642,Accessories,Hats,92.84,,642,Accessories,Hats,92.84,,False,False,False,False,False,False,missing,missing,False
643,643,Accessories,Hats,124.62,,643,Accessories,Hats,124.62,,False,False,False,False,False,False,missing,missing,False
644,644,Kids,Outerwear,111.81,2019-07-23,644,Kids,Outerwear,111.81,2019-07-23,False,False,False,False,False,False,valid,YYYY-MM-DD,False
645,645,Shoes,Sandals,288.1,2017-11-21,645,Shoes,Sandals,288.1,2017-11-21,False,False,False,False,False,False,valid,YYYY-MM-DD,False
646,646,Men,Activewear,133.4,2024-04-20,646,Men,Activewear,133.4,2024-04-20,False,False,False,False,False,False,valid,YYYY-MM-DD,False
647,647,Kids,Sleepwear,111.09,2017-02-16,647,Kids,Sleepwear,111.09,2017-02-16,False,False,False,False,False,False,valid,YYYY-MM-DD,False
648,648,Kids,Shoes,72.36,2020-08-14,648,Kids,Shoes,72.36,2020/08/14,False,False,False,False,False,False,valid,YYYY-MM-DD,False
649,649,Accessories,Jewelry,174.79,2019-05-19,649,Accessories,Jewelry,174.79,2019-05-19,False,False,False,False,False,False,valid,YYYY-MM-DD,False
650,650,Accessories,Bags,85.99,2018-11-17,650,Accessories,Bags,85.99,17-11-2018,False,False,False,False,False,False,valid,DD-MM-YYYY,False
651,651,Kids,Sleepwear,119.89,2023-04-05,651,Kids,Sleepwear,119.89,2023/04/05,False,False,False,False,False,False,valid,YYYY-MM-DD,False
652,652,Shoes,Boots,183.89,2024-10-13,652,Shoes,Boots,183.89,2024-10-13,False,False,False,False,False,False,valid,YYYY-MM-DD,False
653,653,Men,Jeans,240.53,2015-01-22,653,Men,Jeans,240.53,2015-01-22,False,False,False,False,False,False,valid,YYYY-MM-DD,False
654,654,Accessories,Scarves,137.74,,654,Accessories,Scarves,137.74,,False,False,False,False,False,False,missing,missing,False
655,655,Kids,Tops,67.14,2016-03-11,655,Kids,Tops,67.14,2016-03-11,False,False,False,False,False,False,valid,YYYY-MM-DD,False
656,656,Kids,Shoes,78.25,2019-05-04,656,Kids,Shoes,78.25,04-05-2019,False,False,False,False,False,False,valid,DD-MM-YYYY,True
657,657,Shoes,Sandals,262.96,2021-03-04,657,Shoes,Sandals,262.96,2021/03/04,False,False,False,False,False,False,valid,YYYY-MM-DD,False
658,658,Shoes,Loafers,277.9,2019-02-12,658,Shoes,Loafers,277.9,2019-02-12,False,False,False,False,False,False,valid,YYYY-MM-DD,False
659,659,Women,Activewear,176.82,2018-02-03,659,Women,Activewear,176.82,2018/02/03,False,False,False,False,False,False,valid,YYYY-MM-DD,False
660,660,Men,T-Shirts,161.79,2018-02-14,660,Men,T-Shirts,161.79,2018/02/14,False,False,False,False,False,False,valid,YYYY-MM-DD,False
661,661,Women,Dresses,214.13,2017-12-31,661,Women,Dresses,214.13,2017-12-31,False,False,False,False,False,False,valid,YYYY-MM-DD,False
662,662,Shoes,Loafers,227.25,2018-04-04,662,Shoes,Loafers,227.25,2018-04-04,False,False,False,False,False,False,valid,YYYY-MM-DD,False
663,663,Women,Dresses,121.79,2018-09-28,663,Women,Dresses,121.79,2018/09/28,False,False,False,False,False,False,valid,YYYY-MM-DD,False
664,664,Men,Jeans,127.48,2021-11-17,664,Men,Jeans,127.48,2021-11-17,False,False,False,False,False,False,valid,YYYY-MM-DD,False
665,665,Kids,Tops,95.29,2015-12-17,665,Kids,Tops,95.29,2015-12-17,False,False,False,False,False,False,valid,YYYY-MM-DD,False
666,666,Shoes,Heels,286.85,2015-05-30,666,Shoes,Heels,286.85,2015-05-30,False,False,False,False,False,False,valid,YYYY-MM-DD,False
667,667,Kids,Sleepwear,126.36,2020-03-02,667,Kids,Sleepwear,126.36,2020.03.02,False,False,False,False,False,False,valid,YYYY-MM-DD,False
668,668,Accessories,Belts,143.39,2021-10-26,668,Accessories,Belts,143.39,2021-10-26,False,False,False,False,False,False,valid,YYYY-MM-DD,False
669,669,Accessories,Jewelry,128.62,2017-08-03,669,Accessories,Jewelry,128.62,2017-08-03,False,False,False,False,False,False,valid,YYYY-MM-DD,False
670,670,Women,Outerwear,213.7,2017-01-05,670,Women,Outerwear,213.7,05-01-2017,False,False,False,False,False,False,valid,DD-MM-YYYY,True
671,671,Accessories,Scarves,100.0,2021-04-01,671,Accessories,Scarves,100.0,2021-04-01,False,False,False,False,False,False,valid,YYYY-MM-DD,False
672,672,Shoes,Loafers,211.57,,672,Shoes,Loafers,211.57,,False,False,False,False,False,False,missing,missing,False
673,673,Shoes,Heels,174.67,2022-05-12,673,Shoes,Heels,174.67,2022.05.12,False,False,False,False,False,False,valid,YYYY-MM-DD,False
674,674,Women,Jeans,123.81,2016-06-19,674,Women,Jeans,123.81,2016-06-19,False,False,False,False,False,False,valid,YYYY-MM-DD,False
675,675,Shoes,Loafers,238.35,2016-03-18,675,Shoes,Loafers,238.35,2016.03.18,False,False,False,False,False,False,valid,YYYY-MM-DD,False
676,676,Shoes,Heels,230.2,2020-07-12,676,Shoes,Heels,230.2,2020/07/12,False,False,False,False,False,False,valid,YYYY-MM-DD,False
677,677,Kids,Sleepwear,105.47,2018-12-04,677,Kids,Sleepwear,105.47,2018-12-04,False,False,False,False,False,False,valid,YYYY-MM-DD,False
678,678,Women,Tops,204.58,2022-04-18,678,Women,Tops,204.58,2022-04-18,False,False,False,False,False,False,valid,YYYY-MM-DD,False
679,679,Kids,Bottoms,95.46,2020-01-23,679,Kids,Bottoms,95.46,2020/01/23,False,False,False,False,False,False,valid,YYYY-MM-DD,False
680,680,Accessories,Bags,136.7,2018-07-19,680,Accessories,Bags,136.7,2018-07-19,False,False,False,False,False,False,valid,YYYY-MM-DD,False
681,681,Shoes,Boots,217.65,2016-08-06,681,Shoes,Boots,217.65,2016-08-06,False,False,False,False,False,False,valid,YYYY-MM-DD,False
682,682,Women,Tops,198.58,2016-08-19,682,Women,Tops,198.58,2016/08/19,False,False,False,False,False,False,valid,YYYY-MM-DD,False
683,683,Accessories,Scarves,98.22,2022-07-24,683,Accessories,Scarves,98.22,2022/07/24,False,False,False,False,False,False,valid,YYYY-MM-DD,False
684,684,Accessories,Bags,131.09,2017-04-07,684,Accessories,Bags,131.09,2017-04-07,False,False,False,False,False,False,valid,YYYY-MM-DD,False
685,685,Women,Outerwear,210.08,,685,Women,Outerwear,210.08,,False,False,False,False,False,False,missing,missing,False
686,686,Accessories,Jewelry,99.91,2023-03-08,686,Accessories,Jewelry,99.91,2023.03.08,False,False,False,False,False,False,valid,YYYY-MM-DD,False
687,687,Kids,Sleepwear,91.17,2023-12-24,687,Kids,Sleepwear,91.17,2023-12-24,False,False,False,False,False,False,valid,YYYY-MM-DD,False
688,688,Kids,Outerwear,75.97,2017-09-04,688,Kids,Outerwear,75.97,2017-09-04,False,False,False,False,False,False,valid,YYYY-MM-DD,False
689,689,Kids,Tops,78.15,2016-02-05,689,Kids,Tops,78.15,2016-02-05,False,False,False,False,False,False,valid,YYYY-MM-DD,False
690,690,Shoes,Loafers,158.13,2022-09-30,690,Shoes,Loafers,158.13,2022-09-30,False,False,False,False,False,False,valid,YYYY-MM-DD,False
691,691,Accessories,Bags,157.97,2021-11-15,691,Accessories,Bags,157.97,2021-11-15,False,False,False,False,False,False,valid,YYYY-MM-DD,False
692,692,Shoes,Sandals,278.61,2018-04-24,692,Shoes,Sandals,278.61,2018-04-24,False,False,False,False,False,False,valid,YYYY-MM-DD,False
693,693,Accessories,Scarves,136.12,2020-12-08,693,Accessories,Scarves,136.12,08/12/2020,False,False,False,False,False,False,valid,DD-MM-YYYY,True
694,694,Accessories,Bags,179.17,2016-11-20,694,Accessories,Bags,179.17,20/11/2016,False,False,False,False,False,False,valid,DD-MM-YYYY,False
695,695,Women,Activewear,171.48,2022-01-03,695,Women,Activewear,171.48,2022/01/03,False,False,False,False,False,False,valid,YYYY-MM-DD,False
696,696,Men,Jeans,281.27,2022-04-10,696,Men,Jeans,281.27,10-04-2022,False,False,False,False,False,False,valid,DD-MM-YYYY,True
697,697,Shoes,Boots,207.49,,697,Shoes,Boots,207.49,,False,False,False,False,False,False,missing,missing,False
698,698,Kids,Shoes,95.74,2019-09-08,698,Kids,Shoes,95.74,2019-09-08,False,False,False,False,False,False,valid,YYYY-MM-DD,False
699,699,Women,Lingerie,162.1,2018-05-05,699,Women,Lingerie,162.1,2018-05-05,False,False,False,False,False,False,valid,YYYY-MM-DD,False
700,700,Women,Tops,196.75,2015-04-25,700,Women,Tops,196.75,2015-04-25,False,False,False,False,False,False,valid,YYYY-MM-DD,False
701,701,Kids,Shoes,108.8,2016-04-10,701,Kids,Shoes,108.8,2016-04-10,False,False,False,False,False,False,valid,YYYY-MM-DD,False
702,702,Shoes,Loafers,213.73,2024-08-07,702,Shoes,Loafers,213.73,2024-08-07,False,False,False,False,False,False,valid,YYYY-MM-DD,False
703,703,Women,Activewear,259.95,2019-07-24,703,Women,Activewear,259.95,2019-07-24,False,False,False,False,False,False,valid,YYYY-MM-DD,False
704,704,Women,Dresses,190.76,2016-06-23,704,Women,Dresses,190.76,2016-06-23,False,False,False,False,False,False,valid,YYYY-MM-DD,False
705,705,Women,Tops,192.17,2015-06-11,705,Women,Tops,192.17,2015-06-11,False,False,False,False,False,False,valid,YYYY-MM-DD,False
706,706,Kids,Sleepwear,69.55,2018-07-14,706,Kids,Sleepwear,69.55,2018-07-14,False,False,False,False,False,False,valid,YYYY-MM-DD,False
707,707,Women,Lingerie,198.83,2024-10-30,707,Women,Lingerie,198.83,2024-10-30,False,False,False,False,False,False,valid,YYYY-MM-DD,False
708,708,Kids,Shoes,86.98,2018-11-06,708,Kids,Shoes,86.98,2018-11-06,False,False,False,False,False,False,valid,YYYY-MM-DD,False
709,709,Kids,Outerwear,76.31,2024-12-30,709,Kids,Outerwear,76.31,2024-12-30,False,False,False,False,False,False,valid,YYYY-MM-DD,False
710,710,Kids,Bottoms,72.53,2019-11-23,710,Kids,Bottoms,72.53,2019-11-23,False,False,False,False,False,False,valid,YYYY-MM-DD,False
711,711,Shoes,Loafers,366.95,2022-08-22,711,Shoes,Loafers,366.95,2022-08-22,False,False,False,False,False,False,valid,YYYY-MM-DD,False
712,712,Kids,Bottoms,84.07,2022-11-09,712,Kids,Bottoms,84.07,2022-11-09,False,False,False,False,False,False,valid,YYYY-MM-DD,False
713,713,Shoes,Boots,139.87,2015-04-13,713,Shoes,Boots,139.87,2015-04-13,False,False,False,False,False,False,valid,YYYY-MM-DD,False
714,714,Shoes,Loafers,181.6,2015-01-23,714,Shoes,Loafers,181.6,2015/01/23,False,False,False,False,False,False,valid,YYYY-MM-DD,False
715,715,Accessories,Hats,118.45,2024-03-23,715,Accessories,Hats,118.45,2024-03-23,False,False,False,False,False,False,valid,YYYY-MM-DD,False
716,716,Shoes,Boots,250.07,2024-04-29,716,Shoes,Boots,250.07,2024-04-29,False,False,False,False,False,False,valid,YYYY-MM-DD,False
717,717,Kids,Tops,102.48,2016-04-29,717,Kids,Tops,102.48,29-04-2016,False,False,False,False,False,False,valid,DD-MM-YYYY,False
718,718,Kids,Outerwear,105.22,2021-06-17,718,Kids,Outerwear,105.22,2021-06-17,False,False,False,False,False,False,valid,YYYY-MM-DD,False
719,719,Men,T-Shirts,134.21,2024-03-28,719,Men,T-Shirts,134.21,2024/03/28,False,False,False,False,False,False,valid,YYYY-MM-DD,False
720,720,Kids,Outerwear,97.66,2024-07-04,720,Kids,Outerwear,97.66,2024/07/04,False,False,False,False,False,False,valid,YYYY-MM-DD,False
721,721,Women,Activewear,140.58,2017-12-18,721,Women,Activewear,140.58,2017-12-18,False,False,False,False,False,False,valid,YYYY-MM-DD,False
722,722,Accessories,Belts,101.41,2023-03-05,722,Accessories,Belts,101.41,05-03-2023,False,False,False,False,False,False,valid,DD-MM-YYYY,True
723,723,Accessories,Scarves,92.47,2021-06-19,723,Accessories,Scarves,92.47,2021/06/19,False,False,False,False,False,False,valid,YYYY-MM-DD,False
724,724,Women,Activewear,126.52,2024-04-12,724,Women,Activewear,126.52,2024-04-12,False,False,False,False,False,False,valid,YYYY-MM-DD,False
725,725,Shoes,Sandals,278.53,2016-06-19,725,Shoes,Sandals,278.53,2016-06-19,False,False,False,False,False,False,valid,YYYY-MM-DD,False
726,726,Women,Activewear,210.99,2021-01-04,726,Women,Activewear,210.99,04-01-2021,False,False,False,False,False,False,valid,DD-MM-YYYY,True
727,727,Shoes,Heels,273.72,2015-03-31,727,Shoes,Heels,273.72,31-03-2015,False,False,False,False,False,False,valid,DD-MM-YYYY,False
728,728,Women,Jeans,181.77,2018-07-29,728,Women,Jeans,181.77,2018-07-29,False,False,False,False,False,False,valid,YYYY-MM-DD,False
729,729,Kids,Sleepwear,107.48,2015-02-11,729,Kids,Sleepwear,107.48,2015-02-11,False,False,False,False,False,False,valid,YYYY-MM-DD,False
730,730,Shoes,Loafers,123.13,2019-06-06,730,Shoes,Loafers,123.13,06-06-2019,False,False,False,False,False,False,valid,DD-MM-YYYY,True
731,731,Shoes,Loafers,267.47,2023-02-10,731,Shoes,Loafers,267.47,2023.02.10,False,False,False,False,False,False,valid,YYYY-MM-DD,False
732,732,Kids,Bottoms,93.99,2021-07-31,732,Kids,Bottoms,93.99,2021-07-31,False,False,False,False,False,False,valid,YYYY-MM-DD,False
733,733,Accessories,Scarves,138.81,2018-03-03,733,Accessories,Scarves,138.81,2018-03-03,False,False,False,False,False,False,valid,YYYY-MM-DD,False
734,734,Shoes,Sneakers,240.9,,734,Shoes,Sneakers,240.9,,False,False,False,False,False,False,missing,missing,False
735,735,Men,Activewear,120.52,2018-09-04,735,Men,Activewear,120.52,2018-09-04,False,False,False,False,False,False,valid,YYYY-MM-DD,False
736,736,Shoes,Heels,137.61,2022-04-26,736,Shoes,Heels,137.61,2022.04.26,False,False,False,False,False,False,valid,YYYY-MM-DD,False
737,737,Shoes,Boots,180.84,2017-08-30,737,Shoes,Boots,180.84,2017-08-30,False,False,False,False,False,False,valid,YYYY-MM-DD,False
738,738,Men,T-Shirts,182.6,2015-12-02,738,Men,T-Shirts,182.6,2015-12-02,False,False,False,False,False,False,valid,YYYY-MM-DD,False
739,739,Shoes,Loafers,257.96,2020-01-26,739,Shoes,Loafers,257.96,2020-01-26,False,False,False,False,False,False,valid,YYYY-MM-DD,False
740,740,Accessories,Bags,78.96,2023-04-20,740,Accessories,Bags,78.96,2023/04/20,False,False,False,False,False,False,valid,YYYY-MM-DD,False
741,741,Accessories,Belts,90.57,2019-10-09,741,Accessories,Belts,90.57,2019-10-09,False,False,False,False,False,False,valid,YYYY-MM-DD,False
742,742,Shoes,Boots,180.22,2017-01-15,742,Shoes,Boots,180.22,2017.01.15,False,False,False,False,False,False,valid,YYYY-MM-DD,False
743,743,Shoes,Loafers,200.35,2015-06-18,743,Shoes,Loafers,200.35,2015-06-18,False,False,False,False,False,False,valid,YYYY-MM-DD,False
744,744,Men,Activewear,105.52,2024-06-10,744,Men,Activewear,105.52,10-06-2024,False,False,False,False,False,False,valid,DD-MM-YYYY,True
745,745,Shoes,Sandals,141.79,2022-08-10,745,Shoes,Sandals,141.79,2022/08/10,False,False,False,False,False,False,valid,YYYY-MM-DD,False
746,746,Men,Suits,127.13,2016-07-22,746,Men,Suits,127.13,2016-07-22,False,False,False,False,False,False,valid,YYYY-MM-DD,False
747,747,Kids,Sleepwear,91.94,2015-09-28,747,Kids,Sleepwear,91.94,2015-09-28,False,False,False,False,False,False,valid,YYYY-MM-DD,False
748,748,Men,Shirts,112.78,2016-04-16,748,Men,Shirts,112.78,16/04/2016,False,False,False,False,False,False,valid,DD-MM-YYYY,False
749,749,Men,Shirts,155.37,2018-10-07,749,Men,Shirts,155.37,07-10-2018,False,False,False,False,False,False,valid,DD-MM-YYYY,True
750,750,Women,Jeans,227.63,2023-02-13,750,Women,Jeans,227.63,2023-02-13,False,False,False,False,False,False,valid,YYYY-MM-DD,False
751,751,Accessories,Belts,80.95,2016-08-07,751,Accessories,Belts,80.95,2016-08-07,False,False,False,False,False,False,valid,YYYY-MM-DD,False
752,752,Women,Activewear,170.71,2023-03-10,752,Women,Activewear,170.71,2023-03-10,False,False,False,False,False,False,valid,YYYY-MM-DD,False
753,753,Women,Dresses,226.11,2015-01-07,753,Women,Dresses,226.11,2015/01/07,False,False,False,False,False,False,valid,YYYY-MM-DD,False
754,754,Accessories,Belts,107.45,2022-05-22,754,Accessories,Belts,107.45,22-05-2022,False,False,False,False,False,False,valid,DD-MM-YYYY,False
755,755,Kids,Bottoms,77.09,2017-10-28,755,Kids,Bottoms,77.09,2017-10-28,False,False,False,False,False,False,valid,YYYY-MM-DD,False
756,756,Kids,Tops,116.18,2024-08-09,756,Kids,Tops,116.18,09-08-2024,False,False,False,False,False,False,valid,DD-MM-YYYY,True
757,757,Shoes,Sneakers,203.16,2019-10-05,757,Shoes,Sneakers,203.16,2019-10-05,False,False,False,False,False,False,valid,YYYY-MM-DD,False
758,758,Men,Jeans,204.18,2017-09-15,758,Men,Jeans,204.18,2017/09/15,False,False,False,False,False,False,valid,YYYY-MM-DD,False
759,759,Women,Outerwear,199.3,2017-06-06,759,Women,Outerwear,199.3,2017-06-06,False,False,False,False,False,False,valid,YYYY-MM-DD,False
760,760,Shoes,Heels,201.14,2023-04-08,760,Shoes,Heels,201.14,2023-04-08,False,False,False,False,False,False,valid,YYYY-MM-DD,False
761,761,Women,Jeans,201.59,2019-01-12,761,Women,Jeans,201.59,2019-01-12,False,False,False,False,False,False,valid,YYYY-MM-DD,False
762,762,Kids,Outerwear,97.21,2018-07-10,762,Kids,Outerwear,97.21,2018-07-10,False,False,False,False,False,False,valid,YYYY-MM-DD,False
763,763,Accessories,Scarves,150.63,2022-05-11,763,Accessories,Scarves,150.63,2022-05-11,False,False,False,False,False,False,valid,YYYY-MM-DD,False
764,764,Accessories,Jewelry,103.55,2020-05-17,764,Accessories,Jewelry,103.55,2020/05/17,False,False,False,False,False,False,valid,YYYY-MM-DD,False
765,765,Men,Activewear,161.65,2021-08-21,765,Men,Activewear,161.65,2021-08-21,False,False,False,False,False,False,valid,YYYY-MM-DD,False
766,766,Shoes,Sandals,216.62,2019-06-16,766,Shoes,Sandals,216.62,2019-06-16,False,False,False,False,False,False,valid,YYYY-MM-DD,False
767,767,Shoes,Sandals,258.73,2015-08-22,767,Shoes,Sandals,258.73,2015-08-22,False,False,False,False,False,False,valid,YYYY-MM-DD,False
768,768,Kids,Sleepwear,66.93,2015-01-22,768,Kids,Sleepwear,66.93,2015-01-22,False,False,False,False,False,False,valid,YYYY-MM-DD,False
769,769,Women,Dresses,225.76,2015-05-23,769,Women,Dresses,225.76,2015-05-23,False,False,False,False,False,False,valid,YYYY-MM-DD,False
770,770,Men,T-Shirts,178.65,2020-09-29,770,Men,T-Shirts,178.65,2020-09-29,False,False,False,False,False,False,valid,YYYY-MM-DD,False
771,771,Shoes,Sneakers,147.57,2020-02-20,771,Shoes,Sneakers,147.57,2020/02/20,False,False,False,False,False,False,valid,YYYY-MM-DD,False
772,772,Accessories,Hats,156.25,2022-06-23,772,Accessories,Hats,156.25,2022/06/23,False,False,False,False,False,False,valid,YYYY-MM-DD,False
773,773,Women,Outerwear,280.53,2023-12-13,773,Women,Outerwear,280.53,2023-12-13,False,False,False,False,False,False,valid,YYYY-MM-DD,False
774,774,Shoes,Heels,275.1,2016-09-29,774,Shoes,Heels,275.1,2016/09/29,False,False,False,False,False,False,valid,YYYY-MM-DD,False
775,775,Accessories,Belts,162.81,2024-07-28,775,Accessories,Belts,162.81,2024-07-28,False,False,False,False,False,False,valid,YYYY-MM-DD,False
776,776,Accessories,Jewelry,122.56,2024-04-26,776,Accessories,Jewelry,122.56,2024-04-26,False,False,False,False,False,False,valid,YYYY-MM-DD,False
777,777,Kids,Tops,52.62,2021-02-28,777,Kids,Tops,52.62,2021-02-28,False,False,False,False,False,False,valid,YYYY-MM-DD,False
778,778,Women,Tops,97.01,2020-04-21,778,Women,Tops,97.01,2020-04-21,False,False,False,False,False,False,valid,YYYY-MM-DD,False
779,779,Men,T-Shirts,170.2,2016-10-07,779,Men,T-Shirts,170.2,2016-10-07,False,False,False,False,False,False,valid,YYYY-MM-DD,False
780,780,Accessories,Scarves,102.24,2016-10-13,780,Accessories,Scarves,102.24,2016/10/13,False,False,False,False,False,False,valid,YYYY-MM-DD,False
781,781,Accessories,Bags,92.56,2015-03-10,781,Accessories,Bags,92.56,10-03-2015,False,False,False,False,False,False,valid,DD-MM-YYYY,True
782,782,Shoes,Sandals,216.55,2021-06-17,782,Shoes,Sandals,216.55,2021-06-17,False,False,False,False,False,False,valid,YYYY-MM-DD,False
783,783,Women,Lingerie,207.7,2019-05-02,783,Women,Lingerie,207.7,02-05-2019,False,False,False,False,False,False,valid,DD-MM-YYYY,True
784,784,Women,Dresses,114.63,2016-12-02,784,Women,Dresses,114.63,2016-12-02,False,False,False,False,False,False,valid,YYYY-MM-DD,False
785,785,Kids,Outerwear,79.9,2016-05-03,785,Kids,Outerwear,79.9,2016/05/03,False,False,False,False,False,False,valid,YYYY-MM-DD,False
786,786,Kids,Outerwear,123.97,2015-08-21,786,Kids,Outerwear,123.97,2015-08-21,False,False,False,False,False,False,valid,YYYY-MM-DD,False
787,787,Women,Dresses,131.61,2021-05-30,787,Women,Dresses,131.61,2021-05-30,False,False,False,False,False,False,valid,YYYY-MM-DD,False
788,788,Shoes,Boots,267.84,2021-11-08,788,Shoes,Boots,267.84,2021-11-08,False,False,False,False,False,False,valid,YYYY-MM-DD,False
789,789,Kids,Tops,79.09,,789,Kids,Tops,79.09,,False,False,False,False,False,False,missing,missing,False
790,790,Women,Tops,204.56,2016-02-09,790,Women,Tops,204.56,2016-02-09,False,False,False,False,False,False,valid,YYYY-MM-DD,False
791,791,Women,Jeans,229.38,2015-06-01,791,Women,Jeans,229.38,2015-06-01,False,False,False,False,False,False,valid,YYYY-MM-DD,False
792,792,Kids,Outerwear,106.68,2016-01-24,792,Kids,Outerwear,106.68,2016-01-24,False,False,False,False,False,False,valid,YYYY-MM-DD,False
793,793,Shoes,Boots,270.0,2022-07-08,793,Shoes,Boots,270.0,2022-07-08,False,False,False,False,False,False,valid,YYYY-MM-DD,False
794,794,Accessories,Belts,85.45,2022-05-27,794,Accessories,Belts,85.45,2022/05/27,False,False,False,False,False,False,valid,YYYY-MM-DD,False
795,795,Kids,Tops,115.06,2017-12-13,795,Kids,Tops,115.06,13/12/2017,False,False,False,False,False,False,valid,DD-MM-YYYY,False
796,796,Men,Suits,125.89,2015-07-21,796,Men,Suits,125.89,2015-07-21,False,False,False,False,False,False,valid,YYYY-MM-DD,False
797,797,Accessories,Belts,127.79,,797,Accessories,Belts,127.79,,False,False,False,False,False,False,missing,missing,False
798,798,Kids,Shoes,95.81,2023-02-06,798,Kids,Shoes,95.81,2023/02/06,False,False,False,False,False,False,valid,YYYY-MM-DD,False
799,799,Men,Activewear,179.4,2016-06-07,799,Men,Activewear,179.4,2016-06-07,False,False,False,False,False,False,valid,YYYY-MM-DD,False
800,800,Kids,Shoes,97.58,2022-12-18,800,Kids,Shoes,97.58,2022-12-18,False,False,False,False,False,False,valid,YYYY-MM-DD,False
801,801,Women,Outerwear,142.03,2019-08-20,801,Women,Outerwear,142.03,2019/08/20,False,False,False,False,False,False,valid,YYYY-MM-DD,False
802,802,Men,Jeans,106.01,2016-05-31,802,Men,Jeans,106.01,2016.05.31,False,False,False,False,False,False,valid,YYYY-MM-DD,False
803,803,Kids,Sleepwear,109.63,2024-05-04,803,Kids,Sleepwear,109.63,2024-05-04,False,False,False,False,False,False,valid,YYYY-MM-DD,False
804,804,Accessories,Belts,125.58,2020-03-08,804,Accessories,Belts,125.58,2020/03/08,False,False,False,False,False,False,valid,YYYY-MM-DD,False
805,805,Shoes,Sneakers,283.22,2021-09-19,805,Shoes,Sneakers,283.22,2021-09-19,False,False,False,False,False,False,valid,YYYY-MM-DD,False
806,806,Shoes,Boots,217.54,2015-12-19,806,Shoes,Boots,217.54,2015-12-19,False,False,False,False,False,False,valid,YYYY-MM-DD,False
807,807,Kids,Bottoms,58.38,2018-09-19,807,Kids,Bottoms,58.38,2018/09/19,False,False,False,False,False,False,valid,YYYY-MM-DD,False
808,808,Women,Dresses,223.48,2021-04-29,808,Women,Dresses,223.48,2021/04/29,False,False,False,False,False,False,valid,YYYY-MM-DD,False
809,809,Men,Shirts,145.19,2021-06-15,809,Men,Shirts,145.19,2021-06-15,False,False,False,False,False,False,valid,YYYY-MM-DD,False
810,810,Accessories,Jewelry,130.26,2015-08-18,810,Accessories,Jewelry,130.26,18-08-2015,False,False,False,False,False,False,valid,DD-MM-YYYY,False
811,811,Women,Outerwear,150.86,2021-01-16,811,Women,Outerwear,150.86,2021-01-16,False,False,False,False,False,False,valid,YYYY-MM-DD,False
812,812,Accessories,Hats,169.33,2024-06-12,812,Accessories,Hats,169.33,2024-06-12,False,False,False,False,False,False,valid,YYYY-MM-DD,False
813,813,Shoes,Loafers,171.79,2022-11-12,813,Shoes,Loafers,171.79,12-11-2022,False,False,False,False,False,False,valid,DD-MM-YYYY,True
814,814,Men,Jeans,146.5,2017-01-28,814,Men,Jeans,146.5,28/01/2017,False,False,False,False,False,False,valid,DD-MM-YYYY,False
815,815,Shoes,Heels,225.91,2024-02-16,815,Shoes,Heels,225.91,2024-02-16,False,False,False,False,False,False,valid,YYYY-MM-DD,False
816,816,Accessories,Jewelry,87.23,2021-10-30,816,Accessories,Jewelry,87.23,2021-10-30,False,False,False,False,False,False,valid,YYYY-MM-DD,False
817,817,Women,Outerwear,194.87,2015-07-28,817,Women,Outerwear,194.87,2015-07-28,False,False,False,False,False,False,valid,YYYY-MM-DD,False
818,818,Women,Jeans,252.54,2016-04-13,818,Women,Jeans,252.54,2016-04-13,False,False,False,False,False,False,valid,YYYY-MM-DD,False
819,819,Shoes,Boots,193.02,2024-03-19,819,Shoes,Boots,193.02,2024-03-19,False,False,False,False,False,False,valid,YYYY-MM-DD,False
820,820,Accessories,Bags,131.85,2017-02-04,820,Accessories,Bags,131.85,2017-02-04,False,False,False,False,False,False,valid,YYYY-MM-DD,False
821,821,Women,Dresses,56.28,,821,Women,Dresses,56.28,,False,False,False,False,False,False,missing,missing,False
822,822,Shoes,Sneakers,217.86,2019-07-06,822,Shoes,Sneakers,217.86,2019-07-06,False,False,False,False,False,False,valid,YYYY-MM-DD,False
823,823,Women,Activewear,165.91,2020-04-04,823,Women,Activewear,165.91,2020-04-04,False,False,False,False,False,False,valid,YYYY-MM-DD,False
824,824,Shoes,Sandals,174.98,2020-09-24,824,Shoes,Sandals,174.98,2020/09/24,False,False,False,False,False,False,valid,YYYY-MM-DD,False
825,825,Shoes,Heels,279.48,2021-08-03,825,Shoes,Heels,279.48,2021-08-03,False,False,False,False,False,False,valid,YYYY-MM-DD,False
826,826,Women,Activewear,165.32,2024-12-27,826,Women,Activewear,165.32,2024-12-27,False,False,False,False,False,False,valid,YYYY-MM-DD,False
827,827,Shoes,Sneakers,210.24,2022-08-05,827,Shoes,Sneakers,210.24,2022-08-05,False,False,False,False,False,False,valid,YYYY-MM-DD,False
828,828,Accessories,Belts,108.68,2015-04-05,828,Accessories,Belts,108.68,2015/04/05,False,False,False,False,False,False,valid,YYYY-MM-DD,False
829,829,Accessories,Belts,62.5,2015-11-20,829,Accessories,Belts,62.5,2015-11-20,False,False,False,False,False,False,valid,YYYY-MM-DD,False
830,830,Women,Lingerie,129.06,2015-01-02,830,Women,Lingerie,129.06,2015.01.02,False,False,False,False,False,False,valid,YYYY-MM-DD,False
831,831,Men,Activewear,198.44,2018-12-14,831,Men,Activewear,198.44,2018-12-14,False,False,False,False,False,False,valid,YYYY-MM-DD,False
832,832,Men,T-Shirts,75.6,2018-07-03,832,Men,T-Shirts,75.6,2018/07/03,False,False,False,False,False,False,valid,YYYY-MM-DD,False
833,833,Kids,Bottoms,72.76,2024-05-03,833,Kids,Bottoms,72.76,03-05-2024,False,False,False,False,False,False,valid,DD-MM-YYYY,True
834,834,Women,Lingerie,162.01,2018-08-30,834,Women,Lingerie,162.01,30-08-2018,False,False,False,False,False,False,valid,DD-MM-YYYY,False
835,835,Accessories,Bags,172.31,2015-04-22,835,Accessories,Bags,172.31,2015-04-22,False,False,False,False,False,False,valid,YYYY-MM-DD,False
836,836,Shoes,Boots,262.27,2023-11-03,836,Shoes,Boots,262.27,2023-11-03,False,False,False,False,False,False,valid,YYYY-MM-DD,False
837,837,Accessories,Hats,103.28,2017-08-08,837,Accessories,Hats,103.28,2017-08-08,False,False,False,False,False,False,valid,YYYY-MM-DD,False
838,838,Women,Dresses,238.7,2024-02-16,838,Women,Dresses,238.7,2024/02/16,False,False,False,False,False,False,valid,YYYY-MM-DD,False
839,839,Women,Lingerie,146.68,2022-09-30,839,Women,Lingerie,146.68,2022-09-30,False,False,False,False,False,False,valid,YYYY-MM-DD,False
840,840,Accessories,Jewelry,150.27,2023-10-22,840,Accessories,Jewelry,150.27,2023-10-22,False,False,False,False,False,False,valid,YYYY-MM-DD,False
841,841,Men,Activewear,105.64,2023-03-14,841,Men,Activewear,105.64,2023-03-14,False,False,False,False,False,False,valid,YYYY-MM-DD,False
842,842,Shoes,Boots,279.03,2016-06-07,842,Shoes,Boots,279.03,2016/06/07,False,False,False,False,False,False,valid,YYYY-MM-DD,False
843,843,Accessories,Bags,107.82,2021-04-06,843,Accessories,Bags,107.82,2021-04-06,False,False,False,False,False,False,valid,YYYY-MM-DD,False
844,844,Women,Outerwear,133.72,,844,Women,Outerwear,133.72,,False,False,False,False,False,False,missing,missing,False
845,845,Women,Outerwear,170.23,2021-04-15,845,Women,Outerwear,170.23,15-04-2021,False,False,False,False,False,False,valid,DD-MM-YYYY,False
846,846,Women,Activewear,192.48,2022-06-17,846,Women,Activewear,192.48,2022.06.17,False,False,False,False,False,False,valid,YYYY-MM-DD,False
847,847,Women,Outerwear,157.74,2020-01-04,847,Women,Outerwear,157.74,2020-01-04,False,False,False,False,False,False,valid,YYYY-MM-DD,False
848,848,Women,Dresses,204.93,2018-02-15,848,Women,Dresses,204.93,15-02-2018,False,False,False,False,False,False,valid,DD-MM-YYYY,False
849,849,Accessories,Bags,102.51,2024-03-01,849,Accessories,Bags,102.51,01/03/2024,False,False,False,False,False,False,valid,DD-MM-YYYY,True
850,850,Shoes,Sandals,254.12,2021-08-19,850,Shoes,Sandals,254.12,2021-08-19,False,False,False,False,False,False,valid,YYYY-MM-DD,False
851,851,Accessories,Bags,133.27,2023-11-09,851,Accessories,Bags,133.27,2023.11.09,False,False,False,False,False,False,valid,YYYY-MM-DD,False
852,852,Accessories,Jewelry,118.17,2017-05-16,852,Accessories,Jewelry,118.17,16-05-2017,False,False,False,False,False,False,valid,DD-MM-YYYY,False
853,853,Accessories,Bags,106.76,2023-05-21,853,Accessories,Bags,106.76,2023.05.21,False,False,False,False,False,False,valid,YYYY-MM-DD,False
854,854,Men,Suits,166.06,2018-03-27,854,Men,Suits,166.06,27-03-2018,False,False,False,False,False,False,valid,DD-MM-YYYY,False
855,855,Men,T-Shirts,182.01,2019-08-10,855,Men,T-Shirts,182.01,2019-08-10,False,False,False,False,False,False,valid,YYYY-MM-DD,False
856,856,Accessories,Hats,181.85,2023-08-10,856,Accessories,Hats,181.85,2023-08-10,False,False,False,False,False,False,valid,YYYY-MM-DD,False
857,857,Men,Shirts,197.58,2018-07-19,857,Men,Shirts,197.58,2018.07.19,False,False,False,False,False,False,valid,YYYY-MM-DD,False
858,858,Women,Lingerie,223.92,2017-07-04,858,Women,Lingerie,223.92,04-07-2017,False,False,False,False,False,False,valid,DD-MM-YYYY,True
859,859,Shoes,Sneakers,389.87,2024-02-27,859,Shoes,Sneakers,389.87,2024-02-27,False,False,False,False,False,False,valid,YYYY-MM-DD,False
860,860,Accessories,Hats,135.48,2024-08-23,860,Accessories,Hats,135.48,2024/08/23,False,False,False,False,False,False,valid,YYYY-MM-DD,False
861,861,Accessories,Jewelry,134.54,2018-02-10,861,Accessories,Jewelry,134.54,10-02-2018,False,False,False,False,False,False,valid,DD-MM-YYYY,True
862,862,Accessories,Scarves,141.12,2018-01-23,862,Accessories,Scarves,141.12,2018-01-23,False,False,False,False,False,False,valid,YYYY-MM-DD,False
863,863,Women,Dresses,134.6,2017-04-11,863,Women,Dresses,134.6,2017/04/11,False,False,False,False,False,False,valid,YYYY-MM-DD,False
864,864,Shoes,Loafers,195.59,2015-03-27,864,Shoes,Loafers,195.59,2015-03-27,False,False,False,False,False,False,valid,YYYY-MM-DD,False
865,865,Accessories,Bags,104.81,,865,Accessories,Bags,104.81,,False,False,False,False,False,False,missing,missing,False
866,866,Shoes,Sandals,255.62,2017-07-20,866,Shoes,Sandals,255.62,2017/07/20,False,False,False,False,False,False,valid,YYYY-MM-DD,False
867,867,Accessories,Scarves,114.77,2023-06-29,867,Accessories,Scarves,114.77,2023-06-29,False,False,False,False,False,False,valid,YYYY-MM-DD,False
868,868,Accessories,Belts,124.15,2016-09-17,868,Accessories,Belts,124.15,2016-09-17,False,False,False,False,False,False,valid,YYYY-MM-DD,False
869,869,Kids,Outerwear,114.47,2021-05-09,869,Kids,Outerwear,114.47,2021.05.09,False,False,False,False,False,False,valid,YYYY-MM-DD,False
870,870,Women,Dresses,218.84,2020-01-26,870,Women,Dresses,218.84,2020-01-26,False,False,False,False,False,False,valid,YYYY-MM-DD,False
871,871,Kids,Shoes,86.36,2021-02-13,871,Kids,Shoes,86.36,2021-02-13,False,False,False,False,False,False,valid,YYYY-MM-DD,False
872,872,Men,Jeans,133.2,2016-02-16,872,Men,Jeans,133.2,16/02/2016,False,False,False,False,False,False,valid,DD-MM-YYYY,False
873,873,Women,Tops,231.09,2019-09-01,873,Women,Tops,231.09,2019-09-01,False,False,False,False,False,False,valid,YYYY-MM-DD,False
874,874,Women,Outerwear,214.83,2021-04-05,874,Women,Outerwear,214.83,2021-04-05,False,False,False,False,False,False,valid,YYYY-MM-DD,False
875,875,Shoes,Sandals,131.66,2018-05-30,875,Shoes,Sandals,131.66,2018-05-30,False,False,False,False,False,False,valid,YYYY-MM-DD,False
876,876,Kids,Outerwear,82.95,2023-10-02,876,Kids,Outerwear,82.95,2023-10-02,False,False,False,False,False,False,valid,YYYY-MM-DD,False
877,877,Kids,Outerwear,93.72,2020-04-18,877,Kids,Outerwear,93.72,2020-04-18,False,False,False,False,False,False,valid,YYYY-MM-DD,False
878,878,Shoes,Heels,262.84,2018-08-17,878,Shoes,Heels,262.84,2018-08-17,False,False,False,False,False,False,valid,YYYY-MM-DD,False
879,879,Kids,Shoes,110.48,2015-04-23,879,Kids,Shoes,110.48,23-04-2015,False,False,False,False,False,False,valid,DD-MM-YYYY,False
880,880,Shoes,Boots,235.61,2016-09-07,880,Shoes,Boots,235.61,2016.09.07,False,False,False,False,False,False,valid,YYYY-MM-DD,False
881,881,Women,Activewear,206.34,2019-10-07,881,Women,Activewear,206.34,2019/10/07,False,False,False,False,False,False,valid,YYYY-MM-DD,False
882,882,Accessories,Scarves,121.92,2019-01-01,882,Accessories,Scarves,121.92,2019-01-01,False,False,False,False,False,False,valid,YYYY-MM-DD,False
883,883,Kids,Shoes,74.84,2023-09-19,883,Kids,Shoes,74.84,2023-09-19,False,False,False,False,False,False,valid,YYYY-MM-DD,False
884,884,Women,Lingerie,168.24,2022-11-11,884,Women,Lingerie,168.24,2022.11.11,False,False,False,False,False,False,valid,YYYY-MM-DD,False
885,885,Accessories,Scarves,120.57,2016-08-03,885,Accessories,Scarves,120.57,2016.08.03,False,False,False,False,False,False,valid,YYYY-MM-DD,False
886,886,Shoes,Boots,218.09,2020-11-30,886,Shoes,Boots,218.09,2020-11-30,False,False,False,False,False,False,valid,YYYY-MM-DD,False
887,887,Women,Activewear,95.15,2019-07-18,887,Women,Activewear,95.15,2019/07/18,False,False,False,False,False,False,valid,YYYY-MM-DD,False
888,888,Women,Activewear,162.11,2016-01-05,888,Women,Activewear,162.11,2016/01/05,False,False,False,False,False,False,valid,YYYY-MM-DD,False
889,889,Women,Tops,182.53,2021-08-29,889,Women,Tops,182.53,2021-08-29,False,False,False,False,False,False,valid,YYYY-MM-DD,False
890,890,Men,Suits,148.75,2020-05-16,890,Men,Suits,148.75,2020.05.16,False,False,False,False,False,False,valid,YYYY-MM-DD,False
891,891,Women,Tops,168.89,2015-11-16,891,Women,Tops,168.89,2015-11-16,False,False,False,False,False,False,valid,YYYY-MM-DD,False
892,892,Shoes,Heels,246.84,2019-09-06,892,Shoes,Heels,246.84,2019-09-06,False,False,False,False,False,False,valid,YYYY-MM-DD,False
893,893,Kids,Sleepwear,65.72,2022-04-26,893,Kids,Sleepwear,65.72,2022-04-26,False,False,False,False,False,False,valid,YYYY-MM-DD,False
894,894,Accessories,Bags,71.16,2018-04-09,894,Accessories,Bags,71.16,2018-04-09,False,False,False,False,False,False,valid,YYYY-MM-DD,False
895,895,Shoes,Boots,200.85,2018-07-27,895,Shoes,Boots,200.85,27/07/2018,False,False,False,False,False,False,valid,DD-MM-YYYY,False
896,896,Shoes,Sandals,262.03,2016-02-07,896,Shoes,Sandals,262.03,2016-02-07,False,False,False,False,False,False,valid,YYYY-MM-DD,False
897,897,Kids,Outerwear,127.97,2017-01-16,897,Kids,Outerwear,127.97,16/01/2017,False,False,False,False,False,False,valid,DD-MM-YYYY,False
898,898,Women,Lingerie,215.2,2024-10-24,898,Women,Lingerie,215.2,2024-10-24,False,False,False,False,False,False,valid,YYYY-MM-DD,False
899,899,Women,Dresses,113.93,2021-03-17,899,Women,Dresses,113.93,2021-03-17,False,False,False,False,False,False,valid,YYYY-MM-DD,False
900,900,Shoes,Sandals,207.22,2016-10-05,900,Shoes,Sandals,207.22,2016-10-05,False,False,False,False,False,False,valid,YYYY-MM-DD,False
901,901,Women,Activewear,191.55,2019-10-30,901,Women,Activewear,191.55,2019.10.30,False,False,False,False,False,False,valid,YYYY-MM-DD,False
902,902,Women,Lingerie,187.99,2016-12-05,902,Women,Lingerie,187.99,2016-12-05,False,False,False,False,False,False,valid,YYYY-MM-DD,False
903,903,Men,Shirts,181.57,2019-06-06,903,Men,Shirts,181.57,2019-06-06,False,False,False,False,False,False,valid,YYYY-MM-DD,False
904,904,Accessories,Jewelry,92.49,2016-06-15,904,Accessories,Jewelry,92.49,2016-06-15,False,False,False,False,False,False,valid,YYYY-MM-DD,False
905,905,Kids,Bottoms,91.46,2021-03-10,905,Kids,Bottoms,91.46,2021-03-10,False,False,False,False,False,False,valid,YYYY-MM-DD,False
906,906,Shoes,Boots,243.12,2020-09-13,906,Shoes,Boots,243.12,2020-09-13,False,False,False,False,False,False,valid,YYYY-MM-DD,False
907,907,Kids,Bottoms,108.58,2021-05-02,907,Kids,Bottoms,108.58,2021-05-02,False,False,False,False,False,False,valid,YYYY-MM-DD,False
908,908,Women,Outerwear,143.74,2019-06-09,908,Women,Outerwear,143.74,2019-06-09,False,False,False,False,False,False,valid,YYYY-MM-DD,False
909,909,Men,Activewear,146.19,2017-11-10,909,Men,Activewear,146.19,2017/11/10,False,False,False,False,False,False,valid,YYYY-MM-DD,False
910,910,Women,Jeans,58.33,2017-06-30,910,Women,Jeans,58.33,2017/06/30,False,False,False,False,False,False,valid,YYYY-MM-DD,False
911,911,Shoes,Sneakers,185.82,,911,Shoes,Sneakers,185.82,,False,False,False,False,False,False,missing,missing,False
912,912,Women,Lingerie,156.4,2019-04-18,912,Women,Lingerie,156.4,18-04-2019,False,False,False,False,False,False,valid,DD-MM-YYYY,False
913,913,Men,Jeans,119.22,2019-07-08,913,Men,Jeans,119.22,2019/07/08,False,False,False,False,False,False,valid,YYYY-MM-DD,False
914,914,Accessories,Bags,124.97,2021-09-26,914,Accessories,Bags,124.97,2021-09-26,False,False,False,False,False,False,valid,YYYY-MM-DD,False
915,915,Kids,Outerwear,88.74,2015-07-11,915,Kids,Outerwear,88.74,2015/07/11,False,False,False,False,False,False,valid,YYYY-MM-DD,False
916,916,Kids,Outerwear,39.17,2017-10-26,916,Kids,Outerwear,39.17,2017.10.26,False,False,False,False,False,False,valid,YYYY-MM-DD,False
917,917,Kids,Sleepwear,94.85,2023-07-12,917,Kids,Sleepwear,94.85,2023-07-12,False,False,False,False,False,False,valid,YYYY-MM-DD,False
918,918,Shoes,Loafers,168.94,2024-02-26,918,Shoes,Loafers,168.94,2024/02/26,False,False,False,False,False,False,valid,YYYY-MM-DD,False
919,919,Men,Shirts,179.43,2024-04-23,919,Men,Shirts,179.43,2024-04-23,False,False,False,False,False,False,valid,YYYY-MM-DD,False
920,920,Shoes,Boots,149.5,2018-01-24,920,Shoes,Boots,149.5,2018-01-24,False,False,False,False,False,False,valid,YYYY-MM-DD,False
921,921,Accessories,Hats,120.9,2016-05-15,921,Accessories,Hats,120.9,2016-05-15,False,False,False,False,False,False,valid,YYYY-MM-DD,False
922,922,Kids,Sleepwear,83.63,2016-12-24,922,Kids,Sleepwear,83.63,2016/12/24,False,False,False,False,False,False,valid,YYYY-MM-DD,False
923,923,Kids,Sleepwear,96.82,2016-04-26,923,Kids,Sleepwear,96.82,2016-04-26,False,False,False,False,False,False,valid,YYYY-MM-DD,False
924,924,Women,Jeans,185.61,2024-07-19,924,Women,Jeans,185.61,2024.07.19,False,False,False,False,False,False,valid,YYYY-MM-DD,False
925,925,Men,Activewear,149.79,2023-11-02,925,Men,Activewear,149.79,02-11-2023,False,False,False,False,False,False,valid,DD-MM-YYYY,True
926,926,Accessories,Jewelry,73.91,2023-02-08,926,Accessories,Jewelry,73.91,2023-02-08,False,False,False,False,False,False,valid,YYYY-MM-DD,False
927,927,Kids,Outerwear,56.76,2022-04-19,927,Kids,Outerwear,56.76,2022-04-19,False,False,False,False,False,False,valid,YYYY-MM-DD,False
928,928,Men,T-Shirts,136.64,2018-06-07,928,Men,T-Shirts,136.64,2018-06-07,False,False,False,False,False,False,valid,YYYY-MM-DD,False
929,929,Kids,Sleepwear,89.81,2019-10-04,929,Kids,Sleepwear,89.81,2019-10-04,False,False,False,False,False,False,valid,YYYY-MM-DD,False
930,930,Kids,Bottoms,76.31,2023-06-01,930,Kids,Bottoms,76.31,2023-06-01,False,False,False,False,False,False,valid,YYYY-MM-DD,False
931,931,Kids,Bottoms,104.07,2023-02-22,931,Kids,Bottoms,104.07,2023-02-22,False,False,False,False,False,False,valid,YYYY-MM-DD,False
932,932,Shoes,Sandals,204.64,2020-03-10,932,Shoes,Sandals,204.64,2020-03-10,False,False,False,False,False,False,valid,YYYY-MM-DD,False
933,933,Men,Jeans,121.4,2023-05-18,933,Men,Jeans,121.4,2023-05-18,False,False,False,False,False,False,valid,YYYY-MM-DD,False
934,934,Shoes,Boots,204.7,2018-06-20,934,Shoes,Boots,204.7,2018-06-20,False,False,False,False,False,False,valid,YYYY-MM-DD,False
935,935,Kids,Bottoms,95.08,2019-02-19,935,Kids,Bottoms,95.08,19-02-2019,False,False,False,False,False,False,valid,DD-MM-YYYY,False
936,936,Accessories,Scarves,129.75,2023-05-26,936,Accessories,Scarves,129.75,26/05/2023,False,False,False,False,False,False,valid,DD-MM-YYYY,False
937,937,Women,Tops,264.53,2018-10-07,937,Women,Tops,264.53,2018-10-07,False,False,False,False,False,False,valid,YYYY-MM-DD,False
938,938,Women,Outerwear,149.9,2022-07-10,938,Women,Outerwear,149.9,2022-07-10,False,False,False,False,False,False,valid,YYYY-MM-DD,False
939,939,Kids,Shoes,88.35,2019-07-14,939,Kids,Shoes,88.35,2019-07-14,False,False,False,False,False,False,valid,YYYY-MM-DD,False
940,940,Kids,Shoes,99.59,2017-12-24,940,Kids,Shoes,99.59,2017-12-24,False,False,False,False,False,False,valid,YYYY-MM-DD,False
941,941,Shoes,Loafers,218.71,2017-03-10,941,Shoes,Loafers,218.71,2017/03/10,False,False,False,False,False,False,valid,YYYY-MM-DD,False
942,942,Kids,Tops,78.74,2021-01-25,942,Kids,Tops,78.74,25/01/2021,False,False,False,False,False,False,valid,DD-MM-YYYY,False
943,943,Accessories,Hats,73.52,2019-10-19,943,Accessories,Hats,73.52,2019-10-19,False,False,False,False,False,False,valid,YYYY-MM-DD,False
944,944,Kids,Bottoms,78.51,2018-09-11,944,Kids,Bottoms,78.51,2018/09/11,False,False,False,False,False,False,valid,YYYY-MM-DD,False
945,945,Women,Lingerie,131.68,2022-06-07,945,Women,Lingerie,131.68,2022-06-07,False,False,False,False,False,False,valid,YYYY-MM-DD,False
946,946,Women,Activewear,102.3,2015-01-04,946,Women,Activewear,102.3,04-01-2015,False,False,False,False,False,False,valid,DD-MM-YYYY,True
947,947,Accessories,Belts,96.13,2015-12-03,947,Accessories,Belts,96.13,2015-12-03,False,False,False,False,False,False,valid,YYYY-MM-DD,False
948,948,Women,Outerwear,132.88,2024-08-14,948,Women,Outerwear,132.88,2024-08-14,False,False,False,False,False,False,valid,YYYY-MM-DD,False
949,949,Accessories,Scarves,137.51,2021-08-20,949,Accessories,Scarves,137.51,2021/08/20,False,False,False,False,False,False,valid,YYYY-MM-DD,False
950,950,Men,Outerwear,184.04,2020-06-30,950,Men,Outerwear,184.04,2020-06-30,False,False,False,False,False,False,valid,YYYY-MM-DD,False
951,951,Women,Jeans,139.33,2015-02-23,951,Women,Jeans,139.33,2015.02.23,False,False,False,False,False,False,valid,YYYY-MM-DD,False
952,952,Men,Shirts,149.59,2020-12-26,952,Men,Shirts,149.59,2020-12-26,False,False,False,False,False,False,valid,YYYY-MM-DD,False
953,953,Shoes,Heels,117.8,2019-05-08,953,Shoes,Heels,117.8,08-05-2019,False,False,False,False,False,False,valid,DD-MM-YYYY,True
954,954,Kids,Bottoms,78.88,2020-12-31,954,Kids,Bottoms,78.88,31-12-2020,False,False,False,False,False,False,valid,DD-MM-YYYY,False
955,955,Shoes,Loafers,241.94,2015-05-30,955,Shoes,Loafers,241.94,2015.05.30,False,False,False,False,False,False,valid,YYYY-MM-DD,False
956,956,Shoes,Loafers,265.37,2020-07-04,956,Shoes,Loafers,265.37,2020-07-04,False,False,False,False,False,False,valid,YYYY-MM-DD,False
957,957,Kids,Sleepwear,73.96,2020-10-11,957,Kids,Sleepwear,73.96,2020-10-11,False,False,False,False,False,False,valid,YYYY-MM-DD,False
958,958,Shoes,Sneakers,277.85,2017-11-25,958,Shoes,Sneakers,277.85,2017-11-25,False,False,False,False,False,False,valid,YYYY-MM-DD,False
959,959,Accessories,Jewelry,74.53,,959,Accessories,Jewelry,74.53,,False,False,False,False,False,False,missing,missing,False
960,960,Kids,Bottoms,61.93,2024-09-19,960,Kids,Bottoms,61.93,2024-09-19,False,False,False,False,False,False,valid,YYYY-MM-DD,False
961,961,Women,Jeans,211.93,2022-02-04,961,Women,Jeans,211.93,2022-02-04,False,False,False,False,False,False,valid,YYYY-MM-DD,False
962,962,Kids,Shoes,127.6,2021-03-20,962,Kids,Shoes,127.6,2021-03-20,False,False,False,False,False,False,valid,YYYY-MM-DD,False
963,963,Accessories,Jewelry,134.8,2022-09-03,963,Accessories,Jewelry,134.8,2022/09/03,False,False,False,False,False,False,valid,YYYY-MM-DD,False
964,964,Men,Shirts,158.39,2021-09-16,964,Men,Shirts,158.39,2021-09-16,False,False,False,False,False,False,valid,YYYY-MM-DD,False
965,965,Accessories,Belts,54.14,2016-05-05,965,Accessories,Belts,54.14,2016/05/05,False,False,False,False,False,False,valid,YYYY-MM-DD,False
966,966,Kids,Sleepwear,44.49,2019-07-20,966,Kids,Sleepwear,44.49,2019-07-20,False,False,False,False,False,False,valid,YYYY-MM-DD,False
967,967,Shoes,Heels,227.12,2023-11-21,967,Shoes,Heels,227.12,21-11-2023,False,False,False,False,False,False,valid,DD-MM-YYYY,False
968,968,Men,Jeans,145.68,2017-11-17,968,Men,Jeans,145.68,2017-11-17,False,False,False,False,False,False,valid,YYYY-MM-DD,False
969,969,Accessories,Hats,86.82,2024-09-21,969,Accessories,Hats,86.82,2024-09-21,False,False,False,False,False,False,valid,YYYY-MM-DD,False
970,970,Women,Lingerie,182.95,2015-08-24,970,Women,Lingerie,182.95,2015-08-24,False,False,False,False,False,False,valid,YYYY-MM-DD,False
971,971,Men,Jeans,164.61,2018-04-23,971,Men,Jeans,164.61,2018-04-23,False,False,False,False,False,False,valid,YYYY-MM-DD,False
972,972,Kids,Sleepwear,111.25,2018-07-03,972,Kids,Sleepwear,111.25,2018/07/03,False,False,False,False,False,False,valid,YYYY-MM-DD,False
973,973,Kids,Sleepwear,93.07,2021-03-05,973,Kids,Sleepwear,93.07,2021.03.05,False,False,False,False,False,False,valid,YYYY-MM-DD,False
974,974,Kids,Shoes,117.64,2016-10-05,974,Kids,Shoes,117.64,2016-10-05,False,False,False,False,False,False,valid,YYYY-MM-DD,False
975,975,Women,Tops,180.36,2017-04-17,975,Women,Tops,180.36,2017.04.17,False,False,False,False,False,False,valid,YYYY-MM-DD,False
976,976,Men,Jeans,155.39,2021-08-15,976,Men,Jeans,155.39,15-08-2021,False,False,False,False,False,False,valid,DD-MM-YYYY,False
977,977,Women,Outerwear,227.89,2017-11-05,977,Women,Outerwear,227.89,2017.11.05,False,False,False,False,False,False,valid,YYYY-MM-DD,False
978,978,Kids,Outerwear,67.99,2023-10-17,978,Kids,Outerwear,67.99,2023/10/17,False,False,False,False,False,False,valid,YYYY-MM-DD,False
979,979,Men,Outerwear,272.58,2023-09-14,979,Men,Outerwear,272.58,2023-09-14,False,False,False,False,False,False,valid,YYYY-MM-DD,False
980,980,Kids,Sleepwear,98.44,,980,Kids,Sleepwear,98.44,not_a_date,False,False,False,False,False,False,invalid,unsupported_or_invalid,False
981,981,Kids,Sleepwear,98.57,2020-08-07,981,Kids,Sleepwear,98.57,2020.08.07,False,False,False,False,False,False,valid,YYYY-MM-DD,False
982,982,Shoes,Boots,248.88,2018-05-01,982,Shoes,Boots,248.88,2018-05-01,False,False,False,False,False,False,valid,YYYY-MM-DD,False
983,983,Kids,Sleepwear,132.24,2018-06-13,983,Kids,Sleepwear,132.24,2018-06-13,False,False,False,False,False,False,valid,YYYY-MM-DD,False
984,984,Shoes,Boots,263.59,2021-09-14,984,Shoes,Boots,263.59,2021-09-14,False,False,False,False,False,False,valid,YYYY-MM-DD,False
985,985,Kids,Outerwear,53.89,2017-12-06,985,Kids,Outerwear,53.89,2017/12/06,False,False,False,False,False,False,valid,YYYY-MM-DD,False
986,986,Shoes,Sneakers,297.19,2016-06-29,986,Shoes,Sneakers,297.19,2016/06/29,False,False,False,False,False,False,valid,YYYY-MM-DD,False
987,987,Shoes,Boots,201.25,2017-08-04,987,Shoes,Boots,201.25,2017/08/04,False,False,False,False,False,False,valid,YYYY-MM-DD,False
988,988,Men,T-Shirts,164.29,2024-04-18,988,Men,T-Shirts,164.29,2024/04/18,False,False,False,False,False,False,valid,YYYY-MM-DD,False
989,989,Men,Outerwear,108.83,2017-08-05,989,Men,Outerwear,108.83,2017-08-05,False,False,False,False,False,False,valid,YYYY-MM-DD,False
990,990,Shoes,Sandals,248.94,2018-08-22,990,Shoes,Sandals,248.94,22-08-2018,False,False,False,False,False,False,valid,DD-MM-YYYY,False
991,991,Men,Shirts,133.95,2021-04-16,991,Men,Shirts,133.95,2021/04/16,False,False,False,False,False,False,valid,YYYY-MM-DD,False
992,992,Kids,Sleepwear,92.25,2016-01-05,992,Kids,Sleepwear,92.25,2016.01.05,False,False,False,False,False,False,valid,YYYY-MM-DD,False
993,993,Women,Jeans,167.22,2017-09-07,993,Women,Jeans,167.22,2017/09/07,False,False,False,False,False,False,valid,YYYY-MM-DD,False
994,994,Kids,Sleepwear,133.31,2016-09-30,994,Kids,Sleepwear,133.31,2016-09-30,False,False,False,False,False,False,valid,YYYY-MM-DD,False
995,995,Kids,Shoes,134.6,2024-03-30,995,Kids,Shoes,134.6,30/03/2024,False,False,False,False,False,False,valid,DD-MM-YYYY,False
996,996,Shoes,Heels,222.56,2024-04-30,996,Shoes,Heels,222.56,2024-04-30,False,False,False,False,False,False,valid,YYYY-MM-DD,False
997,997,Kids,Tops,91.44,2022-07-23,997,Kids,Tops,91.44,2022-07-23,False,False,False,False,False,False,valid,YYYY-MM-DD,False
998,998,Men,Outerwear,145.06,2017-06-21,998,Men,Outerwear,145.06,2017.06.21,False,False,False,False,False,False,valid,YYYY-MM-DD,False
999,999,Accessories,Bags,153.18,2021-03-01,999,Accessories,Bags,153.18,2021-03-01,False,False,False,False,False,False,valid,YYYY-MM-DD,False
1000,1000,Kids,Outerwear,82.6,2021-08-16,1000,Kids,Outerwear,82.6,2021-08-16,False,False,False,False,False,False,valid,YYYY-MM-DD,False
1001,1001,Accessories,Bags,107.36,2023-09-11,1001,Accessories,Bags,107.36,2023-09-11,False,False,False,False,False,False,valid,YYYY-MM-DD,False
1002,1002,Shoes,Sandals,273.82,2016-07-24,1002,Shoes,Sandals,273.82,2016-07-24,False,False,False,False,False,False,valid,YYYY-MM-DD,False
1003,1003,Kids,Bottoms,77.89,2022-05-13,1003,Kids,Bottoms,77.89,2022-05-13,False,False,False,False,False,False,valid,YYYY-MM-DD,False
1004,1004,Accessories,Belts,118.87,2016-12-10,1004,Accessories,Belts,118.87,2016/12/10,False,False,False,False,False,False,valid,YYYY-MM-DD,False
1005,1005,Women,Dresses,108.84,2020-09-08,1005,Women,Dresses,108.84,2020-09-08,False,False,False,False,False,False,valid,YYYY-MM-DD,False
1006,1006,Accessories,Jewelry,141.13,,1006,Accessories,Jewelry,141.13,,False,False,False,False,False,False,missing,missing,False
1007,1007,Accessories,Jewelry,178.23,2015-08-15,1007,Accessories,Jewelry,178.23,2015-08-15,False,False,False,False,False,False,valid,YYYY-MM-DD,False
1008,1008,Kids,Shoes,106.23,2016-06-24,1008,Kids,Shoes,106.23,2016-06-24,False,False,False,False,False,False,valid,YYYY-MM-DD,False
1009,1009,Shoes,Sneakers,300.4,,1009,Shoes,Sneakers,300.4,,False,False,False,False,False,False,missing,missing,False
1010,1010,Kids,Bottoms,70.96,2015-03-10,1010,Kids,Bottoms,70.96,2015/03/10,False,False,False,False,False,False,valid,YYYY-MM-DD,False
1011,1011,Men,T-Shirts,169.45,2021-11-07,1011,Men,T-Shirts,169.45,2021-11-07,False,False,False,False,False,False,valid,YYYY-MM-DD,False
1012,1012,Shoes,Heels,168.13,2020-01-06,1012,Shoes,Heels,168.13,2020/01/06,False,False,False,False,False,False,valid,YYYY-MM-DD,False
1013,1013,Men,Shirts,150.89,2018-06-20,1013,Men,Shirts,150.89,2018/06/20,False,False,False,False,False,False,valid,YYYY-MM-DD,False
1014,1014,Men,Shirts,190.89,2023-08-18,1014,Men,Shirts,190.89,2023-08-18,False,False,False,False,False,False,valid,YYYY-MM-DD,False
1015,1015,Kids,Bottoms,92.29,2023-06-29,1015,Kids,Bottoms,92.29,29-06-2023,False,False,False,False,False,False,valid,DD-MM-YYYY,False
1016,1016,Accessories,Jewelry,77.62,2018-04-05,1016,Accessories,Jewelry,77.62,2018-04-05,False,False,False,False,False,False,valid,YYYY-MM-DD,False
1017,1017,Men,Jeans,107.4,2015-01-17,1017,Men,Jeans,107.4,2015-01-17,False,False,False,False,False,False,valid,YYYY-MM-DD,False
1018,1018,Kids,Shoes,58.92,2016-04-13,1018,Kids,Shoes,58.92,2016.04.13,False,False,False,False,False,False,valid,YYYY-MM-DD,False
1019,1019,Women,Activewear,202.12,2016-01-28,1019,Women,Activewear,202.12,2016-01-28,False,False,False,False,False,False,valid,YYYY-MM-DD,False
1020,1020,Women,Lingerie,272.88,2024-10-28,1020,Women,Lingerie,272.88,2024-10-28,False,False,False,False,False,False,valid,YYYY-MM-DD,False
1021,1021,Women,Activewear,241.31,2020-12-20,1021,Women,Activewear,241.31,2020-12-20,False,False,False,False,False,False,valid,YYYY-MM-DD,False
1022,1022,Women,Tops,94.68,2021-10-08,1022,Women,Tops,94.68,08-10-2021,False,False,False,False,False,False,valid,DD-MM-YYYY,True
1023,1023,Accessories,Jewelry,162.63,2017-04-23,1023,Accessories,Jewelry,162.63,2017/04/23,False,False,False,False,False,False,valid,YYYY-MM-DD,False
1024,1024,Accessories,Bags,148.09,2023-07-05,1024,Accessories,Bags,148.09,05-07-2023,False,False,False,False,False,False,valid,DD-MM-YYYY,True
1025,1025,Accessories,Belts,73.64,2022-03-24,1025,Accessories,Belts,73.64,2022-03-24,False,False,False,False,False,False,valid,YYYY-MM-DD,False
1026,1026,Women,Tops,166.36,2022-07-10,1026,Women,Tops,166.36,2022-07-10,False,False,False,False,False,False,valid,YYYY-MM-DD,False
1027,1027,Women,Dresses,229.3,2019-09-07,1027,Women,Dresses,229.3,2019-09-07,False,False,False,False,False,False,valid,YYYY-MM-DD,False
1028,1028,Men,Shirts,182.02,2021-12-25,1028,Men,Shirts,182.02,25-12-2021,False,False,False,False,False,False,valid,DD-MM-YYYY,False
1029,1029,Kids,Tops,60.55,2020-06-10,1029,Kids,Tops,60.55,2020-06-10,False,False,False,False,False,False,valid,YYYY-MM-DD,False
1030,1030,Men,Shirts,184.43,2018-11-05,1030,Men,Shirts,184.43,2018-11-05,False,False,False,False,False,False,valid,YYYY-MM-DD,False
1031,1031,Kids,Bottoms,41.91,2020-12-11,1031,Kids,Bottoms,41.91,2020/12/11,False,False,False,False,False,False,valid,YYYY-MM-DD,False
1032,1032,Women,Dresses,169.97,2018-03-30,1032,Women,Dresses,169.97,30-03-2018,False,False,False,False,False,False,valid,DD-MM-YYYY,False
1033,1033,Shoes,Sneakers,282.59,2024-07-12,1033,Shoes,Sneakers,282.59,2024/07/12,False,False,False,False,False,False,valid,YYYY-MM-DD,False
1034,1034,Men,T-Shirts,160.74,2022-03-04,1034,Men,T-Shirts,160.74,2022-03-04,False,False,False,False,False,False,valid,YYYY-MM-DD,False
1035,1035,Women,Dresses,157.55,2022-05-23,1035,Women,Dresses,157.55,2022.05.23,False,False,False,False,False,False,valid,YYYY-MM-DD,False
1036,1036,Shoes,Sneakers,268.91,2022-03-03,1036,Shoes,Sneakers,268.91,03-03-2022,False,False,False,False,False,False,valid,DD-MM-YYYY,True
1037,1037,Accessories,Bags,149.24,2019-06-26,1037,Accessories,Bags,149.24,2019-06-26,False,False,False,False,False,False,valid,YYYY-MM-DD,False
1038,1038,Women,Dresses,238.95,2024-07-04,1038,Women,Dresses,238.95,2024/07/04,False,False,False,False,False,False,valid,YYYY-MM-DD,False
1039,1039,Kids,Outerwear,109.67,2017-01-29,1039,Kids,Outerwear,109.67,29-01-2017,False,False,False,False,False,False,valid,DD-MM-YYYY,False
1040,1040,Accessories,Jewelry,152.44,2020-09-08,1040,Accessories,Jewelry,152.44,2020-09-08,False,False,False,False,False,False,valid,YYYY-MM-DD,False
1041,1041,Shoes,Sandals,260.31,2015-09-11,1041,Shoes,Sandals,260.31,2015-09-11,False,False,False,False,False,False,valid,YYYY-MM-DD,False
1042,1042,Accessories,Hats,127.97,2017-12-12,1042,Accessories,Hats,127.97,2017-12-12,False,False,False,False,False,False,valid,YYYY-MM-DD,False
1043,1043,Kids,Tops,92.01,2020-09-29,1043,Kids,Tops,92.01,2020-09-29,False,False,False,False,False,False,valid,YYYY-MM-DD,False
1044,1044,Men,Suits,150.51,2019-11-24,1044,Men,Suits,150.51,2019-11-24,False,False,False,False,False,False,valid,YYYY-MM-DD,False
1045,1045,Shoes,Sneakers,153.32,2024-05-31,1045,Shoes,Sneakers,153.32,2024-05-31,False,False,False,False,False,False,valid,YYYY-MM-DD,False
1046,1046,Women,Outerwear,137.01,2021-02-19,1046,Women,Outerwear,137.01,2021-02-19,False,False,False,False,False,False,valid,YYYY-MM-DD,False
1047,1047,Men,Outerwear,148.72,2019-02-12,1047,Men,Outerwear,148.72,2019/02/12,False,False,False,False,False,False,valid,YYYY-MM-DD,False
1048,1048,Shoes,Loafers,233.28,2019-04-08,1048,Shoes,Loafers,233.28,2019/04/08,False,False,False,False,False,False,valid,YYYY-MM-DD,False
1049,1049,Shoes,Boots,299.24,2021-02-12,1049,Shoes,Boots,299.24,2021-02-12,False,False,False,False,False,False,valid,YYYY-MM-DD,False
1050,1050,Women,Outerwear,178.12,2022-11-30,1050,Women,Outerwear,178.12,2022-11-30,False,False,False,False,False,False,valid,YYYY-MM-DD,False
1051,1051,Kids,Outerwear,112.58,2017-10-07,1051,Kids,Outerwear,112.58,2017-10-07,False,False,False,False,False,False,valid,YYYY-MM-DD,False
1052,1052,Men,Activewear,203.17,2020-11-05,1052,Men,Activewear,203.17,2020-11-05,False,False,False,False,False,False,valid,YYYY-MM-DD,False
1053,1053,Kids,Shoes,84.79,2020-09-30,1053,Kids,Shoes,84.79,30/09/2020,False,False,False,False,False,False,valid,DD-MM-YYYY,False
1054,1054,Accessories,Scarves,137.84,2015-02-04,1054,Accessories,Scarves,137.84,2015-02-04,False,False,False,False,False,False,valid,YYYY-MM-DD,False
1055,1055,Women,Jeans,169.04,2024-02-17,1055,Women,Jeans,169.04,2024/02/17,False,False,False,False,False,False,valid,YYYY-MM-DD,False
1056,1056,Accessories,Hats,159.66,2020-09-12,1056,Accessories,Hats,159.66,2020-09-12,False,False,False,False,False,False,valid,YYYY-MM-DD,False
1057,1057,Kids,Sleepwear,104.31,2017-06-03,1057,Kids,Sleepwear,104.31,2017-06-03,False,False,False,False,False,False,valid,YYYY-MM-DD,False
1058,1058,Shoes,Boots,154.52,2021-05-03,1058,Shoes,Boots,154.52,2021-05-03,False,False,False,False,False,False,valid,YYYY-MM-DD,False
1059,1059,Kids,Tops,93.63,2021-10-12,1059,Kids,Tops,93.63,12/10/2021,False,False,False,False,False,False,valid,DD-MM-YYYY,True
1060,1060,Men,Outerwear,225.92,2024-02-26,1060,Men,Outerwear,225.92,2024-02-26,False,False,False,False,False,False,valid,YYYY-MM-DD,False
1061,1061,Shoes,Sneakers,210.03,2015-05-05,1061,Shoes,Sneakers,210.03,2015-05-05,False,False,False,False,False,False,valid,YYYY-MM-DD,False
1062,1062,Shoes,Sneakers,244.62,2019-02-20,1062,Shoes,Sneakers,244.62,2019.02.20,False,False,False,False,False,False,valid,YYYY-MM-DD,False
1063,1063,Women,Jeans,204.56,2016-10-20,1063,Women,Jeans,204.56,2016-10-20,False,False,False,False,False,False,valid,YYYY-MM-DD,False
1064,1064,Shoes,Sandals,162.99,2020-09-29,1064,Shoes,Sandals,162.99,29-09-2020,False,False,False,False,False,False,valid,DD-MM-YYYY,False
1065,1065,Shoes,Sandals,248.09,2020-01-07,1065,Shoes,Sandals,248.09,2020/01/07,False,False,False,False,False,False,valid,YYYY-MM-DD,False
1066,1066,Men,Jeans,104.25,2019-10-02,1066,Men,Jeans,104.25,2019/10/02,False,False,False,False,False,False,valid,YYYY-MM-DD,False
1067,1067,Accessories,Hats,101.23,2024-10-27,1067,Accessories,Hats,101.23,2024-10-27,False,False,False,False,False,False,valid,YYYY-MM-DD,False
1068,1068,Shoes,Sneakers,279.16,2020-04-26,1068,Shoes,Sneakers,279.16,2020.04.26,False,False,False,False,False,False,valid,YYYY-MM-DD,False
1069,1069,Men,Suits,174.27,2019-02-10,1069,Men,Suits,174.27,2019-02-10,False,False,False,False,False,False,valid,YYYY-MM-DD,False
1070,1070,Women,Tops,166.3,2015-09-03,1070,Women,Tops,166.3,2015-09-03,False,False,False,False,False,False,valid,YYYY-MM-DD,False
1071,1071,Shoes,Sandals,244.56,2017-11-23,1071,Shoes,Sandals,244.56,2017/11/23,False,False,False,False,False,False,valid,YYYY-MM-DD,False
1072,1072,Men,T-Shirts,157.6,2023-12-22,1072,Men,T-Shirts,157.6,2023-12-22,False,False,False,False,False,False,valid,YYYY-MM-DD,False
1073,1073,Shoes,Sandals,220.69,2019-07-08,1073,Shoes,Sandals,220.69,08-07-2019,False,False,False,False,False,False,valid,DD-MM-YYYY,True
1074,1074,Kids,Bottoms,104.78,2024-02-08,1074,Kids,Bottoms,104.78,08/02/2024,False,False,False,False,False,False,valid,DD-MM-YYYY,True
1075,1075,Kids,Shoes,73.63,2020-04-29,1075,Kids,Shoes,73.63,2020-04-29,False,False,False,False,False,False,valid,YYYY-MM-DD,False
1076,1076,Women,Activewear,181.82,,1076,Women,Activewear,181.82,,False,False,False,False,False,False,missing,missing,False
1077,1077,Shoes,Sandals,202.83,2019-04-20,1077,Shoes,Sandals,202.83,2019/04/20,False,False,False,False,False,False,valid,YYYY-MM-DD,False
1078,1078,Women,Lingerie,108.65,2020-07-26,1078,Women,Lingerie,108.65,26-07-2020,False,False,False,False,False,False,valid,DD-MM-YYYY,False
1079,1079,Kids,Shoes,69.29,2015-09-01,1079,Kids,Shoes,69.29,01-09-2015,False,False,False,False,False,False,valid,DD-MM-YYYY,True
1080,1080,Accessories,Bags,167.05,2015-07-30,1080,Accessories,Bags,167.05,2015-07-30,False,False,False,False,False,False,valid,YYYY-MM-DD,False
1081,1081,Accessories,Jewelry,131.54,2019-10-05,1081,Accessories,Jewelry,131.54,2019-10-05,False,False,False,False,False,False,valid,YYYY-MM-DD,False
1082,1082,Accessories,Scarves,80.29,2020-12-24,1082,Accessories,Scarves,80.29,2020-12-24,False,False,False,False,False,False,valid,YYYY-MM-DD,False
1083,1083,Accessories,Belts,73.79,2020-07-05,1083,Accessories,Belts,73.79,2020-07-05,False,False,False,False,False,False,valid,YYYY-MM-DD,False
1084,1084,Kids,Bottoms,87.48,2019-04-17,1084,Kids,Bottoms,87.48,2019/04/17,False,False,False,False,False,False,valid,YYYY-MM-DD,False
1085,1085,Men,Suits,222.45,2017-12-10,1085,Men,Suits,222.45,10-12-2017,False,False,False,False,False,False,valid,DD-MM-YYYY,True
1086,1086,Accessories,Belts,114.4,2022-02-03,1086,Accessories,Belts,114.4,2022-02-03,False,False,False,False,False,False,valid,YYYY-MM-DD,False
1087,1087,Accessories,Hats,159.21,2021-01-18,1087,Accessories,Hats,159.21,18/01/2021,False,False,False,False,False,False,valid,DD-MM-YYYY,False
1088,1088,Accessories,Scarves,130.56,2015-06-22,1088,Accessories,Scarves,130.56,2015-06-22,False,False,False,False,False,False,valid,YYYY-MM-DD,False
1089,1089,Shoes,Sandals,245.92,2019-07-11,1089,Shoes,Sandals,245.92,11-07-2019,False,False,False,False,False,False,valid,DD-MM-YYYY,True
1090,1090,Women,Lingerie,119.89,2022-02-09,1090,Women,Lingerie,119.89,2022-02-09,False,False,False,False,False,False,valid,YYYY-MM-DD,False
1091,1091,Kids,Tops,111.09,2022-11-04,1091,Kids,Tops,111.09,2022/11/04,False,False,False,False,False,False,valid,YYYY-MM-DD,False
1092,1092,Kids,Bottoms,82.46,2017-11-14,1092,Kids,Bottoms,82.46,14-11-2017,False,False,False,False,False,False,valid,DD-MM-YYYY,False
1093,1093,Accessories,Jewelry,145.89,2024-04-01,1093,Accessories,Jewelry,145.89,2024-04-01,False,False,False,False,False,False,valid,YYYY-MM-DD,False
1094,1094,Men,Activewear,127.43,2021-07-08,1094,Men,Activewear,127.43,2021-07-08,False,False,False,False,False,False,valid,YYYY-MM-DD,False
1095,1095,Men,Jeans,167.08,2019-05-18,1095,Men,Jeans,167.08,2019-05-18,False,False,False,False,False,False,valid,YYYY-MM-DD,False
1096,1096,Women,Tops,195.84,2021-04-09,1096,Women,Tops,195.84,09-04-2021,False,False,False,False,False,False,valid,DD-MM-YYYY,True
1097,1097,Accessories,Belts,115.38,2023-09-19,1097,Accessories,Belts,115.38,2023-09-19,False,False,False,False,False,False,valid,YYYY-MM-DD,False
1098,1098,Shoes,Heels,242.25,2017-04-08,1098,Shoes,Heels,242.25,2017-04-08,False,False,False,False,False,False,valid,YYYY-MM-DD,False
1099,1099,Women,Tops,168.01,2016-07-03,1099,Women,Tops,168.01,2016-07-03,False,False,False,False,False,False,valid,YYYY-MM-DD,False
1100,1100,Kids,Sleepwear,75.4,2019-05-28,1100,Kids,Sleepwear,75.4,28-05-2019,False,False,False,False,False,False,valid,DD-MM-YYYY,False
1101,1101,Kids,Outerwear,126.12,,1101,Kids,Outerwear,126.12,,False,False,False,False,False,False,missing,missing,False
1102,1102,Kids,Sleepwear,113.6,2023-05-11,1102,Kids,Sleepwear,113.6,11-05-2023,False,False,False,False,False,False,valid,DD-MM-YYYY,True
1103,1103,Accessories,Bags,97.17,2024-09-15,1103,Accessories,Bags,97.17,2024/09/15,False,False,False,False,False,False,valid,YYYY-MM-DD,False
1104,1104,Women,Outerwear,205.58,2021-01-21,1104,Women,Outerwear,205.58,2021.01.21,False,False,False,False,False,False,valid,YYYY-MM-DD,False
1105,1105,Men,T-Shirts,130.29,2024-10-19,1105,Men,T-Shirts,130.29,19-10-2024,False,False,False,False,False,False,valid,DD-MM-YYYY,False
1106,1106,Women,Dresses,126.69,2015-09-09,1106,Women,Dresses,126.69,2015-09-09,False,False,False,False,False,False,valid,YYYY-MM-DD,False
1107,1107,Men,Jeans,201.35,2021-04-29,1107,Men,Jeans,201.35,2021-04-29,False,False,False,False,False,False,valid,YYYY-MM-DD,False
1108,1108,Accessories,Scarves,68.88,2019-06-06,1108,Accessories,Scarves,68.88,2019/06/06,False,False,False,False,False,False,valid,YYYY-MM-DD,False
1109,1109,Accessories,Scarves,147.81,2017-10-10,1109,Accessories,Scarves,147.81,2017-10-10,False,False,False,False,False,False,valid,YYYY-MM-DD,False
1110,1110,Women,Activewear,168.63,2018-02-12,1110,Women,Activewear,168.63,2018-02-12,False,False,False,False,False,False,valid,YYYY-MM-DD,False
1111,1111,Shoes,Heels,208.36,,1111,Shoes,Heels,208.36,,False,False,False,False,False,False,missing,missing,False
1112,1112,Men,Suits,176.39,,1112,Men,Suits,176.39,,False,False,False,False,False,False,missing,missing,False
1113,1113,Women,Outerwear,206.15,2016-08-22,1113,Women,Outerwear,206.15,2016-08-22,False,False,False,False,False,False,valid,YYYY-MM-DD,False
1114,1114,Men,Shirts,126.95,2021-02-23,1114,Men,Shirts,126.95,2021/02/23,False,False,False,False,False,False,valid,YYYY-MM-DD,False
1115,1115,Women,Activewear,212.3,2024-04-07,1115,Women,Activewear,212.3,2024-04-07,False,False,False,False,False,False,valid,YYYY-MM-DD,False
1116,1116,Kids,Outerwear,92.55,2015-02-07,1116,Kids,Outerwear,92.55,2015.02.07,False,False,False,False,False,False,valid,YYYY-MM-DD,False
1117,1117,Accessories,Bags,82.32,2023-10-14,1117,Accessories,Bags,82.32,2023-10-14,False,False,False,False,False,False,valid,YYYY-MM-DD,False
1118,1118,Kids,Outerwear,86.18,2021-01-28,1118,Kids,Outerwear,86.18,2021-01-28,False,False,False,False,False,False,valid,YYYY-MM-DD,False
1119,1119,Shoes,Heels,295.97,2018-06-04,1119,Shoes,Heels,295.97,2018-06-04,False,False,False,False,False,False,valid,YYYY-MM-DD,False
1120,1120,Kids,Tops,127.72,2022-05-08,1120,Kids,Tops,127.72,2022.05.08,False,False,False,False,False,False,valid,YYYY-MM-DD,False
1121,1121,Women,Lingerie,212.28,2021-03-06,1121,Women,Lingerie,212.28,2021-03-06,False,False,False,False,False,False,valid,YYYY-MM-DD,False
1122,1122,Women,Tops,126.43,2022-09-09,1122,Women,Tops,126.43,2022/09/09,False,False,False,False,False,False,valid,YYYY-MM-DD,False
1123,1123,Men,Jeans,179.62,2015-10-24,1123,Men,Jeans,179.62,24/10/2015,False,False,False,False,False,False,valid,DD-MM-YYYY,False
1124,1124,Men,Outerwear,194.03,2015-08-04,1124,Men,Outerwear,194.03,2015-08-04,False,False,False,False,False,False,valid,YYYY-MM-DD,False
1125,1125,Accessories,Jewelry,141.77,2021-06-03,1125,Accessories,Jewelry,141.77,03-06-2021,False,False,False,False,False,False,valid,DD-MM-YYYY,True
1126,1126,Accessories,Scarves,143.55,2018-01-14,1126,Accessories,Scarves,143.55,2018/01/14,False,False,False,False,False,False,valid,YYYY-MM-DD,False
1127,1127,Accessories,Scarves,130.9,2017-05-20,1127,Accessories,Scarves,130.9,2017/05/20,False,False,False,False,False,False,valid,YYYY-MM-DD,False
1128,1128,Shoes,Boots,216.02,2019-03-19,1128,Shoes,Boots,216.02,2019-03-19,False,False,False,False,False,False,valid,YYYY-MM-DD,False
1129,1129,Kids,Shoes,76.31,2022-04-03,1129,Kids,Shoes,76.31,2022/04/03,False,False,False,False,False,False,valid,YYYY-MM-DD,False
1130,1130,Shoes,Loafers,115.61,2016-10-18,1130,Shoes,Loafers,115.61,2016-10-18,False,False,False,False,False,False,valid,YYYY-MM-DD,False
1131,1131,Kids,Outerwear,97.64,2024-09-25,1131,Kids,Outerwear,97.64,2024-09-25,False,False,False,False,False,False,valid,YYYY-MM-DD,False
1132,1132,Shoes,Heels,230.23,2019-03-17,1132,Shoes,Heels,230.23,2019-03-17,False,False,False,False,False,False,valid,YYYY-MM-DD,False
1133,1133,Shoes,Sneakers,250.67,,1133,Shoes,Sneakers,250.67,,False,False,False,False,False,False,missing,missing,False
1134,1134,Shoes,Sandals,146.44,2015-09-17,1134,Shoes,Sandals,146.44,17/09/2015,False,False,False,False,False,False,valid,DD-MM-YYYY,False
1135,1135,Shoes,Loafers,255.48,2023-07-29,1135,Shoes,Loafers,255.48,2023-07-29,False,False,False,False,False,False,valid,YYYY-MM-DD,False
1136,1136,Women,Jeans,272.45,2016-02-18,1136,Women,Jeans,272.45,2016-02-18,False,False,False,False,False,False,valid,YYYY-MM-DD,False
1137,1137,Shoes,Heels,224.31,2019-03-11,1137,Shoes,Heels,224.31,2019/03/11,False,False,False,False,False,False,valid,YYYY-MM-DD,False
1138,1138,Men,Outerwear,157.53,2021-09-08,1138,Men,Outerwear,157.53,2021/09/08,False,False,False,False,False,False,valid,YYYY-MM-DD,False
1139,1139,Shoes,Sneakers,237.0,2020-02-18,1139,Shoes,Sneakers,237.0,2020/02/18,False,False,False,False,False,False,valid,YYYY-MM-DD,False
1140,1140,Kids,Sleepwear,135.73,2017-08-17,1140,Kids,Sleepwear,135.73,2017-08-17,False,False,False,False,False,False,valid,YYYY-MM-DD,False
1141,1141,Accessories,Scarves,89.29,2016-01-30,1141,Accessories,Scarves,89.29,2016/01/30,False,False,False,False,False,False,valid,YYYY-MM-DD,False
1142,1142,Men,T-Shirts,168.13,2022-02-11,1142,Men,T-Shirts,168.13,11-02-2022,False,False,False,False,False,False,valid,DD-MM-YYYY,True
1143,1143,Accessories,Jewelry,96.01,2019-11-27,1143,Accessories,Jewelry,96.01,2019-11-27,False,False,False,False,False,False,valid,YYYY-MM-DD,False
1144,1144,Accessories,Hats,103.59,2015-06-25,1144,Accessories,Hats,103.59,2015-06-25,False,False,False,False,False,False,valid,YYYY-MM-DD,False
1145,1145,Men,T-Shirts,158.02,2016-10-23,1145,Men,T-Shirts,158.02,2016-10-23,False,False,False,False,False,False,valid,YYYY-MM-DD,False
1146,1146,Kids,Outerwear,120.31,2020-08-17,1146,Kids,Outerwear,120.31,2020-08-17,False,False,False,False,False,False,valid,YYYY-MM-DD,False
1147,1147,Kids,Sleepwear,130.52,2016-09-07,1147,Kids,Sleepwear,130.52,07-09-2016,False,False,False,False,False,False,valid,DD-MM-YYYY,True
1148,1148,Shoes,Sandals,244.65,2018-11-30,1148,Shoes,Sandals,244.65,2018.11.30,False,False,False,False,False,False,valid,YYYY-MM-DD,False
1149,1149,Shoes,Loafers,199.29,2016-03-30,1149,Shoes,Loafers,199.29,2016-03-30,False,False,False,False,False,False,valid,YYYY-MM-DD,False
1150,1150,Accessories,Scarves,194.78,2022-12-21,1150,Accessories,Scarves,194.78,2022-12-21,False,False,False,False,False,False,valid,YYYY-MM-DD,False
1151,1151,Men,Shirts,142.9,,1151,Men,Shirts,142.9,,False,False,False,False,False,False,missing,missing,False
1152,1152,Kids,Tops,77.15,2022-11-03,1152,Kids,Tops,77.15,2022/11/03,False,False,False,False,False,False,valid,YYYY-MM-DD,False
1153,1153,Kids,Outerwear,50.06,2015-07-11,1153,Kids,Outerwear,50.06,2015-07-11,False,False,False,False,False,False,valid,YYYY-MM-DD,False
1154,1154,Accessories,Hats,161.88,2018-10-03,1154,Accessories,Hats,161.88,2018-10-03,False,False,False,False,False,False,valid,YYYY-MM-DD,False
1155,1155,Men,Suits,198.73,,1155,Men,Suits,198.73,,False,False,False,False,False,False,missing,missing,False
1156,1156,Kids,Outerwear,144.4,2021-03-24,1156,Kids,Outerwear,144.4,2021-03-24,False,False,False,False,False,False,valid,YYYY-MM-DD,False
1157,1157,Women,Outerwear,117.47,2023-03-20,1157,Women,Outerwear,117.47,2023-03-20,False,False,False,False,False,False,valid,YYYY-MM-DD,False
1158,1158,Accessories,Jewelry,163.75,2017-04-11,1158,Accessories,Jewelry,163.75,2017/04/11,False,False,False,False,False,False,valid,YYYY-MM-DD,False
1159,1159,Men,Outerwear,162.81,2022-09-12,1159,Men,Outerwear,162.81,2022-09-12,False,False,False,False,False,False,valid,YYYY-MM-DD,False
1160,1160,Men,Outerwear,192.24,2020-10-21,1160,Men,Outerwear,192.24,2020-10-21,False,False,False,False,False,False,valid,YYYY-MM-DD,False
1161,1161,Kids,Outerwear,52.93,2023-03-30,1161,Kids,Outerwear,52.93,2023/03/30,False,False,False,False,False,False,valid,YYYY-MM-DD,False
1162,1162,Kids,Outerwear,123.03,2015-10-24,1162,Kids,Outerwear,123.03,2015/10/24,False,False,False,False,False,False,valid,YYYY-MM-DD,False
1163,1163,Accessories,Jewelry,143.6,2024-11-28,1163,Accessories,Jewelry,143.6,2024-11-28,False,False,False,False,False,False,valid,YYYY-MM-DD,False
1164,1164,Kids,Shoes,89.12,2019-05-07,1164,Kids,Shoes,89.12,2019-05-07,False,False,False,False,False,False,valid,YYYY-MM-DD,False
1165,1165,Kids,Outerwear,104.52,2017-10-20,1165,Kids,Outerwear,104.52,20/10/2017,False,False,False,False,False,False,valid,DD-MM-YYYY,False
1166,1166,Women,Jeans,145.55,2016-10-29,1166,Women,Jeans,145.55,2016-10-29,False,False,False,False,False,False,valid,YYYY-MM-DD,False
1167,1167,Women,Outerwear,153.93,2024-11-06,1167,Women,Outerwear,153.93,2024/11/06,False,False,False,False,False,False,valid,YYYY-MM-DD,False
1168,1168,Men,Jeans,141.46,2023-11-01,1168,Men,Jeans,141.46,2023-11-01,False,False,False,False,False,False,valid,YYYY-MM-DD,False
1169,1169,Accessories,Hats,64.42,2016-04-24,1169,Accessories,Hats,64.42,2016/04/24,False,False,False,False,False,False,valid,YYYY-MM-DD,False
1170,1170,Accessories,Belts,145.85,2019-06-14,1170,Accessories,Belts,145.85,2019-06-14,False,False,False,False,False,False,valid,YYYY-MM-DD,False
1171,1171,Shoes,Sneakers,285.54,2022-05-03,1171,Shoes,Sneakers,285.54,2022/05/03,False,False,False,False,False,False,valid,YYYY-MM-DD,False
1172,1172,Shoes,Sneakers,181.43,2020-11-28,1172,Shoes,Sneakers,181.43,2020/11/28,False,False,False,False,False,False,valid,YYYY-MM-DD,False
1173,1173,Men,Activewear,173.93,2016-11-21,1173,Men,Activewear,173.93,2016/11/21,False,False,False,False,False,False,valid,YYYY-MM-DD,False
1174,1174,Women,Dresses,168.05,2018-08-09,1174,Women,Dresses,168.05,2018/08/09,False,False,False,False,False,False,valid,YYYY-MM-DD,False
1175,1175,Women,Outerwear,194.77,2018-09-06,1175,Women,Outerwear,194.77,2018/09/06,False,False,False,False,False,False,valid,YYYY-MM-DD,False
1176,1176,Men,Outerwear,134.9,2017-11-20,1176,Men,Outerwear,134.9,2017-11-20,False,False,False,False,False,False,valid,YYYY-MM-DD,False
1177,1177,Men,Outerwear,124.66,2024-08-10,1177,Men,Outerwear,124.66,2024.08.10,False,False,False,False,False,False,valid,YYYY-MM-DD,False
1178,1178,Women,Activewear,227.34,2017-01-11,1178,Women,Activewear,227.34,11-01-2017,False,False,False,False,False,False,valid,DD-MM-YYYY,True
1179,1179,Men,Activewear,157.45,2022-01-25,1179,Men,Activewear,157.45,2022-01-25,False,False,False,False,False,False,valid,YYYY-MM-DD,False
1180,1180,Women,Activewear,270.99,,1180,Women,Activewear,270.99,,False,False,False,False,False,False,missing,missing,False
1181,1181,Shoes,Sandals,222.55,2022-12-13,1181,Shoes,Sandals,222.55,2022-12-13,False,False,False,False,False,False,valid,YYYY-MM-DD,False
1182,1182,Accessories,Bags,92.22,2022-12-30,1182,Accessories,Bags,92.22,2022-12-30,False,False,False,False,False,False,valid,YYYY-MM-DD,False
1183,1183,Shoes,Boots,287.48,2016-08-03,1183,Shoes,Boots,287.48,2016-08-03,False,False,False,False,False,False,valid,YYYY-MM-DD,False
1184,1184,Kids,Outerwear,104.19,,1184,Kids,Outerwear,104.19,,False,False,False,False,False,False,missing,missing,False
1185,1185,Kids,Shoes,106.35,2022-10-31,1185,Kids,Shoes,106.35,31/10/2022,False,False,False,False,False,False,valid,DD-MM-YYYY,False
1186,1186,Men,Shirts,207.62,2022-06-20,1186,Men,Shirts,207.62,2022-06-20,False,False,False,False,False,False,valid,YYYY-MM-DD,False
1187,1187,Women,Dresses,150.62,2022-06-03,1187,Women,Dresses,150.62,2022-06-03,False,False,False,False,False,False,valid,YYYY-MM-DD,False
1188,1188,Kids,Shoes,87.14,2019-03-09,1188,Kids,Shoes,87.14,2019-03-09,False,False,False,False,False,False,valid,YYYY-MM-DD,False
1189,1189,Kids,Shoes,86.14,2020-03-27,1189,Kids,Shoes,86.14,2020/03/27,False,False,False,False,False,False,valid,YYYY-MM-DD,False
1190,1190,Women,Tops,121.92,2015-02-26,1190,Women,Tops,121.92,2015.02.26,False,False,False,False,False,False,valid,YYYY-MM-DD,False
1191,1191,Kids,Outerwear,84.07,2017-11-29,1191,Kids,Outerwear,84.07,2017-11-29,False,False,False,False,False,False,valid,YYYY-MM-DD,False
1192,1192,Men,Activewear,213.46,2020-04-14,1192,Men,Activewear,213.46,2020-04-14,False,False,False,False,False,False,valid,YYYY-MM-DD,False
1193,1193,Women,Tops,190.68,2016-04-04,1193,Women,Tops,190.68,2016-04-04,False,False,False,False,False,False,valid,YYYY-MM-DD,False
1194,1194,Shoes,Boots,145.97,2016-04-20,1194,Shoes,Boots,145.97,2016-04-20,False,False,False,False,False,False,valid,YYYY-MM-DD,False
1195,1195,Kids,Bottoms,54.99,2015-06-15,1195,Kids,Bottoms,54.99,2015-06-15,False,False,False,False,False,False,valid,YYYY-MM-DD,False
1196,1196,Shoes,Sandals,311.56,2017-02-05,1196,Shoes,Sandals,311.56,2017.02.05,False,False,False,False,False,False,valid,YYYY-MM-DD,False
1197,1197,Shoes,Boots,215.03,2024-12-05,1197,Shoes,Boots,215.03,2024/12/05,False,False,False,False,False,False,valid,YYYY-MM-DD,False
1198,1198,Accessories,Hats,100.58,2021-12-17,1198,Accessories,Hats,100.58,2021/12/17,False,False,False,False,False,False,valid,YYYY-MM-DD,False
1199,1199,Accessories,Belts,111.78,2024-06-25,1199,Accessories,Belts,111.78,25-06-2024,False,False,False,False,False,False,valid,DD-MM-YYYY,False
1200,1200,Shoes,Sandals,138.75,2017-07-28,1200,Shoes,Sandals,138.75,2017-07-28,False,False,False,False,False,False,valid,YYYY-MM-DD,False
1201,1201,Accessories,Bags,162.69,2020-12-27,1201,Accessories,Bags,162.69,2020-12-27,False,False,False,False,False,False,valid,YYYY-MM-DD,False
1202,1202,Kids,Bottoms,81.16,2023-12-03,1202,Kids,Bottoms,81.16,2023/12/03,False,False,False,False,False,False,valid,YYYY-MM-DD,False
1203,1203,Accessories,Belts,161.02,2018-07-09,1203,Accessories,Belts,161.02,2018/07/09,False,False,False,False,False,False,valid,YYYY-MM-DD,False
1204,1204,Shoes,Loafers,222.84,2021-07-28,1204,Shoes,Loafers,222.84,2021/07/28,False,False,False,False,False,False,valid,YYYY-MM-DD,False
1205,1205,Shoes,Loafers,298.62,2021-12-05,1205,Shoes,Loafers,298.62,2021/12/05,False,False,False,False,False,False,valid,YYYY-MM-DD,False
1206,1206,Accessories,Hats,127.7,2023-04-29,1206,Accessories,Hats,127.7,29-04-2023,False,False,False,False,False,False,valid,DD-MM-YYYY,False
1207,1207,Kids,Tops,109.2,2024-09-11,1207,Kids,Tops,109.2,2024-09-11,False,False,False,False,False,False,valid,YYYY-MM-DD,False
1208,1208,Shoes,Sandals,259.55,2021-02-25,1208,Shoes,Sandals,259.55,2021-02-25,False,False,False,False,False,False,valid,YYYY-MM-DD,False
1209,1209,Men,Outerwear,184.93,2020-10-28,1209,Men,Outerwear,184.93,28-10-2020,False,False,False,False,False,False,valid,DD-MM-YYYY,False
1210,1210,Accessories,Jewelry,130.44,2023-09-09,1210,Accessories,Jewelry,130.44,2023-09-09,False,False,False,False,False,False,valid,YYYY-MM-DD,False
1211,1211,Shoes,Boots,207.19,,1211,Shoes,Boots,207.19,,False,False,False,False,False,False,missing,missing,False
1212,1212,Shoes,Loafers,325.35,2018-08-14,1212,Shoes,Loafers,325.35,14-08-2018,False,False,False,False,False,False,valid,DD-MM-YYYY,False
1213,1213,Kids,Shoes,69.59,2021-04-20,1213,Kids,Shoes,69.59,2021-04-20,False,False,False,False,False,False,valid,YYYY-MM-DD,False
1214,1214,Accessories,Belts,120.13,2020-06-29,1214,Accessories,Belts,120.13,2020-06-29,False,False,False,False,False,False,valid,YYYY-MM-DD,False
1215,1215,Women,Activewear,180.67,2017-04-15,1215,Women,Activewear,180.67,2017-04-15,False,False,False,False,False,False,valid,YYYY-MM-DD,False
1216,1216,Women,Tops,198.11,2020-02-28,1216,Women,Tops,198.11,2020-02-28,False,False,False,False,False,False,valid,YYYY-MM-DD,False
1217,1217,Kids,Bottoms,80.34,2021-03-27,1217,Kids,Bottoms,80.34,2021-03-27,False,False,False,False,False,False,valid,YYYY-MM-DD,False
1218,1218,Shoes,Boots,237.31,2024-01-15,1218,Shoes,Boots,237.31,2024-01-15,False,False,False,False,False,False,valid,YYYY-MM-DD,False
1219,1219,Accessories,Scarves,114.93,2020-10-21,1219,Accessories,Scarves,114.93,2020-10-21,False,False,False,False,False,False,valid,YYYY-MM-DD,False
1220,1220,Kids,Bottoms,54.41,2016-08-25,1220,Kids,Bottoms,54.41,2016/08/25,False,False,False,False,False,False,valid,YYYY-MM-DD,False
1221,1221,Shoes,Sandals,220.53,2024-11-16,1221,Shoes,Sandals,220.53,16-11-2024,False,False,False,False,False,False,valid,DD-MM-YYYY,False
1222,1222,Kids,Outerwear,65.24,2020-10-12,1222,Kids,Outerwear,65.24,2020-10-12,False,False,False,False,False,False,valid,YYYY-MM-DD,False
1223,1223,Accessories,Scarves,67.97,,1223,Accessories,Scarves,67.97,,False,False,False,False,False,False,missing,missing,False
1224,1224,Shoes,Loafers,227.53,2022-07-18,1224,Shoes,Loafers,227.53,2022-07-18,False,False,False,False,False,False,valid,YYYY-MM-DD,False
1225,1225,Kids,Tops,100.98,2018-11-06,1225,Kids,Tops,100.98,2018-11-06,False,False,False,False,False,False,valid,YYYY-MM-DD,False
1226,1226,Accessories,Jewelry,135.8,2018-09-13,1226,Accessories,Jewelry,135.8,2018-09-13,False,False,False,False,False,False,valid,YYYY-MM-DD,False
1227,1227,Women,Dresses,205.52,2023-05-25,1227,Women,Dresses,205.52,2023/05/25,False,False,False,False,False,False,valid,YYYY-MM-DD,False
1228,1228,Accessories,Hats,62.02,2023-09-05,1228,Accessories,Hats,62.02,2023.09.05,False,False,False,False,False,False,valid,YYYY-MM-DD,False
1229,1229,Women,Jeans,118.75,2020-03-28,1229,Women,Jeans,118.75,2020-03-28,False,False,False,False,False,False,valid,YYYY-MM-DD,False
1230,1230,Men,Activewear,238.94,2018-09-24,1230,Men,Activewear,238.94,2018-09-24,False,False,False,False,False,False,valid,YYYY-MM-DD,False
1231,1231,Accessories,Scarves,88.58,2023-08-20,1231,Accessories,Scarves,88.58,2023-08-20,False,False,False,False,False,False,valid,YYYY-MM-DD,False
1232,1232,Shoes,Loafers,253.6,2016-09-25,1232,Shoes,Loafers,253.6,2016-09-25,False,False,False,False,False,False,valid,YYYY-MM-DD,False
1233,1233,Accessories,Hats,99.39,2022-06-22,1233,Accessories,Hats,99.39,2022-06-22,False,False,False,False,False,False,valid,YYYY-MM-DD,False
1234,1234,Shoes,Loafers,224.38,2020-11-03,1234,Shoes,Loafers,224.38,2020-11-03,False,False,False,False,False,False,valid,YYYY-MM-DD,False
1235,1235,Shoes,Boots,185.17,2023-07-17,1235,Shoes,Boots,185.17,2023/07/17,False,False,False,False,False,False,valid,YYYY-MM-DD,False
1236,1236,Men,Jeans,182.46,,1236,Men,Jeans,182.46,,False,False,False,False,False,False,missing,missing,False
1237,1237,Women,Jeans,186.15,2023-04-28,1237,Women,Jeans,186.15,2023-04-28,False,False,False,False,False,False,valid,YYYY-MM-DD,False
1238,1238,Women,Outerwear,159.83,2015-02-25,1238,Women,Outerwear,159.83,2015-02-25,False,False,False,False,False,False,valid,YYYY-MM-DD,False
1239,1239,Men,Suits,117.99,2022-08-01,1239,Men,Suits,117.99,2022/08/01,False,False,False,False,False,False,valid,YYYY-MM-DD,False
1240,1240,Women,Activewear,192.05,2015-09-13,1240,Women,Activewear,192.05,2015/09/13,False,False,False,False,False,False,valid,YYYY-MM-DD,False
1241,1241,Kids,Bottoms,62.71,2021-06-04,1241,Kids,Bottoms,62.71,2021/06/04,False,False,False,False,False,False,valid,YYYY-MM-DD,False
1242,1242,Shoes,Boots,243.51,2016-12-14,1242,Shoes,Boots,243.51,14-12-2016,False,False,False,False,False,False,valid,DD-MM-YYYY,False
1243,1243,Accessories,Jewelry,198.79,2024-08-20,1243,Accessories,Jewelry,198.79,2024-08-20,False,False,False,False,False,False,valid,YYYY-MM-DD,False
1244,1244,Kids,Outerwear,120.38,2022-09-11,1244,Kids,Outerwear,120.38,2022-09-11,False,False,False,False,False,False,valid,YYYY-MM-DD,False
1245,1245,Accessories,Belts,141.55,2016-01-18,1245,Accessories,Belts,141.55,2016-01-18,False,False,False,False,False,False,valid,YYYY-MM-DD,False
1246,1246,Accessories,Jewelry,117.43,2023-12-03,1246,Accessories,Jewelry,117.43,2023-12-03,False,False,False,False,False,False,valid,YYYY-MM-DD,False
1247,1247,Accessories,Hats,61.84,2017-07-09,1247,Accessories,Hats,61.84,2017-07-09,False,False,False,False,False,False,valid,YYYY-MM-DD,False
1248,1248,Kids,Shoes,60.25,2020-06-16,1248,Kids,Shoes,60.25,2020-06-16,False,False,False,False,False,False,valid,YYYY-MM-DD,False
1249,1249,Men,T-Shirts,211.31,2015-11-08,1249,Men,T-Shirts,211.31,08-11-2015,False,False,False,False,False,False,valid,DD-MM-YYYY,True
1250,1250,Accessories,Jewelry,96.31,2016-01-21,1250,Accessories,Jewelry,96.31,2016-01-21,False,False,False,False,False,False,valid,YYYY-MM-DD,False
1251,1251,Men,Activewear,132.03,2017-05-31,1251,Men,Activewear,132.03,2017-05-31,False,False,False,False,False,False,valid,YYYY-MM-DD,False
1252,1252,Kids,Sleepwear,86.27,2020-05-06,1252,Kids,Sleepwear,86.27,2020/05/06,False,False,False,False,False,False,valid,YYYY-MM-DD,False
1253,1253,Women,Lingerie,132.21,2020-06-06,1253,Women,Lingerie,132.21,2020/06/06,False,False,False,False,False,False,valid,YYYY-MM-DD,False
1254,1254,Shoes,Boots,152.53,2023-07-23,1254,Shoes,Boots,152.53,2023-07-23,False,False,False,False,False,False,valid,YYYY-MM-DD,False
1255,1255,Shoes,Sneakers,217.22,2016-08-26,1255,Shoes,Sneakers,217.22,26-08-2016,False,False,False,False,False,False,valid,DD-MM-YYYY,False
1256,1256,Women,Tops,139.88,2022-06-30,1256,Women,Tops,139.88,2022-06-30,False,False,False,False,False,False,valid,YYYY-MM-DD,False
1257,1257,Men,Activewear,130.36,2015-01-22,1257,Men,Activewear,130.36,2015.01.22,False,False,False,False,False,False,valid,YYYY-MM-DD,False
1258,1258,Kids,Outerwear,72.42,2017-11-29,1258,Kids,Outerwear,72.42,2017/11/29,False,False,False,False,False,False,valid,YYYY-MM-DD,False
1259,1259,Kids,Tops,101.75,2016-10-01,1259,Kids,Tops,101.75,2016/10/01,False,False,False,False,False,False,valid,YYYY-MM-DD,False
1260,1260,Accessories,Hats,113.04,2016-03-28,1260,Accessories,Hats,113.04,2016-03-28,False,False,False,False,False,False,valid,YYYY-MM-DD,False
1261,1261,Men,Jeans,152.86,2020-11-05,1261,Men,Jeans,152.86,05-11-2020,False,False,False,False,False,False,valid,DD-MM-YYYY,True
1262,1262,Accessories,Hats,137.91,2024-01-04,1262,Accessories,Hats,137.91,2024-01-04,False,False,False,False,False,False,valid,YYYY-MM-DD,False
1263,1263,Kids,Outerwear,86.8,2021-09-02,1263,Kids,Outerwear,86.8,2021-09-02,False,False,False,False,False,False,valid,YYYY-MM-DD,False
1264,1264,Accessories,Scarves,111.65,2023-07-17,1264,Accessories,Scarves,111.65,2023-07-17,False,False,False,False,False,False,valid,YYYY-MM-DD,False
1265,1265,Men,Outerwear,178.82,2020-11-30,1265,Men,Outerwear,178.82,2020-11-30,False,False,False,False,False,False,valid,YYYY-MM-DD,False
1266,1266,Women,Jeans,210.07,2015-07-16,1266,Women,Jeans,210.07,2015-07-16,False,False,False,False,False,False,valid,YYYY-MM-DD,False
1267,1267,Women,Activewear,173.38,2018-06-17,1267,Women,Activewear,173.38,2018-06-17,False,False,False,False,False,False,valid,YYYY-MM-DD,False
1268,1268,Men,Suits,163.22,2023-03-28,1268,Men,Suits,163.22,28-03-2023,False,False,False,False,False,False,valid,DD-MM-YYYY,False
1269,1269,Accessories,Jewelry,96.55,2015-06-11,1269,Accessories,Jewelry,96.55,2015-06-11,False,False,False,False,False,False,valid,YYYY-MM-DD,False
1270,1270,Women,Jeans,141.27,2015-12-22,1270,Women,Jeans,141.27,2015.12.22,False,False,False,False,False,False,valid,YYYY-MM-DD,False
1271,1271,Men,Outerwear,190.77,2023-05-04,1271,Men,Outerwear,190.77,04-05-2023,False,False,False,False,False,False,valid,DD-MM-YYYY,True
1272,1272,Women,Tops,200.02,2015-08-20,1272,Women,Tops,200.02,2015-08-20,False,False,False,False,False,False,valid,YYYY-MM-DD,False
1273,1273,Accessories,Hats,133.66,2024-08-05,1273,Accessories,Hats,133.66,2024.08.05,False,False,False,False,False,False,valid,YYYY-MM-DD,False
1274,1274,Shoes,Sneakers,235.45,2022-08-03,1274,Shoes,Sneakers,235.45,03-08-2022,False,False,False,False,False,False,valid,DD-MM-YYYY,True
1275,1275,Shoes,Heels,222.54,2021-08-26,1275,Shoes,Heels,222.54,2021/08/26,False,False,False,False,False,False,valid,YYYY-MM-DD,False
1276,1276,Shoes,Sneakers,258.3,2020-05-13,1276,Shoes,Sneakers,258.3,2020-05-13,False,False,False,False,False,False,valid,YYYY-MM-DD,False
1277,1277,Shoes,Heels,271.43,2015-11-23,1277,Shoes,Heels,271.43,2015/11/23,False,False,False,False,False,False,valid,YYYY-MM-DD,False
1278,1278,Shoes,Loafers,270.12,2019-02-23,1278,Shoes,Loafers,270.12,23-02-2019,False,False,False,False,False,False,valid,DD-MM-YYYY,False
1279,1279,Women,Lingerie,175.46,2023-01-29,1279,Women,Lingerie,175.46,2023/01/29,False,False,False,False,False,False,valid,YYYY-MM-DD,False
1280,1280,Accessories,Hats,161.61,2024-01-15,1280,Accessories,Hats,161.61,2024-01-15,False,False,False,False,False,False,valid,YYYY-MM-DD,False
1281,1281,Shoes,Sneakers,232.57,2019-06-21,1281,Shoes,Sneakers,232.57,2019-06-21,False,False,False,False,False,False,valid,YYYY-MM-DD,False
1282,1282,Shoes,Boots,254.78,2023-05-24,1282,Shoes,Boots,254.78,2023-05-24,False,False,False,False,False,False,valid,YYYY-MM-DD,False
1283,1283,Men,Shirts,171.28,2022-10-07,1283,Men,Shirts,171.28,2022-10-07,False,False,False,False,False,False,valid,YYYY-MM-DD,False
1284,1284,Accessories,Scarves,127.41,2015-07-30,1284,Accessories,Scarves,127.41,2015/07/30,False,False,False,False,False,False,valid,YYYY-MM-DD,False
1285,1285,Men,T-Shirts,130.57,2021-03-15,1285,Men,T-Shirts,130.57,2021-03-15,False,False,False,False,False,False,valid,YYYY-MM-DD,False
1286,1286,Women,Outerwear,211.56,2021-02-28,1286,Women,Outerwear,211.56,2021-02-28,False,False,False,False,False,False,valid,YYYY-MM-DD,False
1287,1287,Accessories,Bags,205.36,2020-06-06,1287,Accessories,Bags,205.36,2020-06-06,False,False,False,False,False,False,valid,YYYY-MM-DD,False
1288,1288,Men,Shirts,145.01,2022-09-22,1288,Men,Shirts,145.01,2022/09/22,False,False,False,False,False,False,valid,YYYY-MM-DD,False
1289,1289,Women,Lingerie,183.19,2023-11-24,1289,Women,Lingerie,183.19,24-11-2023,False,False,False,False,False,False,valid,DD-MM-YYYY,False
1290,1290,Shoes,Boots,195.46,2020-07-03,1290,Shoes,Boots,195.46,03-07-2020,False,False,False,False,False,False,valid,DD-MM-YYYY,True
1291,1291,Men,Shirts,140.48,2018-03-16,1291,Men,Shirts,140.48,2018-03-16,False,False,False,False,False,False,valid,YYYY-MM-DD,False
1292,1292,Accessories,Bags,166.33,2024-10-30,1292,Accessories,Bags,166.33,2024-10-30,False,False,False,False,False,False,valid,YYYY-MM-DD,False
1293,1293,Kids,Bottoms,74.86,2024-08-21,1293,Kids,Bottoms,74.86,2024-08-21,False,False,False,False,False,False,valid,YYYY-MM-DD,False
1294,1294,Women,Outerwear,158.67,2021-11-11,1294,Women,Outerwear,158.67,11-11-2021,False,False,False,False,False,False,valid,DD-MM-YYYY,True
1295,1295,Accessories,Jewelry,72.38,2021-05-29,1295,Accessories,Jewelry,72.38,2021-05-29,False,False,False,False,False,False,valid,YYYY-MM-DD,False
1296,1296,Kids,Bottoms,72.95,2016-01-16,1296,Kids,Bottoms,72.95,2016-01-16,False,False,False,False,False,False,valid,YYYY-MM-DD,False
1297,1297,Men,Suits,91.66,2019-01-07,1297,Men,Suits,91.66,07-01-2019,False,False,False,False,False,False,valid,DD-MM-YYYY,True
1298,1298,Shoes,Sneakers,254.75,2016-12-25,1298,Shoes,Sneakers,254.75,2016-12-25,False,False,False,False,False,False,valid,YYYY-MM-DD,False
1299,1299,Kids,Tops,152.99,2020-02-24,1299,Kids,Tops,152.99,2020-02-24,False,False,False,False,False,False,valid,YYYY-MM-DD,False
1300,1300,Women,Dresses,163.5,2023-04-07,1300,Women,Dresses,163.5,2023-04-07,False,False,False,False,False,False,valid,YYYY-MM-DD,False
1301,1301,Shoes,Loafers,128.33,2017-03-31,1301,Shoes,Loafers,128.33,2017-03-31,False,False,False,False,False,False,valid,YYYY-MM-DD,False
1302,1302,Kids,Outerwear,110.25,2024-12-20,1302,Kids,Outerwear,110.25,2024-12-20,False,False,False,False,False,False,valid,YYYY-MM-DD,False
1303,1303,Shoes,Loafers,180.02,2016-04-18,1303,Shoes,Loafers,180.02,2016-04-18,False,False,False,False,False,False,valid,YYYY-MM-DD,False
1304,1304,Accessories,Bags,158.98,2015-12-26,1304,Accessories,Bags,158.98,26-12-2015,False,False,False,False,False,False,valid,DD-MM-YYYY,False
1305,1305,Shoes,Sneakers,204.49,2024-09-29,1305,Shoes,Sneakers,204.49,2024-09-29,False,False,False,False,False,False,valid,YYYY-MM-DD,False
1306,1306,Shoes,Loafers,185.25,2016-01-02,1306,Shoes,Loafers,185.25,2016/01/02,False,False,False,False,False,False,valid,YYYY-MM-DD,False
1307,1307,Men,Shirts,152.88,2022-05-09,1307,Men,Shirts,152.88,2022/05/09,False,False,False,False,False,False,valid,YYYY-MM-DD,False
1308,1308,Men,Shirts,190.31,,1308,Men,Shirts,190.31,,False,False,False,False,False,False,missing,missing,False
1309,1309,Kids,Outerwear,84.88,2018-04-20,1309,Kids,Outerwear,84.88,2018-04-20,False,False,False,False,False,False,valid,YYYY-MM-DD,False
1310,1310,Accessories,Scarves,105.1,2015-08-24,1310,Accessories,Scarves,105.1,2015-08-24,False,False,False,False,False,False,valid,YYYY-MM-DD,False
1311,1311,Kids,Bottoms,85.53,2018-01-31,1311,Kids,Bottoms,85.53,2018-01-31,False,False,False,False,False,False,valid,YYYY-MM-DD,False
1312,1312,Men,Outerwear,109.13,2015-09-08,1312,Men,Outerwear,109.13,2015/09/08,False,False,False,False,False,False,valid,YYYY-MM-DD,False
1313,1313,Shoes,Sandals,241.84,2021-09-21,1313,Shoes,Sandals,241.84,2021-09-21,False,False,False,False,False,False,valid,YYYY-MM-DD,False
1314,1314,Accessories,Hats,66.4,2023-11-21,1314,Accessories,Hats,66.4,2023-11-21,False,False,False,False,False,False,valid,YYYY-MM-DD,False
1315,1315,Accessories,Belts,106.68,2024-12-21,1315,Accessories,Belts,106.68,2024-12-21,False,False,False,False,False,False,valid,YYYY-MM-DD,False
1316,1316,Men,Shirts,190.38,2023-01-03,1316,Men,Shirts,190.38,2023-01-03,False,False,False,False,False,False,valid,YYYY-MM-DD,False
1317,1317,Shoes,Heels,236.67,2022-09-30,1317,Shoes,Heels,236.67,2022.09.30,False,False,False,False,False,False,valid,YYYY-MM-DD,False
1318,1318,Kids,Shoes,103.28,2023-10-26,1318,Kids,Shoes,103.28,2023-10-26,False,False,False,False,False,False,valid,YYYY-MM-DD,False
1319,1319,Kids,Sleepwear,88.54,2022-09-13,1319,Kids,Sleepwear,88.54,2022-09-13,False,False,False,False,False,False,valid,YYYY-MM-DD,False
1320,1320,Men,T-Shirts,206.79,2021-07-04,1320,Men,T-Shirts,206.79,04-07-2021,False,False,False,False,False,False,valid,DD-MM-YYYY,True
1321,1321,Women,Dresses,221.61,2024-12-18,1321,Women,Dresses,221.61,2024-12-18,False,False,False,False,False,False,valid,YYYY-MM-DD,False
1322,1322,Men,Shirts,177.85,2018-03-24,1322,Men,Shirts,177.85,2018-03-24,False,False,False,False,False,False,valid,YYYY-MM-DD,False
1323,1323,Kids,Outerwear,110.87,2019-02-16,1323,Kids,Outerwear,110.87,2019-02-16,False,False,False,False,False,False,valid,YYYY-MM-DD,False
1324,1324,Accessories,Bags,142.51,2024-01-24,1324,Accessories,Bags,142.51,2024-01-24,False,False,False,False,False,False,valid,YYYY-MM-DD,False
1325,1325,Accessories,Hats,106.82,2018-02-10,1325,Accessories,Hats,106.82,2018-02-10,False,False,False,False,False,False,valid,YYYY-MM-DD,False
1326,1326,Women,Lingerie,119.52,2017-12-27,1326,Women,Lingerie,119.52,2017/12/27,False,False,False,False,False,False,valid,YYYY-MM-DD,False
1327,1327,Shoes,Boots,243.12,2016-07-09,1327,Shoes,Boots,243.12,2016/07/09,False,False,False,False,False,False,valid,YYYY-MM-DD,False
1328,1328,Women,Outerwear,204.57,,1328,Women,Outerwear,204.57,,False,False,False,False,False,False,missing,missing,False
1329,1329,Shoes,Sandals,279.98,2020-12-08,1329,Shoes,Sandals,279.98,2020-12-08,False,False,False,False,False,False,valid,YYYY-MM-DD,False
1330,1330,Men,Shirts,122.55,2023-11-13,1330,Men,Shirts,122.55,2023/11/13,False,False,False,False,False,False,valid,YYYY-MM-DD,False
1331,1331,Kids,Shoes,69.61,2016-05-12,1331,Kids,Shoes,69.61,2016-05-12,False,False,False,False,False,False,valid,YYYY-MM-DD,False
1332,1332,Shoes,Boots,245.29,2021-10-23,1332,Shoes,Boots,245.29,2021/10/23,False,False,False,False,False,False,valid,YYYY-MM-DD,False
1333,1333,Kids,Shoes,88.4,2022-08-31,1333,Kids,Shoes,88.4,2022-08-31,False,False,False,False,False,False,valid,YYYY-MM-DD,False
1334,1334,Accessories,Scarves,63.43,2023-12-16,1334,Accessories,Scarves,63.43,16-12-2023,False,False,False,False,False,False,valid,DD-MM-YYYY,False
1335,1335,Kids,Tops,98.44,2022-07-02,1335,Kids,Tops,98.44,2022-07-02,False,False,False,False,False,False,valid,YYYY-MM-DD,False
1336,1336,Accessories,Scarves,64.43,,1336,Accessories,Scarves,64.43,,False,False,False,False,False,False,missing,missing,False
1337,1337,Shoes,Sneakers,168.01,2019-11-21,1337,Shoes,Sneakers,168.01,2019.11.21,False,False,False,False,False,False,valid,YYYY-MM-DD,False
1338,1338,Men,Activewear,214.07,2024-07-10,1338,Men,Activewear,214.07,2024-07-10,False,False,False,False,False,False,valid,YYYY-MM-DD,False
1339,1339,Shoes,Loafers,320.37,2024-02-01,1339,Shoes,Loafers,320.37,2024/02/01,False,False,False,False,False,False,valid,YYYY-MM-DD,False
1340,1340,Kids,Shoes,62.65,2021-02-16,1340,Kids,Shoes,62.65,2021/02/16,False,False,False,False,False,False,valid,YYYY-MM-DD,False
1341,1341,Kids,Shoes,82.59,2024-08-19,1341,Kids,Shoes,82.59,2024/08/19,False,False,False,False,False,False,valid,YYYY-MM-DD,False
1342,1342,Women,Jeans,181.92,2021-09-06,1342,Women,Jeans,181.92,2021-09-06,False,False,False,False,False,False,valid,YYYY-MM-DD,False
1343,1343,Women,Outerwear,260.16,2015-08-26,1343,Women,Outerwear,260.16,2015-08-26,False,False,False,False,False,False,valid,YYYY-MM-DD,False
1344,1344,Kids,Bottoms,78.91,2024-02-22,1344,Kids,Bottoms,78.91,22/02/2024,False,False,False,False,False,False,valid,DD-MM-YYYY,False
1345,1345,Women,Lingerie,158.54,2016-09-06,1345,Women,Lingerie,158.54,2016-09-06,False,False,False,False,False,False,valid,YYYY-MM-DD,False
1346,1346,Accessories,Hats,166.46,2018-10-22,1346,Accessories,Hats,166.46,2018/10/22,False,False,False,False,False,False,valid,YYYY-MM-DD,False
1347,1347,Accessories,Scarves,108.76,,1347,Accessories,Scarves,108.76,,False,False,False,False,False,False,missing,missing,False
1348,1348,Shoes,Boots,259.72,2022-03-13,1348,Shoes,Boots,259.72,2022-03-13,False,False,False,False,False,False,valid,YYYY-MM-DD,False
1349,1349,Shoes,Sandals,138.76,2015-04-20,1349,Shoes,Sandals,138.76,2015/04/20,False,False,False,False,False,False,valid,YYYY-MM-DD,False
1350,1350,Kids,Bottoms,86.15,2021-05-28,1350,Kids,Bottoms,86.15,2021-05-28,False,False,False,False,False,False,valid,YYYY-MM-DD,False
1351,1351,Women,Activewear,105.32,2023-08-24,1351,Women,Activewear,105.32,2023-08-24,False,False,False,False,False,False,valid,YYYY-MM-DD,False
1352,1352,Men,Shirts,117.78,2022-11-17,1352,Men,Shirts,117.78,2022.11.17,False,False,False,False,False,False,valid,YYYY-MM-DD,False
1353,1353,Kids,Tops,108.88,2018-01-26,1353,Kids,Tops,108.88,26-01-2018,False,False,False,False,False,False,valid,DD-MM-YYYY,False
1354,1354,Accessories,Belts,118.5,2023-12-21,1354,Accessories,Belts,118.5,21-12-2023,False,False,False,False,False,False,valid,DD-MM-YYYY,False
1355,1355,Men,Outerwear,147.24,2018-08-15,1355,Men,Outerwear,147.24,2018-08-15,False,False,False,False,False,False,valid,YYYY-MM-DD,False
1356,1356,Kids,Sleepwear,73.15,2021-10-20,1356,Kids,Sleepwear,73.15,2021-10-20,False,False,False,False,False,False,valid,YYYY-MM-DD,False
1357,1357,Men,Outerwear,151.17,2020-01-25,1357,Men,Outerwear,151.17,2020/01/25,False,False,False,False,False,False,valid,YYYY-MM-DD,False
1358,1358,Women,Dresses,193.55,2015-09-05,1358,Women,Dresses,193.55,2015-09-05,False,False,False,False,False,False,valid,YYYY-MM-DD,False
1359,1359,Women,Tops,224.23,2015-01-11,1359,Women,Tops,224.23,2015/01/11,False,False,False,False,False,False,valid,YYYY-MM-DD,False
1360,1360,Men,Outerwear,54.99,2016-10-31,1360,Men,Outerwear,54.99,2016-10-31,False,False,False,False,False,False,valid,YYYY-MM-DD,False
1361,1361,Women,Outerwear,142.57,2024-05-07,1361,Women,Outerwear,142.57,2024-05-07,False,False,False,False,False,False,valid,YYYY-MM-DD,False
1362,1362,Women,Outerwear,187.16,2024-07-16,1362,Women,Outerwear,187.16,2024-07-16,False,False,False,False,False,False,valid,YYYY-MM-DD,False
1363,1363,Men,Jeans,156.05,2019-02-07,1363,Men,Jeans,156.05,07-02-2019,False,False,False,False,False,False,valid,DD-MM-YYYY,True
1364,1364,Men,Activewear,176.14,2024-09-08,1364,Men,Activewear,176.14,2024-09-08,False,False,False,False,False,False,valid,YYYY-MM-DD,False
1365,1365,Kids,Sleepwear,96.02,2015-06-30,1365,Kids,Sleepwear,96.02,2015-06-30,False,False,False,False,False,False,valid,YYYY-MM-DD,False
1366,1366,Women,Activewear,166.28,2024-09-03,1366,Women,Activewear,166.28,03-09-2024,False,False,False,False,False,False,valid,DD-MM-YYYY,True
1367,1367,Men,Activewear,138.93,2017-04-23,1367,Men,Activewear,138.93,23/04/2017,False,False,False,False,False,False,valid,DD-MM-YYYY,False
1368,1368,Kids,Shoes,84.48,2015-05-15,1368,Kids,Shoes,84.48,15-05-2015,False,False,False,False,False,False,valid,DD-MM-YYYY,False
1369,1369,Accessories,Belts,154.46,2022-07-31,1369,Accessories,Belts,154.46,2022-07-31,False,False,False,False,False,False,valid,YYYY-MM-DD,False
1370,1370,Shoes,Sandals,179.74,,1370,Shoes,Sandals,179.74,,False,False,False,False,False,False,missing,missing,False
1371,1371,Accessories,Bags,118.12,,1371,Accessories,Bags,118.12,,False,False,False,False,False,False,missing,missing,False
1372,1372,Men,Shirts,167.33,2022-08-07,1372,Men,Shirts,167.33,2022-08-07,False,False,False,False,False,False,valid,YYYY-MM-DD,False
1373,1373,Kids,Shoes,125.11,2018-05-01,1373,Kids,Shoes,125.11,2018/05/01,False,False,False,False,False,False,valid,YYYY-MM-DD,False
1374,1374,Kids,Outerwear,83.24,2022-07-13,1374,Kids,Outerwear,83.24,2022-07-13,False,False,False,False,False,False,valid,YYYY-MM-DD,False
1375,1375,Accessories,Scarves,148.76,2016-12-14,1375,Accessories,Scarves,148.76,14-12-2016,False,False,False,False,False,False,valid,DD-MM-YYYY,False
1376,1376,Accessories,Scarves,156.96,2015-11-10,1376,Accessories,Scarves,156.96,10/11/2015,False,False,False,False,False,False,valid,DD-MM-YYYY,True
1377,1377,Accessories,Scarves,118.09,2018-04-01,1377,Accessories,Scarves,118.09,2018/04/01,False,False,False,False,False,False,valid,YYYY-MM-DD,False
1378,1378,Shoes,Boots,208.41,2021-02-04,1378,Shoes,Boots,208.41,2021/02/04,False,False,False,False,False,False,valid,YYYY-MM-DD,False
1379,1379,Kids,Tops,82.6,2017-04-01,1379,Kids,Tops,82.6,2017-04-01,False,False,False,False,False,False,valid,YYYY-MM-DD,False
1380,1380,Kids,Tops,84.24,2016-06-05,1380,Kids,Tops,84.24,2016.06.05,False,False,False,False,False,False,valid,YYYY-MM-DD,False
1381,1381,Accessories,Jewelry,145.63,2022-06-29,1381,Accessories,Jewelry,145.63,2022/06/29,False,False,False,False,False,False,valid,YYYY-MM-DD,False
1382,1382,Men,Jeans,169.24,2019-12-07,1382,Men,Jeans,169.24,2019/12/07,False,False,False,False,False,False,valid,YYYY-MM-DD,False
1383,1383,Men,Activewear,169.41,2019-04-26,1383,Men,Activewear,169.41,2019-04-26,False,False,False,False,False,False,valid,YYYY-MM-DD,False
1384,1384,Accessories,Hats,86.24,2017-05-25,1384,Accessories,Hats,86.24,2017-05-25,False,False,False,False,False,False,valid,YYYY-MM-DD,False
1385,1385,Men,Shirts,121.3,2015-03-06,1385,Men,Shirts,121.3,2015-03-06,False,False,False,False,False,False,valid,YYYY-MM-DD,False
1386,1386,Men,Outerwear,245.74,2015-07-14,1386,Men,Outerwear,245.74,2015-07-14,False,False,False,False,False,False,valid,YYYY-MM-DD,False
1387,1387,Kids,Tops,86.0,2021-10-25,1387,Kids,Tops,86.0,2021.10.25,False,False,False,False,False,False,valid,YYYY-MM-DD,False
1388,1388,Men,Jeans,129.01,2015-10-20,1388,Men,Jeans,129.01,2015-10-20,False,False,False,False,False,False,valid,YYYY-MM-DD,False
1389,1389,Accessories,Bags,162.93,2017-06-21,1389,Accessories,Bags,162.93,2017-06-21,False,False,False,False,False,False,valid,YYYY-MM-DD,False
1390,1390,Accessories,Jewelry,128.45,2024-02-10,1390,Accessories,Jewelry,128.45,2024-02-10,False,False,False,False,False,False,valid,YYYY-MM-DD,False
1391,1391,Men,Activewear,183.13,2018-06-10,1391,Men,Activewear,183.13,2018-06-10,False,False,False,False,False,False,valid,YYYY-MM-DD,False
1392,1392,Kids,Shoes,86.89,2022-06-13,1392,Kids,Shoes,86.89,2022-06-13,False,False,False,False,False,False,valid,YYYY-MM-DD,False
1393,1393,Accessories,Hats,110.44,,1393,Accessories,Hats,110.44,,False,False,False,False,False,False,missing,missing,False
1394,1394,Shoes,Boots,210.67,2024-04-26,1394,Shoes,Boots,210.67,2024-04-26,False,False,False,False,False,False,valid,YYYY-MM-DD,False
1395,1395,Men,Activewear,104.69,2023-03-22,1395,Men,Activewear,104.69,2023.03.22,False,False,False,False,False,False,valid,YYYY-MM-DD,False
1396,1396,Kids,Shoes,88.02,2019-09-13,1396,Kids,Shoes,88.02,13-09-2019,False,False,False,False,False,False,valid,DD-MM-YYYY,False
1397,1397,Shoes,Heels,236.28,2021-11-05,1397,Shoes,Heels,236.28,2021/11/05,False,False,False,False,False,False,valid,YYYY-MM-DD,False
1398,1398,Shoes,Sneakers,321.78,2019-02-18,1398,Shoes,Sneakers,321.78,2019-02-18,False,False,False,False,False,False,valid,YYYY-MM-DD,False
1399,1399,Women,Tops,183.87,2024-06-11,1399,Women,Tops,183.87,11-06-2024,False,False,False,False,False,False,valid,DD-MM-YYYY,True
1400,1400,Men,T-Shirts,66.63,2018-08-02,1400,Men,T-Shirts,66.63,2018-08-02,False,False,False,False,False,False,valid,YYYY-MM-DD,False
1401,1401,Accessories,Hats,117.18,2023-05-14,1401,Accessories,Hats,117.18,2023-05-14,False,False,False,False,False,False,valid,YYYY-MM-DD,False
1402,1402,Men,T-Shirts,269.58,2021-03-01,1402,Men,T-Shirts,269.58,2021-03-01,False,False,False,False,False,False,valid,YYYY-MM-DD,False
1403,1403,Men,Activewear,194.65,2021-06-09,1403,Men,Activewear,194.65,2021/06/09,False,False,False,False,False,False,valid,YYYY-MM-DD,False
1404,1404,Men,Shirts,127.56,2018-07-08,1404,Men,Shirts,127.56,2018-07-08,False,False,False,False,False,False,valid,YYYY-MM-DD,False
1405,1405,Women,Lingerie,206.6,2023-05-01,1405,Women,Lingerie,206.6,2023/05/01,False,False,False,False,False,False,valid,YYYY-MM-DD,False
1406,1406,Women,Activewear,146.61,2022-06-19,1406,Women,Activewear,146.61,2022/06/19,False,False,False,False,False,False,valid,YYYY-MM-DD,False
1407,1407,Men,Suits,105.85,2023-02-26,1407,Men,Suits,105.85,26-02-2023,False,False,False,False,False,False,valid,DD-MM-YYYY,False
1408,1408,Accessories,Jewelry,109.55,2023-01-06,1408,Accessories,Jewelry,109.55,2023-01-06,False,False,False,False,False,False,valid,YYYY-MM-DD,False
1409,1409,Women,Tops,184.12,2016-07-29,1409,Women,Tops,184.12,2016-07-29,False,False,False,False,False,False,valid,YYYY-MM-DD,False
1410,1410,Men,T-Shirts,85.11,2023-10-05,1410,Men,T-Shirts,85.11,2023-10-05,False,False,False,False,False,False,valid,YYYY-MM-DD,False
1411,1411,Women,Tops,128.29,2023-06-03,1411,Women,Tops,128.29,2023-06-03,False,False,False,False,False,False,valid,YYYY-MM-DD,False
1412,1412,Kids,Shoes,90.23,2017-06-05,1412,Kids,Shoes,90.23,2017-06-05,False,False,False,False,False,False,valid,YYYY-MM-DD,False
1413,1413,Men,Jeans,143.67,2024-10-25,1413,Men,Jeans,143.67,2024-10-25,False,False,False,False,False,False,valid,YYYY-MM-DD,False
1414,1414,Shoes,Heels,241.71,2020-04-09,1414,Shoes,Heels,241.71,2020/04/09,False,False,False,False,False,False,valid,YYYY-MM-DD,False
1415,1415,Kids,Sleepwear,62.67,2018-03-21,1415,Kids,Sleepwear,62.67,2018-03-21,False,False,False,False,False,False,valid,YYYY-MM-DD,False
1416,1416,Shoes,Sneakers,259.28,2017-03-27,1416,Shoes,Sneakers,259.28,2017-03-27,False,False,False,False,False,False,valid,YYYY-MM-DD,False
1417,1417,Shoes,Sneakers,154.89,2018-08-25,1417,Shoes,Sneakers,154.89,2018-08-25,False,False,False,False,False,False,valid,YYYY-MM-DD,False
1418,1418,Kids,Shoes,126.96,2015-05-18,1418,Kids,Shoes,126.96,2015-05-18,False,False,False,False,False,False,valid,YYYY-MM-DD,False
1419,1419,Accessories,Bags,68.53,2021-11-28,1419,Accessories,Bags,68.53,2021-11-28,False,False,False,False,False,False,valid,YYYY-MM-DD,False
1420,1420,Kids,Sleepwear,65.42,2022-01-29,1420,Kids,Sleepwear,65.42,2022-01-29,False,False,False,False,False,False,valid,YYYY-MM-DD,False
1421,1421,Accessories,Jewelry,132.52,2021-09-05,1421,Accessories,Jewelry,132.52,2021/09/05,False,False,False,False,False,False,valid,YYYY-MM-DD,False
1422,1422,Accessories,Scarves,169.93,2020-06-28,1422,Accessories,Scarves,169.93,2020-06-28,False,False,False,False,False,False,valid,YYYY-MM-DD,False
1423,1423,Kids,Outerwear,97.09,2018-08-18,1423,Kids,Outerwear,97.09,18-08-2018,False,False,False,False,False,False,valid,DD-MM-YYYY,False
1424,1424,Shoes,Heels,250.96,2022-03-29,1424,Shoes,Heels,250.96,29/03/2022,False,False,False,False,False,False,valid,DD-MM-YYYY,False
1425,1425,Men,Activewear,160.7,2023-09-19,1425,Men,Activewear,160.7,2023-09-19,False,False,False,False,False,False,valid,YYYY-MM-DD,False
1426,1426,Accessories,Hats,89.21,2015-11-17,1426,Accessories,Hats,89.21,2015-11-17,False,False,False,False,False,False,valid,YYYY-MM-DD,False
1427,1427,Shoes,Heels,193.04,2018-10-30,1427,Shoes,Heels,193.04,2018-10-30,False,False,False,False,False,False,valid,YYYY-MM-DD,False
1428,1428,Accessories,Bags,83.64,2024-12-15,1428,Accessories,Bags,83.64,2024/12/15,False,False,False,False,False,False,valid,YYYY-MM-DD,False
1429,1429,Men,Activewear,108.85,2023-08-15,1429,Men,Activewear,108.85,2023/08/15,False,False,False,False,False,False,valid,YYYY-MM-DD,False
1430,1430,Shoes,Sandals,242.1,2024-12-11,1430,Shoes,Sandals,242.1,11-12-2024,False,False,False,False,False,False,valid,DD-MM-YYYY,True
1431,1431,Kids,Sleepwear,64.73,2016-10-31,1431,Kids,Sleepwear,64.73,31-10-2016,False,False,False,False,False,False,valid,DD-MM-YYYY,False
1432,1432,Women,Dresses,194.38,2019-08-26,1432,Women,Dresses,194.38,2019-08-26,False,False,False,False,False,False,valid,YYYY-MM-DD,False
1433,1433,Women,Activewear,121.42,2016-04-21,1433,Women,Activewear,121.42,2016-04-21,False,False,False,False,False,False,valid,YYYY-MM-DD,False
1434,1434,Kids,Sleepwear,96.67,2023-08-30,1434,Kids,Sleepwear,96.67,2023-08-30,False,False,False,False,False,False,valid,YYYY-MM-DD,False
1435,1435,Men,Jeans,140.45,2020-03-10,1435,Men,Jeans,140.45,2020-03-10,False,False,False,False,False,False,valid,YYYY-MM-DD,False
1436,1436,Women,Lingerie,243.3,2017-06-08,1436,Women,Lingerie,243.3,2017-06-08,False,False,False,False,False,False,valid,YYYY-MM-DD,False
1437,1437,Kids,Outerwear,97.28,2015-11-26,1437,Kids,Outerwear,97.28,2015-11-26,False,False,False,False,False,False,valid,YYYY-MM-DD,False
1438,1438,Shoes,Heels,287.97,2022-05-18,1438,Shoes,Heels,287.97,2022-05-18,False,False,False,False,False,False,valid,YYYY-MM-DD,False
1439,1439,Men,Suits,129.77,2023-02-13,1439,Men,Suits,129.77,2023-02-13,False,False,False,False,False,False,valid,YYYY-MM-DD,False
1440,1440,Accessories,Hats,121.68,2023-10-17,1440,Accessories,Hats,121.68,2023-10-17,False,False,False,False,False,False,valid,YYYY-MM-DD,False
1441,1441,Shoes,Heels,166.04,2024-09-18,1441,Shoes,Heels,166.04,2024-09-18,False,False,False,False,False,False,valid,YYYY-MM-DD,False
1442,1442,Kids,Bottoms,80.69,2023-02-23,1442,Kids,Bottoms,80.69,2023-02-23,False,False,False,False,False,False,valid,YYYY-MM-DD,False
1443,1443,Accessories,Jewelry,112.14,2022-11-12,1443,Accessories,Jewelry,112.14,2022-11-12,False,False,False,False,False,False,valid,YYYY-MM-DD,False
1444,1444,Kids,Shoes,73.67,2023-02-13,1444,Kids,Shoes,73.67,2023-02-13,False,False,False,False,False,False,valid,YYYY-MM-DD,False
1445,1445,Women,Dresses,125.3,2024-12-27,1445,Women,Dresses,125.3,2024-12-27,False,False,False,False,False,False,valid,YYYY-MM-DD,False
1446,1446,Women,Activewear,116.39,2019-08-19,1446,Women,Activewear,116.39,2019-08-19,False,False,False,False,False,False,valid,YYYY-MM-DD,False
1447,1447,Accessories,Bags,49.81,2022-08-03,1447,Accessories,Bags,49.81,2022-08-03,False,False,False,False,False,False,valid,YYYY-MM-DD,False
1448,1448,Accessories,Belts,88.31,2023-03-15,1448,Accessories,Belts,88.31,2023-03-15,False,False,False,False,False,False,valid,YYYY-MM-DD,False
1449,1449,Shoes,Loafers,254.51,2016-02-29,1449,Shoes,Loafers,254.51,2016-02-29,False,False,False,False,False,False,valid,YYYY-MM-DD,False
1450,1450,Women,Tops,108.07,2021-11-28,1450,Women,Tops,108.07,2021/11/28,False,False,False,False,False,False,valid,YYYY-MM-DD,False
1451,1451,Men,Outerwear,105.28,2018-05-22,1451,Men,Outerwear,105.28,2018-05-22,False,False,False,False,False,False,valid,YYYY-MM-DD,False
1452,1452,Women,Tops,260.59,2016-04-28,1452,Women,Tops,260.59,2016/04/28,False,False,False,False,False,False,valid,YYYY-MM-DD,False
1453,1453,Women,Activewear,151.36,2016-09-14,1453,Women,Activewear,151.36,2016-09-14,False,False,False,False,False,False,valid,YYYY-MM-DD,False
1454,1454,Men,Outerwear,172.84,2016-02-22,1454,Men,Outerwear,172.84,2016-02-22,False,False,False,False,False,False,valid,YYYY-MM-DD,False
1455,1455,Kids,Outerwear,104.45,2023-12-24,1455,Kids,Outerwear,104.45,2023-12-24,False,False,False,False,False,False,valid,YYYY-MM-DD,False
1456,1456,Women,Lingerie,209.81,2022-09-20,1456,Women,Lingerie,209.81,2022.09.20,False,False,False,False,False,False,valid,YYYY-MM-DD,False
1457,1457,Accessories,Hats,74.33,2016-01-09,1457,Accessories,Hats,74.33,2016-01-09,False,False,False,False,False,False,valid,YYYY-MM-DD,False
1458,1458,Kids,Sleepwear,84.8,2021-04-03,1458,Kids,Sleepwear,84.8,2021/04/03,False,False,False,False,False,False,valid,YYYY-MM-DD,False
1459,1459,Men,Shirts,95.27,2021-08-09,1459,Men,Shirts,95.27,2021-08-09,False,False,False,False,False,False,valid,YYYY-MM-DD,False
1460,1460,Kids,Bottoms,145.04,2020-03-12,1460,Kids,Bottoms,145.04,2020-03-12,False,False,False,False,False,False,valid,YYYY-MM-DD,False
1461,1461,Shoes,Loafers,132.28,2021-01-23,1461,Shoes,Loafers,132.28,2021/01/23,False,False,False,False,False,False,valid,YYYY-MM-DD,False
1462,1462,Men,T-Shirts,118.09,2024-01-28,1462,Men,T-Shirts,118.09,2024/01/28,False,False,False,False,False,False,valid,YYYY-MM-DD,False
1463,1463,Women,Outerwear,133.17,2020-03-10,1463,Women,Outerwear,133.17,2020/03/10,False,False,False,False,False,False,valid,YYYY-MM-DD,False
1464,1464,Women,Jeans,112.65,2021-08-06,1464,Women,Jeans,112.65,2021-08-06,False,False,False,False,False,False,valid,YYYY-MM-DD,False
1465,1465,Accessories,Bags,160.58,2020-09-17,1465,Accessories,Bags,160.58,2020-09-17,False,False,False,False,False,False,valid,YYYY-MM-DD,False
1466,1466,Women,Lingerie,289.01,2018-12-18,1466,Women,Lingerie,289.01,2018-12-18,False,False,False,False,False,False,valid,YYYY-MM-DD,False
1467,1467,Shoes,Sandals,193.83,2023-11-29,1467,Shoes,Sandals,193.83,2023-11-29,False,False,False,False,False,False,valid,YYYY-MM-DD,False
1468,1468,Men,Jeans,107.18,2019-02-21,1468,Men,Jeans,107.18,2019-02-21,False,False,False,False,False,False,valid,YYYY-MM-DD,False
1469,1469,Shoes,Heels,96.97,2023-01-01,1469,Shoes,Heels,96.97,2023-01-01,False,False,False,False,False,False,valid,YYYY-MM-DD,False
1470,1470,Women,Outerwear,169.02,2021-01-19,1470,Women,Outerwear,169.02,2021-01-19,False,False,False,False,False,False,valid,YYYY-MM-DD,False
1471,1471,Accessories,Hats,110.51,2021-11-07,1471,Accessories,Hats,110.51,2021-11-07,False,False,False,False,False,False,valid,YYYY-MM-DD,False
1472,1472,Shoes,Loafers,184.18,2022-08-09,1472,Shoes,Loafers,184.18,2022/08/09,False,False,False,False,False,False,valid,YYYY-MM-DD,False
1473,1473,Kids,Tops,94.98,2022-05-12,1473,Kids,Tops,94.98,2022-05-12,False,False,False,False,False,False,valid,YYYY-MM-DD,False
1474,1474,Men,Jeans,175.81,2020-08-23,1474,Men,Jeans,175.81,2020.08.23,False,False,False,False,False,False,valid,YYYY-MM-DD,False
1475,1475,Accessories,Bags,129.69,2021-02-26,1475,Accessories,Bags,129.69,2021-02-26,False,False,False,False,False,False,valid,YYYY-MM-DD,False
1476,1476,Men,Suits,147.36,2020-02-02,1476,Men,Suits,147.36,2020-02-02,False,False,False,False,False,False,valid,YYYY-MM-DD,False
1477,1477,Kids,Sleepwear,65.21,2018-05-23,1477,Kids,Sleepwear,65.21,23/05/2018,False,False,False,False,False,False,valid,DD-MM-YYYY,False
1478,1478,Men,T-Shirts,186.63,2022-04-09,1478,Men,T-Shirts,186.63,09-04-2022,False,False,False,False,False,False,valid,DD-MM-YYYY,True
1479,1479,Men,Activewear,160.5,2023-10-16,1479,Men,Activewear,160.5,16/10/2023,False,False,False,False,False,False,valid,DD-MM-YYYY,False
1480,1480,Kids,Tops,109.99,2022-01-20,1480,Kids,Tops,109.99,2022-01-20,False,False,False,False,False,False,valid,YYYY-MM-DD,False
1481,1481,Women,Jeans,215.55,2022-09-21,1481,Women,Jeans,215.55,2022-09-21,False,False,False,False,False,False,valid,YYYY-MM-DD,False
1482,1482,Women,Dresses,116.02,,1482,Women,Dresses,116.02,not_a_date,False,False,False,False,False,False,invalid,unsupported_or_invalid,False
1483,1483,Men,Suits,102.63,2018-09-03,1483,Men,Suits,102.63,03-09-2018,False,False,False,False,False,False,valid,DD-MM-YYYY,True
1484,1484,Women,Activewear,146.0,2015-08-17,1484,Women,Activewear,146.0,2015-08-17,False,False,False,False,False,False,valid,YYYY-MM-DD,False
1485,1485,Kids,Shoes,66.23,2018-05-18,1485,Kids,Shoes,66.23,2018-05-18,False,False,False,False,False,False,valid,YYYY-MM-DD,False
1486,1486,Accessories,Belts,142.66,2022-07-20,1486,Accessories,Belts,142.66,2022-07-20,False,False,False,False,False,False,valid,YYYY-MM-DD,False
1487,1487,Women,Tops,195.81,2023-02-27,1487,Women,Tops,195.81,2023-02-27,False,False,False,False,False,False,valid,YYYY-MM-DD,False
1488,1488,Women,Dresses,229.46,2020-02-20,1488,Women,Dresses,229.46,20-02-2020,False,False,False,False,False,False,valid,DD-MM-YYYY,False
1489,1489,Women,Jeans,197.84,2022-10-15,1489,Women,Jeans,197.84,2022-10-15,False,False,False,False,False,False,valid,YYYY-MM-DD,False
1490,1490,Kids,Outerwear,94.69,2015-09-30,1490,Kids,Outerwear,94.69,2015-09-30,False,False,False,False,False,False,valid,YYYY-MM-DD,False
1491,1491,Men,Suits,207.99,2021-06-10,1491,Men,Suits,207.99,2021-06-10,False,False,False,False,False,False,valid,YYYY-MM-DD,False
1492,1492,Kids,Sleepwear,100.57,2021-10-16,1492,Kids,Sleepwear,100.57,2021-10-16,False,False,False,False,False,False,valid,YYYY-MM-DD,False
1493,1493,Women,Dresses,183.06,2020-01-30,1493,Women,Dresses,183.06,2020/01/30,False,False,False,False,False,False,valid,YYYY-MM-DD,False
1494,1494,Men,Jeans,219.22,2022-03-02,1494,Men,Jeans,219.22,2022-03-02,False,False,False,False,False,False,valid,YYYY-MM-DD,False
1495,1495,Kids,Outerwear,92.59,2019-12-01,1495,Kids,Outerwear,92.59,2019/12/01,False,False,False,False,False,False,valid,YYYY-MM-DD,False
1496,1496,Kids,Bottoms,83.15,2020-03-27,1496,Kids,Bottoms,83.15,27-03-2020,False,False,False,False,False,False,valid,DD-MM-YYYY,False
1497,1497,Kids,Tops,71.15,2021-01-15,1497,Kids,Tops,71.15,2021-01-15,False,False,False,False,False,False,valid,YYYY-MM-DD,False
1498,1498,Shoes,Loafers,258.67,2022-12-09,1498,Shoes,Loafers,258.67,2022-12-09,False,False,False,False,False,False,valid,YYYY-MM-DD,False
1499,1499,Kids,Sleepwear,117.83,2017-06-27,1499,Kids,Sleepwear,117.83,27/06/2017,False,False,False,False,False,False,valid,DD-MM-YYYY,False
1500,1500,Accessories,Hats,118.48,2018-01-01,1500,Accessories,Hats,118.48,2018/01/01,False,False,False,False,False,False,valid,YYYY-MM-DD,False
1501,1501,Kids,Bottoms,119.43,2019-03-11,1501,Kids,Bottoms,119.43,2019-03-11,False,False,False,False,False,False,valid,YYYY-MM-DD,False
1502,1502,Men,T-Shirts,81.2,2017-01-07,1502,Men,T-Shirts,81.2,2017-01-07,False,False,False,False,False,False,valid,YYYY-MM-DD,False
1503,1503,Men,Shirts,157.78,2018-05-05,1503,Men,Shirts,157.78,2018.05.05,False,False,False,False,False,False,valid,YYYY-MM-DD,False
1504,1504,Men,Outerwear,158.4,2018-07-05,1504,Men,Outerwear,158.4,2018-07-05,False,False,False,False,False,False,valid,YYYY-MM-DD,False
1505,1505,Kids,Shoes,73.64,2018-02-21,1505,Kids,Shoes,73.64,2018.02.21,False,False,False,False,False,False,valid,YYYY-MM-DD,False
1506,1506,Men,T-Shirts,255.35,2019-02-06,1506,Men,T-Shirts,255.35,2019/02/06,False,False,False,False,False,False,valid,YYYY-MM-DD,False
1507,1507,Accessories,Belts,118.01,2020-01-18,1507,Accessories,Belts,118.01,18-01-2020,False,False,False,False,False,False,valid,DD-MM-YYYY,False
1508,1508,Kids,Sleepwear,80.83,2021-12-17,1508,Kids,Sleepwear,80.83,2021-12-17,False,False,False,False,False,False,valid,YYYY-MM-DD,False
1509,1509,Accessories,Bags,120.78,2018-01-11,1509,Accessories,Bags,120.78,2018.01.11,False,False,False,False,False,False,valid,YYYY-MM-DD,False
1510,1510,Shoes,Sneakers,109.85,2023-06-16,1510,Shoes,Sneakers,109.85,2023-06-16,False,False,False,False,False,False,valid,YYYY-MM-DD,False
1511,1511,Men,Outerwear,129.61,2019-10-18,1511,Men,Outerwear,129.61,2019-10-18,False,False,False,False,False,False,valid,YYYY-MM-DD,False
1512,1512,Men,T-Shirts,199.33,2022-03-18,1512,Men,T-Shirts,199.33,18-03-2022,False,False,False,False,False,False,valid,DD-MM-YYYY,False
1513,1513,Shoes,Sandals,185.41,2016-02-24,1513,Shoes,Sandals,185.41,2016-02-24,False,False,False,False,False,False,valid,YYYY-MM-DD,False
1514,1514,Men,Outerwear,126.84,2016-09-27,1514,Men,Outerwear,126.84,2016-09-27,False,False,False,False,False,False,valid,YYYY-MM-DD,False
1515,1515,Men,Jeans,212.38,2019-07-15,1515,Men,Jeans,212.38,2019/07/15,False,False,False,False,False,False,valid,YYYY-MM-DD,False
1516,1516,Accessories,Bags,160.21,2018-08-30,1516,Accessories,Bags,160.21,2018-08-30,False,False,False,False,False,False,valid,YYYY-MM-DD,False
1517,1517,Kids,Bottoms,101.63,2019-12-18,1517,Kids,Bottoms,101.63,2019-12-18,False,False,False,False,False,False,valid,YYYY-MM-DD,False
1518,1518,Women,Dresses,159.52,2016-08-01,1518,Women,Dresses,159.52,2016/08/01,False,False,False,False,False,False,valid,YYYY-MM-DD,False
1519,1519,Kids,Tops,84.61,2019-09-27,1519,Kids,Tops,84.61,27-09-2019,False,False,False,False,False,False,valid,DD-MM-YYYY,False
1520,1520,Kids,Sleepwear,71.91,2021-11-13,1520,Kids,Sleepwear,71.91,2021-11-13,False,False,False,False,False,False,valid,YYYY-MM-DD,False
1521,1521,Accessories,Bags,90.16,2022-04-15,1521,Accessories,Bags,90.16,2022-04-15,False,False,False,False,False,False,valid,YYYY-MM-DD,False
1522,1522,Shoes,Sneakers,162.56,2017-06-25,1522,Shoes,Sneakers,162.56,25-06-2017,False,False,False,False,False,False,valid,DD-MM-YYYY,False
1523,1523,Women,Outerwear,152.19,2018-06-12,1523,Women,Outerwear,152.19,2018-06-12,False,False,False,False,False,False,valid,YYYY-MM-DD,False
1524,1524,Women,Tops,133.44,2020-04-03,1524,Women,Tops,133.44,2020-04-03,False,False,False,False,False,False,valid,YYYY-MM-DD,False
1525,1525,Shoes,Heels,134.0,2020-03-07,1525,Shoes,Heels,134.0,2020-03-07,False,False,False,False,False,False,valid,YYYY-MM-DD,False
1526,1526,Women,Dresses,189.87,2022-12-02,1526,Women,Dresses,189.87,2022-12-02,False,False,False,False,False,False,valid,YYYY-MM-DD,False
1527,1527,Men,Jeans,169.38,2018-11-26,1527,Men,Jeans,169.38,26-11-2018,False,False,False,False,False,False,valid,DD-MM-YYYY,False
1528,1528,Women,Jeans,256.54,2021-09-16,1528,Women,Jeans,256.54,2021/09/16,False,False,False,False,False,False,valid,YYYY-MM-DD,False
1529,1529,Women,Activewear,149.92,2023-11-03,1529,Women,Activewear,149.92,2023/11/03,False,False,False,False,False,False,valid,YYYY-MM-DD,False
1530,1530,Accessories,Hats,128.88,2017-12-25,1530,Accessories,Hats,128.88,2017-12-25,False,False,False,False,False,False,valid,YYYY-MM-DD,False
1531,1531,Women,Outerwear,194.07,2023-03-26,1531,Women,Outerwear,194.07,2023-03-26,False,False,False,False,False,False,valid,YYYY-MM-DD,False
1532,1532,Women,Outerwear,168.58,2018-04-30,1532,Women,Outerwear,168.58,2018-04-30,False,False,False,False,False,False,valid,YYYY-MM-DD,False
1533,1533,Accessories,Belts,142.33,2018-05-06,1533,Accessories,Belts,142.33,2018-05-06,False,False,False,False,False,False,valid,YYYY-MM-DD,False
1534,1534,Women,Tops,214.89,2021-07-14,1534,Women,Tops,214.89,2021/07/14,False,False,False,False,False,False,valid,YYYY-MM-DD,False
1535,1535,Accessories,Hats,129.82,2021-03-21,1535,Accessories,Hats,129.82,2021-03-21,False,False,False,False,False,False,valid,YYYY-MM-DD,False
1536,1536,Women,Dresses,168.5,2020-06-30,1536,Women,Dresses,168.5,2020/06/30,False,False,False,False,False,False,valid,YYYY-MM-DD,False
1537,1537,Women,Activewear,163.91,2017-04-24,1537,Women,Activewear,163.91,2017-04-24,False,False,False,False,False,False,valid,YYYY-MM-DD,False
1538,1538,Women,Outerwear,118.45,2015-12-19,1538,Women,Outerwear,118.45,2015-12-19,False,False,False,False,False,False,valid,YYYY-MM-DD,False
1539,1539,Shoes,Boots,175.67,2024-02-03,1539,Shoes,Boots,175.67,2024-02-03,False,False,False,False,False,False,valid,YYYY-MM-DD,False
1540,1540,Shoes,Boots,185.79,,1540,Shoes,Boots,185.79,,False,False,False,False,False,False,missing,missing,False
1541,1541,Kids,Bottoms,64.71,2023-11-14,1541,Kids,Bottoms,64.71,2023-11-14,False,False,False,False,False,False,valid,YYYY-MM-DD,False
1542,1542,Men,Activewear,177.6,2020-02-16,1542,Men,Activewear,177.6,2020-02-16,False,False,False,False,False,False,valid,YYYY-MM-DD,False
1543,1543,Women,Activewear,233.85,2023-11-06,1543,Women,Activewear,233.85,06-11-2023,False,False,False,False,False,False,valid,DD-MM-YYYY,True
1544,1544,Kids,Tops,69.57,2019-09-26,1544,Kids,Tops,69.57,2019-09-26,False,False,False,False,False,False,valid,YYYY-MM-DD,False
1545,1545,Men,Outerwear,171.34,2015-10-03,1545,Men,Outerwear,171.34,2015-10-03,False,False,False,False,False,False,valid,YYYY-MM-DD,False
1546,1546,Kids,Tops,66.73,2016-12-25,1546,Kids,Tops,66.73,2016/12/25,False,False,False,False,False,False,valid,YYYY-MM-DD,False
1547,1547,Shoes,Heels,203.23,2017-09-22,1547,Shoes,Heels,203.23,2017-09-22,False,False,False,False,False,False,valid,YYYY-MM-DD,False
1548,1548,Accessories,Belts,99.29,2018-10-09,1548,Accessories,Belts,99.29,2018/10/09,False,False,False,False,False,False,valid,YYYY-MM-DD,False
1549,1549,Kids,Bottoms,103.54,2024-05-23,1549,Kids,Bottoms,103.54,2024-05-23,False,False,False,False,False,False,valid,YYYY-MM-DD,False
1550,1550,Women,Jeans,149.45,2018-04-30,1550,Women,Jeans,149.45,2018-04-30,False,False,False,False,False,False,valid,YYYY-MM-DD,False
1551,1551,Men,Jeans,200.47,2021-02-15,1551,Men,Jeans,200.47,2021-02-15,False,False,False,False,False,False,valid,YYYY-MM-DD,False
1552,1552,Accessories,Belts,112.63,2017-09-15,1552,Accessories,Belts,112.63,2017-09-15,False,False,False,False,False,False,valid,YYYY-MM-DD,False
1553,1553,Kids,Sleepwear,75.38,2021-06-07,1553,Kids,Sleepwear,75.38,07-06-2021,False,False,False,False,False,False,valid,DD-MM-YYYY,True
1554,1554,Shoes,Loafers,151.07,2020-09-03,1554,Shoes,Loafers,151.07,2020/09/03,False,False,False,False,False,False,valid,YYYY-MM-DD,False
1555,1555,Kids,Tops,95.7,2016-07-03,1555,Kids,Tops,95.7,2016-07-03,False,False,False,False,False,False,valid,YYYY-MM-DD,False
1556,1556,Women,Jeans,220.28,2019-08-16,1556,Women,Jeans,220.28,16/08/2019,False,False,False,False,False,False,valid,DD-MM-YYYY,False
1557,1557,Accessories,Jewelry,128.2,2016-01-21,1557,Accessories,Jewelry,128.2,2016-01-21,False,False,False,False,False,False,valid,YYYY-MM-DD,False
1558,1558,Shoes,Heels,343.14,2023-11-23,1558,Shoes,Heels,343.14,2023-11-23,False,False,False,False,False,False,valid,YYYY-MM-DD,False
1559,1559,Accessories,Belts,162.89,2022-01-16,1559,Accessories,Belts,162.89,2022-01-16,False,False,False,False,False,False,valid,YYYY-MM-DD,False
1560,1560,Accessories,Hats,110.77,2024-05-31,1560,Accessories,Hats,110.77,2024-05-31,False,False,False,False,False,False,valid,YYYY-MM-DD,False
1561,1561,Men,Shirts,147.28,2023-10-04,1561,Men,Shirts,147.28,2023.10.04,False,False,False,False,False,False,valid,YYYY-MM-DD,False
1562,1562,Men,Shirts,178.79,2017-03-12,1562,Men,Shirts,178.79,2017-03-12,False,False,False,False,False,False,valid,YYYY-MM-DD,False
1563,1563,Men,Activewear,126.48,2022-01-27,1563,Men,Activewear,126.48,27-01-2022,False,False,False,False,False,False,valid,DD-MM-YYYY,False
1564,1564,Accessories,Hats,154.99,2016-01-01,1564,Accessories,Hats,154.99,2016-01-01,False,False,False,False,False,False,valid,YYYY-MM-DD,False
1565,1565,Kids,Sleepwear,98.14,2024-08-10,1565,Kids,Sleepwear,98.14,10-08-2024,False,False,False,False,False,False,valid,DD-MM-YYYY,True
1566,1566,Kids,Bottoms,95.77,2022-11-08,1566,Kids,Bottoms,95.77,2022-11-08,False,False,False,False,False,False,valid,YYYY-MM-DD,False
1567,1567,Accessories,Jewelry,140.61,2021-10-21,1567,Accessories,Jewelry,140.61,2021/10/21,False,False,False,False,False,False,valid,YYYY-MM-DD,False
1568,1568,Shoes,Heels,314.76,2024-12-13,1568,Shoes,Heels,314.76,13-12-2024,False,False,False,False,False,False,valid,DD-MM-YYYY,False
1569,1569,Accessories,Scarves,125.13,2023-06-21,1569,Accessories,Scarves,125.13,2023/06/21,False,False,False,False,False,False,valid,YYYY-MM-DD,False
1570,1570,Accessories,Bags,116.61,2023-08-21,1570,Accessories,Bags,116.61,2023/08/21,False,False,False,False,False,False,valid,YYYY-MM-DD,False
1571,1571,Women,Dresses,247.89,2016-01-01,1571,Women,Dresses,247.89,2016-01-01,False,False,False,False,False,False,valid,YYYY-MM-DD,False
1572,1572,Men,Suits,198.7,2015-03-28,1572,Men,Suits,198.7,2015/03/28,False,False,False,False,False,False,valid,YYYY-MM-DD,False
1573,1573,Shoes,Loafers,202.35,2024-08-11,1573,Shoes,Loafers,202.35,2024-08-11,False,False,False,False,False,False,valid,YYYY-MM-DD,False
1574,1574,Accessories,Jewelry,120.16,2017-07-06,1574,Accessories,Jewelry,120.16,2017/07/06,False,False,False,False,False,False,valid,YYYY-MM-DD,False
1575,1575,Women,Tops,188.79,2019-04-07,1575,Women,Tops,188.79,2019-04-07,False,False,False,False,False,False,valid,YYYY-MM-DD,False
1576,1576,Men,Shirts,174.47,2015-06-08,1576,Men,Shirts,174.47,08/06/2015,False,False,False,False,False,False,valid,DD-MM-YYYY,True
1577,1577,Kids,Shoes,59.48,2021-03-26,1577,Kids,Shoes,59.48,2021-03-26,False,False,False,False,False,False,valid,YYYY-MM-DD,False
1578,1578,Shoes,Sandals,135.16,2023-03-18,1578,Shoes,Sandals,135.16,2023/03/18,False,False,False,False,False,False,valid,YYYY-MM-DD,False
1579,1579,Women,Tops,140.07,2023-06-02,1579,Women,Tops,140.07,02/06/2023,False,False,False,False,False,False,valid,DD-MM-YYYY,True
1580,1580,Shoes,Sandals,166.94,2020-10-24,1580,Shoes,Sandals,166.94,2020-10-24,False,False,False,False,False,False,valid,YYYY-MM-DD,False
1581,1581,Men,T-Shirts,134.25,2021-08-12,1581,Men,T-Shirts,134.25,2021-08-12,False,False,False,False,False,False,valid,YYYY-MM-DD,False
1582,1582,Men,Jeans,185.39,2020-02-20,1582,Men,Jeans,185.39,20-02-2020,False,False,False,False,False,False,valid,DD-MM-YYYY,False
1583,1583,Kids,Sleepwear,86.2,2019-06-18,1583,Kids,Sleepwear,86.2,2019-06-18,False,False,False,False,False,False,valid,YYYY-MM-DD,False
1584,1584,Kids,Sleepwear,94.42,2020-07-18,1584,Kids,Sleepwear,94.42,18-07-2020,False,False,False,False,False,False,valid,DD-MM-YYYY,False
1585,1585,Shoes,Heels,152.66,2024-05-11,1585,Shoes,Heels,152.66,2024-05-11,False,False,False,False,False,False,valid,YYYY-MM-DD,False
1586,1586,Men,Activewear,141.53,2017-07-11,1586,Men,Activewear,141.53,2017-07-11,False,False,False,False,False,False,valid,YYYY-MM-DD,False
1587,1587,Accessories,Belts,137.62,2019-09-14,1587,Accessories,Belts,137.62,2019-09-14,False,False,False,False,False,False,valid,YYYY-MM-DD,False
1588,1588,Women,Lingerie,206.77,2021-01-06,1588,Women,Lingerie,206.77,2021/01/06,False,False,False,False,False,False,valid,YYYY-MM-DD,False
1589,1589,Accessories,Jewelry,98.26,2020-09-13,1589,Accessories,Jewelry,98.26,2020-09-13,False,False,False,False,False,False,valid,YYYY-MM-DD,False
1590,1590,Women,Lingerie,187.27,2015-04-23,1590,Women,Lingerie,187.27,2015.04.23,False,False,False,False,False,False,valid,YYYY-MM-DD,False
1591,1591,Shoes,Sandals,340.94,2017-11-15,1591,Shoes,Sandals,340.94,2017-11-15,False,False,False,False,False,False,valid,YYYY-MM-DD,False
1592,1592,Men,Shirts,159.3,2021-06-17,1592,Men,Shirts,159.3,2021-06-17,False,False,False,False,False,False,valid,YYYY-MM-DD,False
1593,1593,Men,Outerwear,132.27,2021-12-10,1593,Men,Outerwear,132.27,2021-12-10,False,False,False,False,False,False,valid,YYYY-MM-DD,False
1594,1594,Women,Jeans,172.18,2022-05-06,1594,Women,Jeans,172.18,2022-05-06,False,False,False,False,False,False,valid,YYYY-MM-DD,False
1595,1595,Shoes,Loafers,225.07,2024-11-30,1595,Shoes,Loafers,225.07,2024-11-30,False,False,False,False,False,False,valid,YYYY-MM-DD,False
1596,1596,Women,Outerwear,173.2,2021-09-24,1596,Women,Outerwear,173.2,2021/09/24,False,False,False,False,False,False,valid,YYYY-MM-DD,False
1597,1597,Shoes,Heels,218.28,2020-10-18,1597,Shoes,Heels,218.28,2020-10-18,False,False,False,False,False,False,valid,YYYY-MM-DD,False
1598,1598,Shoes,Sneakers,140.61,2018-04-28,1598,Shoes,Sneakers,140.61,2018-04-28,False,False,False,False,False,False,valid,YYYY-MM-DD,False
1599,1599,Accessories,Scarves,91.12,2018-09-15,1599,Accessories,Scarves,91.12,15/09/2018,False,False,False,False,False,False,valid,DD-MM-YYYY,False
1600,1600,Shoes,Boots,211.79,2023-04-07,1600,Shoes,Boots,211.79,2023-04-07,False,False,False,False,False,False,valid,YYYY-MM-DD,False
1601,1601,Men,Shirts,153.39,2019-09-09,1601,Men,Shirts,153.39,2019-09-09,False,False,False,False,False,False,valid,YYYY-MM-DD,False
1602,1602,Shoes,Loafers,188.86,2022-02-26,1602,Shoes,Loafers,188.86,2022-02-26,False,False,False,False,False,False,valid,YYYY-MM-DD,False
1603,1603,Accessories,Bags,114.69,2016-03-29,1603,Accessories,Bags,114.69,2016/03/29,False,False,False,False,False,False,valid,YYYY-MM-DD,False
1604,1604,Men,Shirts,162.44,2016-04-13,1604,Men,Shirts,162.44,2016-04-13,False,False,False,False,False,False,valid,YYYY-MM-DD,False
1605,1605,Women,Dresses,220.02,2017-02-26,1605,Women,Dresses,220.02,2017-02-26,False,False,False,False,False,False,valid,YYYY-MM-DD,False
1606,1606,Accessories,Hats,117.02,,1606,Accessories,Hats,117.02,,False,False,False,False,False,False,missing,missing,False
1607,1607,Women,Dresses,197.96,2021-01-26,1607,Women,Dresses,197.96,2021-01-26,False,False,False,False,False,False,valid,YYYY-MM-DD,False
1608,1608,Kids,Shoes,77.81,2021-05-16,1608,Kids,Shoes,77.81,2021-05-16,False,False,False,False,False,False,valid,YYYY-MM-DD,False
1609,1609,Men,Activewear,182.88,2020-07-31,1609,Men,Activewear,182.88,2020-07-31,False,False,False,False,False,False,valid,YYYY-MM-DD,False
1610,1610,Women,Tops,196.91,2017-11-23,1610,Women,Tops,196.91,23/11/2017,False,False,False,False,False,False,valid,DD-MM-YYYY,False
1611,1611,Shoes,Sneakers,267.62,,1611,Shoes,Sneakers,267.62,2024-13-40,False,False,False,False,False,False,invalid,unsupported_or_invalid,False
1612,1612,Women,Jeans,212.11,2016-03-12,1612,Women,Jeans,212.11,2016/03/12,False,False,False,False,False,False,valid,YYYY-MM-DD,False
1613,1613,Shoes,Sneakers,252.38,2019-09-24,1613,Shoes,Sneakers,252.38,2019/09/24,False,False,False,False,False,False,valid,YYYY-MM-DD,False
1614,1614,Shoes,Loafers,214.59,2016-07-20,1614,Shoes,Loafers,214.59,2016.07.20,False,False,False,False,False,False,valid,YYYY-MM-DD,False
1615,1615,Women,Tops,191.02,2015-10-08,1615,Women,Tops,191.02,2015-10-08,False,False,False,False,False,False,valid,YYYY-MM-DD,False
1616,1616,Women,Jeans,227.86,2016-08-27,1616,Women,Jeans,227.86,27-08-2016,False,False,False,False,False,False,valid,DD-MM-YYYY,False
1617,1617,Shoes,Sneakers,184.14,2016-02-10,1617,Shoes,Sneakers,184.14,2016-02-10,False,False,False,False,False,False,valid,YYYY-MM-DD,False
1618,1618,Kids,Tops,75.86,2019-10-12,1618,Kids,Tops,75.86,2019-10-12,False,False,False,False,False,False,valid,YYYY-MM-DD,False
1619,1619,Women,Tops,188.16,2020-06-16,1619,Women,Tops,188.16,16/06/2020,False,False,False,False,False,False,valid,DD-MM-YYYY,False
1620,1620,Accessories,Bags,132.46,2021-01-27,1620,Accessories,Bags,132.46,2021/01/27,False,False,False,False,False,False,valid,YYYY-MM-DD,False
1621,1621,Men,Suits,127.04,2019-05-26,1621,Men,Suits,127.04,2019/05/26,False,False,False,False,False,False,valid,YYYY-MM-DD,False
1622,1622,Women,Lingerie,176.64,2016-10-06,1622,Women,Lingerie,176.64,2016-10-06,False,False,False,False,False,False,valid,YYYY-MM-DD,False
1623,1623,Accessories,Jewelry,117.18,2015-03-18,1623,Accessories,Jewelry,117.18,2015-03-18,False,False,False,False,False,False,valid,YYYY-MM-DD,False
1624,1624,Women,Tops,80.31,2022-02-15,1624,Women,Tops,80.31,2022/02/15,False,False,False,False,False,False,valid,YYYY-MM-DD,False
1625,1625,Kids,Sleepwear,85.06,2024-10-29,1625,Kids,Sleepwear,85.06,2024-10-29,False,False,False,False,False,False,valid,YYYY-MM-DD,False
1626,1626,Accessories,Hats,115.28,2017-10-23,1626,Accessories,Hats,115.28,2017-10-23,False,False,False,False,False,False,valid,YYYY-MM-DD,False
1627,1627,Kids,Tops,86.39,2017-01-17,1627,Kids,Tops,86.39,2017-01-17,False,False,False,False,False,False,valid,YYYY-MM-DD,False
1628,1628,Kids,Tops,121.86,2018-02-12,1628,Kids,Tops,121.86,12-02-2018,False,False,False,False,False,False,valid,DD-MM-YYYY,True
1629,1629,Men,Activewear,111.37,2017-02-22,1629,Men,Activewear,111.37,2017-02-22,False,False,False,False,False,False,valid,YYYY-MM-DD,False
1630,1630,Women,Jeans,142.89,2017-03-27,1630,Women,Jeans,142.89,2017.03.27,False,False,False,False,False,False,valid,YYYY-MM-DD,False
1631,1631,Kids,Tops,31.23,2019-12-12,1631,Kids,Tops,31.23,2019-12-12,False,False,False,False,False,False,valid,YYYY-MM-DD,False
1632,1632,Accessories,Jewelry,105.57,2022-11-08,1632,Accessories,Jewelry,105.57,2022-11-08,False,False,False,False,False,False,valid,YYYY-MM-DD,False
1633,1633,Women,Activewear,162.2,2022-02-15,1633,Women,Activewear,162.2,2022-02-15,False,False,False,False,False,False,valid,YYYY-MM-DD,False
1634,1634,Accessories,Hats,104.7,2024-08-07,1634,Accessories,Hats,104.7,07-08-2024,False,False,False,False,False,False,valid,DD-MM-YYYY,True
1635,1635,Kids,Shoes,114.92,2018-07-29,1635,Kids,Shoes,114.92,2018-07-29,False,False,False,False,False,False,valid,YYYY-MM-DD,False
1636,1636,Kids,Shoes,109.36,2019-12-05,1636,Kids,Shoes,109.36,05/12/2019,False,False,False,False,False,False,valid,DD-MM-YYYY,True
1637,1637,Women,Lingerie,183.5,2018-10-21,1637,Women,Lingerie,183.5,2018.10.21,False,False,False,False,False,False,valid,YYYY-MM-DD,False
1638,1638,Shoes,Boots,199.62,2015-06-03,1638,Shoes,Boots,199.62,03-06-2015,False,False,False,False,False,False,valid,DD-MM-YYYY,True
1639,1639,Women,Lingerie,226.18,2018-11-20,1639,Women,Lingerie,226.18,2018/11/20,False,False,False,False,False,False,valid,YYYY-MM-DD,False
1640,1640,Men,Activewear,159.21,2017-08-09,1640,Men,Activewear,159.21,09/08/2017,False,False,False,False,False,False,valid,DD-MM-YYYY,True
1641,1641,Shoes,Sandals,175.0,2019-10-15,1641,Shoes,Sandals,175.0,2019-10-15,False,False,False,False,False,False,valid,YYYY-MM-DD,False
1642,1642,Women,Lingerie,102.77,2016-07-31,1642,Women,Lingerie,102.77,2016-07-31,False,False,False,False,False,False,valid,YYYY-MM-DD,False
1643,1643,Kids,Tops,80.07,2022-06-02,1643,Kids,Tops,80.07,2022/06/02,False,False,False,False,False,False,valid,YYYY-MM-DD,False
1644,1644,Kids,Outerwear,106.98,2023-06-06,1644,Kids,Outerwear,106.98,2023-06-06,False,False,False,False,False,False,valid,YYYY-MM-DD,False
1645,1645,Women,Dresses,282.44,2024-08-10,1645,Women,Dresses,282.44,2024.08.10,False,False,False,False,False,False,valid,YYYY-MM-DD,False
1646,1646,Men,Jeans,162.46,2015-11-06,1646,Men,Jeans,162.46,2015/11/06,False,False,False,False,False,False,valid,YYYY-MM-DD,False
1647,1647,Men,Outerwear,129.39,2016-03-05,1647,Men,Outerwear,129.39,2016-03-05,False,False,False,False,False,False,valid,YYYY-MM-DD,False
1648,1648,Shoes,Loafers,154.83,,1648,Shoes,Loafers,154.83,,False,False,False,False,False,False,missing,missing,False
1649,1649,Accessories,Jewelry,136.56,2023-06-26,1649,Accessories,Jewelry,136.56,2023/06/26,False,False,False,False,False,False,valid,YYYY-MM-DD,False
1650,1650,Accessories,Belts,67.06,2020-11-19,1650,Accessories,Belts,67.06,2020/11/19,False,False,False,False,False,False,valid,YYYY-MM-DD,False
1651,1651,Women,Tops,204.77,2018-03-20,1651,Women,Tops,204.77,2018-03-20,False,False,False,False,False,False,valid,YYYY-MM-DD,False
1652,1652,Women,Outerwear,216.8,2020-03-06,1652,Women,Outerwear,216.8,2020/03/06,False,False,False,False,False,False,valid,YYYY-MM-DD,False
1653,1653,Women,Lingerie,199.63,2020-05-10,1653,Women,Lingerie,199.63,2020-05-10,False,False,False,False,False,False,valid,YYYY-MM-DD,False
1654,1654,Kids,Shoes,85.06,2023-06-23,1654,Kids,Shoes,85.06,23-06-2023,False,False,False,False,False,False,valid,DD-MM-YYYY,False
1655,1655,Women,Tops,205.42,2020-04-17,1655,Women,Tops,205.42,2020/04/17,False,False,False,False,False,False,valid,YYYY-MM-DD,False
1656,1656,Men,Jeans,166.84,2015-04-11,1656,Men,Jeans,166.84,2015/04/11,False,False,False,False,False,False,valid,YYYY-MM-DD,False
1657,1657,Accessories,Scarves,96.66,2021-12-30,1657,Accessories,Scarves,96.66,2021/12/30,False,False,False,False,False,False,valid,YYYY-MM-DD,False
1658,1658,Accessories,Belts,175.51,2022-10-09,1658,Accessories,Belts,175.51,2022-10-09,False,False,False,False,False,False,valid,YYYY-MM-DD,False
1659,1659,Accessories,Bags,109.45,2017-12-24,1659,Accessories,Bags,109.45,2017/12/24,False,False,False,False,False,False,valid,YYYY-MM-DD,False
1660,1660,Men,Shirts,191.03,2016-03-01,1660,Men,Shirts,191.03,2016-03-01,False,False,False,False,False,False,valid,YYYY-MM-DD,False
1661,1661,Shoes,Heels,86.98,2016-06-03,1661,Shoes,Heels,86.98,2016-06-03,False,False,False,False,False,False,valid,YYYY-MM-DD,False
1662,1662,Shoes,Boots,290.21,2023-05-30,1662,Shoes,Boots,290.21,30-05-2023,False,False,False,False,False,False,valid,DD-MM-YYYY,False
1663,1663,Women,Outerwear,246.09,2019-06-23,1663,Women,Outerwear,246.09,23-06-2019,False,False,False,False,False,False,valid,DD-MM-YYYY,False
1664,1664,Kids,Bottoms,90.67,2020-04-17,1664,Kids,Bottoms,90.67,2020-04-17,False,False,False,False,False,False,valid,YYYY-MM-DD,False
1665,1665,Kids,Sleepwear,102.57,2024-08-10,1665,Kids,Sleepwear,102.57,2024-08-10,False,False,False,False,False,False,valid,YYYY-MM-DD,False
1666,1666,Men,Suits,182.34,2015-08-12,1666,Men,Suits,182.34,2015-08-12,False,False,False,False,False,False,valid,YYYY-MM-DD,False
1667,1667,Shoes,Heels,184.65,2017-01-22,1667,Shoes,Heels,184.65,2017/01/22,False,False,False,False,False,False,valid,YYYY-MM-DD,False
1668,1668,Shoes,Sneakers,250.09,2023-05-02,1668,Shoes,Sneakers,250.09,2023-05-02,False,False,False,False,False,False,valid,YYYY-MM-DD,False
1669,1669,Kids,Outerwear,71.81,2020-05-27,1669,Kids,Outerwear,71.81,2020-05-27,False,False,False,False,False,False,valid,YYYY-MM-DD,False
1670,1670,Shoes,Sandals,186.52,2015-04-10,1670,Shoes,Sandals,186.52,2015-04-10,False,False,False,False,False,False,valid,YYYY-MM-DD,False
1671,1671,Shoes,Boots,281.98,2022-01-11,1671,Shoes,Boots,281.98,2022-01-11,False,False,False,False,False,False,valid,YYYY-MM-DD,False
1672,1672,Kids,Bottoms,111.93,2016-05-20,1672,Kids,Bottoms,111.93,2016-05-20,False,False,False,False,False,False,valid,YYYY-MM-DD,False
1673,1673,Men,Activewear,131.74,2022-10-28,1673,Men,Activewear,131.74,2022.10.28,False,False,False,False,False,False,valid,YYYY-MM-DD,False
1674,1674,Shoes,Boots,179.65,2022-12-24,1674,Shoes,Boots,179.65,2022-12-24,False,False,False,False,False,False,valid,YYYY-MM-DD,False
1675,1675,Shoes,Heels,184.49,2023-03-31,1675,Shoes,Heels,184.49,2023-03-31,False,False,False,False,False,False,valid,YYYY-MM-DD,False
1676,1676,Accessories,Belts,141.98,2019-08-26,1676,Accessories,Belts,141.98,2019/08/26,False,False,False,False,False,False,valid,YYYY-MM-DD,False
1677,1677,Women,Tops,135.0,2017-09-05,1677,Women,Tops,135.0,2017-09-05,False,False,False,False,False,False,valid,YYYY-MM-DD,False
1678,1678,Kids,Sleepwear,98.03,2023-10-25,1678,Kids,Sleepwear,98.03,2023-10-25,False,False,False,False,False,False,valid,YYYY-MM-DD,False
1679,1679,Accessories,Hats,142.41,,1679,Accessories,Hats,142.41,,False,False,False,False,False,False,missing,missing,False
1680,1680,Kids,Outerwear,88.01,2021-05-10,1680,Kids,Outerwear,88.01,2021-05-10,False,False,False,False,False,False,valid,YYYY-MM-DD,False
1681,1681,Accessories,Scarves,150.3,2016-05-13,1681,Accessories,Scarves,150.3,2016-05-13,False,False,False,False,False,False,valid,YYYY-MM-DD,False
1682,1682,Women,Jeans,166.31,2021-03-27,1682,Women,Jeans,166.31,2021.03.27,False,False,False,False,False,False,valid,YYYY-MM-DD,False
1683,1683,Women,Dresses,170.38,2020-10-20,1683,Women,Dresses,170.38,20-10-2020,False,False,False,False,False,False,valid,DD-MM-YYYY,False
1684,1684,Shoes,Loafers,166.25,2017-12-03,1684,Shoes,Loafers,166.25,2017-12-03,False,False,False,False,False,False,valid,YYYY-MM-DD,False
1685,1685,Men,Shirts,200.69,2022-09-02,1685,Men,Shirts,200.69,2022.09.02,False,False,False,False,False,False,valid,YYYY-MM-DD,False
1686,1686,Kids,Outerwear,72.75,2016-05-03,1686,Kids,Outerwear,72.75,03-05-2016,False,False,False,False,False,False,valid,DD-MM-YYYY,True
1687,1687,Kids,Bottoms,97.87,2022-03-12,1687,Kids,Bottoms,97.87,2022-03-12,False,False,False,False,False,False,valid,YYYY-MM-DD,False
1688,1688,Kids,Bottoms,88.4,2024-08-12,1688,Kids,Bottoms,88.4,2024/08/12,False,False,False,False,False,False,valid,YYYY-MM-DD,False
1689,1689,Accessories,Bags,88.42,,1689,Accessories,Bags,88.42,,False,False,False,False,False,False,missing,missing,False
1690,1690,Women,Lingerie,152.59,2016-01-18,1690,Women,Lingerie,152.59,18-01-2016,False,False,False,False,False,False,valid,DD-MM-YYYY,False
1691,1691,Shoes,Heels,296.06,2020-07-14,1691,Shoes,Heels,296.06,2020-07-14,False,False,False,False,False,False,valid,YYYY-MM-DD,False
1692,1692,Accessories,Belts,126.05,2020-04-16,1692,Accessories,Belts,126.05,2020-04-16,False,False,False,False,False,False,valid,YYYY-MM-DD,False
1693,1693,Shoes,Sandals,164.5,2020-07-10,1693,Shoes,Sandals,164.5,2020-07-10,False,False,False,False,False,False,valid,YYYY-MM-DD,False
1694,1694,Men,Shirts,172.21,2017-09-22,1694,Men,Shirts,172.21,2017-09-22,False,False,False,False,False,False,valid,YYYY-MM-DD,False
1695,1695,Women,Outerwear,173.42,2021-04-06,1695,Women,Outerwear,173.42,2021-04-06,False,False,False,False,False,False,valid,YYYY-MM-DD,False
1696,1696,Shoes,Heels,409.97,2017-08-22,1696,Shoes,Heels,409.97,2017-08-22,False,False,False,False,False,False,valid,YYYY-MM-DD,False
1697,1697,Kids,Outerwear,96.42,2020-07-30,1697,Kids,Outerwear,96.42,30-07-2020,False,False,False,False,False,False,valid,DD-MM-YYYY,False
1698,1698,Women,Dresses,162.87,2020-12-12,1698,Women,Dresses,162.87,2020/12/12,False,False,False,False,False,False,valid,YYYY-MM-DD,False
1699,1699,Men,T-Shirts,216.8,2021-06-17,1699,Men,T-Shirts,216.8,17-06-2021,False,False,False,False,False,False,valid,DD-MM-YYYY,False
1700,1700,Accessories,Belts,64.77,2022-12-24,1700,Accessories,Belts,64.77,2022-12-24,False,False,False,False,False,False,valid,YYYY-MM-DD,False
1701,1701,Men,Suits,163.77,2023-10-29,1701,Men,Suits,163.77,2023-10-29,False,False,False,False,False,False,valid,YYYY-MM-DD,False
1702,1702,Women,Activewear,269.75,2022-10-10,1702,Women,Activewear,269.75,2022/10/10,False,False,False,False,False,False,valid,YYYY-MM-DD,False
1703,1703,Shoes,Boots,213.61,2022-12-17,1703,Shoes,Boots,213.61,17-12-2022,False,False,False,False,False,False,valid,DD-MM-YYYY,False
1704,1704,Women,Dresses,102.0,2023-09-09,1704,Women,Dresses,102.0,2023/09/09,False,False,False,False,False,False,valid,YYYY-MM-DD,False
1705,1705,Accessories,Belts,108.12,,1705,Accessories,Belts,108.12,,False,False,False,False,False,False,missing,missing,False
1706,1706,Accessories,Jewelry,163.64,2017-12-05,1706,Accessories,Jewelry,163.64,05-12-2017,False,False,False,False,False,False,valid,DD-MM-YYYY,True
1707,1707,Accessories,Jewelry,131.28,2020-05-01,1707,Accessories,Jewelry,131.28,01/05/2020,False,False,False,False,False,False,valid,DD-MM-YYYY,True
1708,1708,Accessories,Jewelry,94.83,2019-08-29,1708,Accessories,Jewelry,94.83,2019-08-29,False,False,False,False,False,False,valid,YYYY-MM-DD,False
1709,1709,Men,Jeans,132.59,2022-01-08,1709,Men,Jeans,132.59,2022-01-08,False,False,False,False,False,False,valid,YYYY-MM-DD,False
1710,1710,Men,Activewear,137.61,2015-02-04,1710,Men,Activewear,137.61,2015/02/04,False,False,False,False,False,False,valid,YYYY-MM-DD,False
1711,1711,Men,Shirts,174.45,2016-05-22,1711,Men,Shirts,174.45,2016-05-22,False,False,False,False,False,False,valid,YYYY-MM-DD,False
1712,1712,Kids,Sleepwear,120.11,2022-06-21,1712,Kids,Sleepwear,120.11,2022-06-21,False,False,False,False,False,False,valid,YYYY-MM-DD,False
1713,1713,Accessories,Hats,151.57,2023-03-22,1713,Accessories,Hats,151.57,2023-03-22,False,False,False,False,False,False,valid,YYYY-MM-DD,False
1714,1714,Shoes,Sandals,245.08,2018-01-09,1714,Shoes,Sandals,245.08,2018-01-09,False,False,False,False,False,False,valid,YYYY-MM-DD,False
1715,1715,Shoes,Sandals,146.76,2018-02-09,1715,Shoes,Sandals,146.76,09-02-2018,False,False,False,False,False,False,valid,DD-MM-YYYY,True
1716,1716,Accessories,Jewelry,80.16,2020-08-13,1716,Accessories,Jewelry,80.16,2020-08-13,False,False,False,False,False,False,valid,YYYY-MM-DD,False
1717,1717,Shoes,Heels,249.33,2019-10-09,1717,Shoes,Heels,249.33,2019-10-09,False,False,False,False,False,False,valid,YYYY-MM-DD,False
1718,1718,Men,Outerwear,106.18,2016-09-10,1718,Men,Outerwear,106.18,2016-09-10,False,False,False,False,False,False,valid,YYYY-MM-DD,False
1719,1719,Kids,Outerwear,84.92,2020-01-03,1719,Kids,Outerwear,84.92,2020-01-03,False,False,False,False,False,False,valid,YYYY-MM-DD,False
1720,1720,Kids,Tops,96.84,2023-03-13,1720,Kids,Tops,96.84,2023-03-13,False,False,False,False,False,False,valid,YYYY-MM-DD,False
1721,1721,Women,Dresses,128.81,2022-04-19,1721,Women,Dresses,128.81,2022-04-19,False,False,False,False,False,False,valid,YYYY-MM-DD,False
1722,1722,Shoes,Heels,163.67,2023-03-05,1722,Shoes,Heels,163.67,2023-03-05,False,False,False,False,False,False,valid,YYYY-MM-DD,False
1723,1723,Shoes,Loafers,214.82,2021-06-09,1723,Shoes,Loafers,214.82,2021-06-09,False,False,False,False,False,False,valid,YYYY-MM-DD,False
1724,1724,Shoes,Heels,247.7,2023-10-11,1724,Shoes,Heels,247.7,2023-10-11,False,False,False,False,False,False,valid,YYYY-MM-DD,False
1725,1725,Kids,Sleepwear,113.88,2017-07-01,1725,Kids,Sleepwear,113.88,2017.07.01,False,False,False,False,False,False,valid,YYYY-MM-DD,False
1726,1726,Shoes,Sneakers,253.39,2015-06-17,1726,Shoes,Sneakers,253.39,2015/06/17,False,False,False,False,False,False,valid,YYYY-MM-DD,False
1727,1727,Accessories,Hats,122.21,2016-02-21,1727,Accessories,Hats,122.21,2016-02-21,False,False,False,False,False,False,valid,YYYY-MM-DD,False
1728,1728,Kids,Sleepwear,73.21,2024-12-04,1728,Kids,Sleepwear,73.21,04-12-2024,False,False,False,False,False,False,valid,DD-MM-YYYY,True
1729,1729,Kids,Bottoms,65.9,,1729,Kids,Bottoms,65.9,,False,False,False,False,False,False,missing,missing,False
1730,1730,Women,Dresses,157.01,2017-06-24,1730,Women,Dresses,157.01,2017-06-24,False,False,False,False,False,False,valid,YYYY-MM-DD,False
1731,1731,Shoes,Sneakers,242.55,2023-07-18,1731,Shoes,Sneakers,242.55,18-07-2023,False,False,False,False,False,False,valid,DD-MM-YYYY,False
1732,1732,Accessories,Jewelry,130.1,,1732,Accessories,Jewelry,130.1,,False,False,False,False,False,False,missing,missing,False
1733,1733,Shoes,Sandals,104.51,2020-12-21,1733,Shoes,Sandals,104.51,21/12/2020,False,False,False,False,False,False,valid,DD-MM-YYYY,False
1734,1734,Accessories,Belts,96.43,2017-06-29,1734,Accessories,Belts,96.43,2017-06-29,False,False,False,False,False,False,valid,YYYY-MM-DD,False
1735,1735,Accessories,Belts,156.14,2015-12-13,1735,Accessories,Belts,156.14,13-12-2015,False,False,False,False,False,False,valid,DD-MM-YYYY,False
1736,1736,Shoes,Sneakers,224.36,2017-09-04,1736,Shoes,Sneakers,224.36,2017-09-04,False,False,False,False,False,False,valid,YYYY-MM-DD,False
1737,1737,Kids,Shoes,58.12,2017-04-13,1737,Kids,Shoes,58.12,2017.04.13,False,False,False,False,False,False,valid,YYYY-MM-DD,False
1738,1738,Women,Dresses,286.01,2020-07-11,1738,Women,Dresses,286.01,2020-07-11,False,False,False,False,False,False,valid,YYYY-MM-DD,False
1739,1739,Women,Activewear,178.7,2015-03-17,1739,Women,Activewear,178.7,2015-03-17,False,False,False,False,False,False,valid,YYYY-MM-DD,False
1740,1740,Men,Jeans,175.37,2017-05-26,1740,Men,Jeans,175.37,2017-05-26,False,False,False,False,False,False,valid,YYYY-MM-DD,False
1741,1741,Kids,Bottoms,98.99,,1741,Kids,Bottoms,98.99,,False,False,False,False,False,False,missing,missing,False
1742,1742,Shoes,Boots,199.78,2018-12-09,1742,Shoes,Boots,199.78,2018/12/09,False,False,False,False,False,False,valid,YYYY-MM-DD,False
1743,1743,Kids,Shoes,73.63,2021-05-12,1743,Kids,Shoes,73.63,2021-05-12,False,False,False,False,False,False,valid,YYYY-MM-DD,False
1744,1744,Women,Dresses,275.48,2021-07-22,1744,Women,Dresses,275.48,2021-07-22,False,False,False,False,False,False,valid,YYYY-MM-DD,False
1745,1745,Men,Outerwear,200.13,2024-08-27,1745,Men,Outerwear,200.13,27-08-2024,False,False,False,False,False,False,valid,DD-MM-YYYY,False
1746,1746,Accessories,Belts,144.66,2023-05-13,1746,Accessories,Belts,144.66,2023/05/13,False,False,False,False,False,False,valid,YYYY-MM-DD,False
1747,1747,Accessories,Belts,137.29,2017-04-13,1747,Accessories,Belts,137.29,13-04-2017,False,False,False,False,False,False,valid,DD-MM-YYYY,False
1748,1748,Men,Jeans,119.87,2021-12-05,1748,Men,Jeans,119.87,2021.12.05,False,False,False,False,False,False,valid,YYYY-MM-DD,False
1749,1749,Accessories,Jewelry,158.33,2021-04-10,1749,Accessories,Jewelry,158.33,2021-04-10,False,False,False,False,False,False,valid,YYYY-MM-DD,False
1750,1750,Shoes,Boots,173.63,,1750,Shoes,Boots,173.63,,False,False,False,False,False,False,missing,missing,False
1751,1751,Accessories,Hats,128.5,2022-12-28,1751,Accessories,Hats,128.5,2022-12-28,False,False,False,False,False,False,valid,YYYY-MM-DD,False
1752,1752,Accessories,Belts,70.82,2016-06-23,1752,Accessories,Belts,70.82,2016-06-23,False,False,False,False,False,False,valid,YYYY-MM-DD,False
1753,1753,Shoes,Loafers,107.75,2018-10-02,1753,Shoes,Loafers,107.75,2018-10-02,False,False,False,False,False,False,valid,YYYY-MM-DD,False
1754,1754,Men,Outerwear,172.73,2023-03-01,1754,Men,Outerwear,172.73,2023-03-01,False,False,False,False,False,False,valid,YYYY-MM-DD,False
1755,1755,Shoes,Boots,175.5,2023-12-04,1755,Shoes,Boots,175.5,2023-12-04,False,False,False,False,False,False,valid,YYYY-MM-DD,False
1756,1756,Men,Jeans,80.43,2015-05-17,1756,Men,Jeans,80.43,2015-05-17,False,False,False,False,False,False,valid,YYYY-MM-DD,False
1757,1757,Men,Jeans,181.62,2019-09-19,1757,Men,Jeans,181.62,2019/09/19,False,False,False,False,False,False,valid,YYYY-MM-DD,False
1758,1758,Shoes,Sneakers,336.6,2017-08-23,1758,Shoes,Sneakers,336.6,2017-08-23,False,False,False,False,False,False,valid,YYYY-MM-DD,False
1759,1759,Kids,Sleepwear,121.27,2016-09-05,1759,Kids,Sleepwear,121.27,2016/09/05,False,False,False,False,False,False,valid,YYYY-MM-DD,False
1760,1760,Kids,Tops,84.21,2015-07-28,1760,Kids,Tops,84.21,2015-07-28,False,False,False,False,False,False,valid,YYYY-MM-DD,False
1761,1761,Men,Jeans,160.35,2020-05-19,1761,Men,Jeans,160.35,2020-05-19,False,False,False,False,False,False,valid,YYYY-MM-DD,False
1762,1762,Kids,Bottoms,109.97,2021-09-04,1762,Kids,Bottoms,109.97,2021/09/04,False,False,False,False,False,False,valid,YYYY-MM-DD,False
1763,1763,Women,Tops,230.5,2020-04-24,1763,Women,Tops,230.5,24-04-2020,False,False,False,False,False,False,valid,DD-MM-YYYY,False
1764,1764,Shoes,Sandals,201.11,2018-09-07,1764,Shoes,Sandals,201.11,2018-09-07,False,False,False,False,False,False,valid,YYYY-MM-DD,False
1765,1765,Kids,Outerwear,90.77,2022-09-18,1765,Kids,Outerwear,90.77,2022-09-18,False,False,False,False,False,False,valid,YYYY-MM-DD,False
1766,1766,Accessories,Jewelry,129.02,2021-07-09,1766,Accessories,Jewelry,129.02,2021/07/09,False,False,False,False,False,False,valid,YYYY-MM-DD,False
1767,1767,Kids,Bottoms,102.46,2024-02-01,1767,Kids,Bottoms,102.46,2024-02-01,False,False,False,False,False,False,valid,YYYY-MM-DD,False
1768,1768,Kids,Shoes,87.01,2018-06-21,1768,Kids,Shoes,87.01,2018.06.21,False,False,False,False,False,False,valid,YYYY-MM-DD,False
1769,1769,Women,Dresses,174.6,2017-05-22,1769,Women,Dresses,174.6,2017-05-22,False,False,False,False,False,False,valid,YYYY-MM-DD,False
1770,1770,Women,Outerwear,242.09,2019-07-23,1770,Women,Outerwear,242.09,2019-07-23,False,False,False,False,False,False,valid,YYYY-MM-DD,False
1771,1771,Men,Suits,208.38,2020-01-26,1771,Men,Suits,208.38,2020/01/26,False,False,False,False,False,False,valid,YYYY-MM-DD,False
1772,1772,Men,Activewear,179.1,,1772,Men,Activewear,179.1,,False,False,False,False,False,False,missing,missing,False
1773,1773,Men,T-Shirts,228.76,2023-04-29,1773,Men,T-Shirts,228.76,2023-04-29,False,False,False,False,False,False,valid,YYYY-MM-DD,False
1774,1774,Men,Jeans,144.54,2015-06-16,1774,Men,Jeans,144.54,2015-06-16,False,False,False,False,False,False,valid,YYYY-MM-DD,False
1775,1775,Shoes,Sneakers,309.26,2020-04-11,1775,Shoes,Sneakers,309.26,2020/04/11,False,False,False,False,False,False,valid,YYYY-MM-DD,False
1776,1776,Women,Activewear,204.41,2019-04-21,1776,Women,Activewear,204.41,2019-04-21,False,False,False,False,False,False,valid,YYYY-MM-DD,False
1777,1777,Men,Shirts,290.84,2017-02-09,1777,Men,Shirts,290.84,2017/02/09,False,False,False,False,False,False,valid,YYYY-MM-DD,False
1778,1778,Women,Activewear,126.34,2021-05-30,1778,Women,Activewear,126.34,2021-05-30,False,False,False,False,False,False,valid,YYYY-MM-DD,False
1779,1779,Men,Suits,132.43,2023-01-06,1779,Men,Suits,132.43,2023-01-06,False,False,False,False,False,False,valid,YYYY-MM-DD,False
1780,1780,Shoes,Loafers,243.03,2020-06-17,1780,Shoes,Loafers,243.03,2020/06/17,False,False,False,False,False,False,valid,YYYY-MM-DD,False
1781,1781,Women,Jeans,197.88,2015-11-07,1781,Women,Jeans,197.88,07/11/2015,False,False,False,False,False,False,valid,DD-MM-YYYY,True
1782,1782,Men,T-Shirts,238.01,2015-10-03,1782,Men,T-Shirts,238.01,2015-10-03,False,False,False,False,False,False,valid,YYYY-MM-DD,False
1783,1783,Women,Tops,149.92,,1783,Women,Tops,149.92,,False,False,False,False,False,False,missing,missing,False
1784,1784,Accessories,Hats,147.15,2021-09-06,1784,Accessories,Hats,147.15,06-09-2021,False,False,False,False,False,False,valid,DD-MM-YYYY,True
1785,1785,Shoes,Sneakers,283.94,2018-02-19,1785,Shoes,Sneakers,283.94,2018.02.19,False,False,False,False,False,False,valid,YYYY-MM-DD,False
1786,1786,Men,Suits,188.19,2018-02-02,1786,Men,Suits,188.19,2018-02-02,False,False,False,False,False,False,valid,YYYY-MM-DD,False
1787,1787,Women,Activewear,136.76,2023-08-08,1787,Women,Activewear,136.76,2023-08-08,False,False,False,False,False,False,valid,YYYY-MM-DD,False
1788,1788,Women,Activewear,243.35,2015-02-22,1788,Women,Activewear,243.35,2015-02-22,False,False,False,False,False,False,valid,YYYY-MM-DD,False
1789,1789,Kids,Sleepwear,117.66,2015-10-19,1789,Kids,Sleepwear,117.66,2015-10-19,False,False,False,False,False,False,valid,YYYY-MM-DD,False
1790,1790,Shoes,Boots,252.98,2016-07-22,1790,Shoes,Boots,252.98,2016-07-22,False,False,False,False,False,False,valid,YYYY-MM-DD,False
1791,1791,Kids,Tops,94.6,2024-11-02,1791,Kids,Tops,94.6,2024/11/02,False,False,False,False,False,False,valid,YYYY-MM-DD,False
1792,1792,Accessories,Jewelry,126.78,2019-12-23,1792,Accessories,Jewelry,126.78,2019-12-23,False,False,False,False,False,False,valid,YYYY-MM-DD,False
1793,1793,Men,Outerwear,156.85,2016-08-01,1793,Men,Outerwear,156.85,2016-08-01,False,False,False,False,False,False,valid,YYYY-MM-DD,False
1794,1794,Men,Shirts,185.63,2018-02-07,1794,Men,Shirts,185.63,07/02/2018,False,False,False,False,False,False,valid,DD-MM-YYYY,True
1795,1795,Kids,Shoes,90.7,2024-09-11,1795,Kids,Shoes,90.7,2024-09-11,False,False,False,False,False,False,valid,YYYY-MM-DD,False
1796,1796,Men,T-Shirts,126.06,2021-12-11,1796,Men,T-Shirts,126.06,2021/12/11,False,False,False,False,False,False,valid,YYYY-MM-DD,False
1797,1797,Accessories,Hats,88.54,2017-03-28,1797,Accessories,Hats,88.54,2017-03-28,False,False,False,False,False,False,valid,YYYY-MM-DD,False
1798,1798,Women,Activewear,146.16,2017-05-29,1798,Women,Activewear,146.16,2017-05-29,False,False,False,False,False,False,valid,YYYY-MM-DD,False
1799,1799,Kids,Tops,95.0,2015-10-01,1799,Kids,Tops,95.0,2015-10-01,False,False,False,False,False,False,valid,YYYY-MM-DD,False
1800,1800,Kids,Tops,89.39,2022-09-24,1800,Kids,Tops,89.39,2022/09/24,False,False,False,False,False,False,valid,YYYY-MM-DD,False
1801,1801,Women,Tops,189.69,2016-05-16,1801,Women,Tops,189.69,2016-05-16,False,False,False,False,False,False,valid,YYYY-MM-DD,False
1802,1802,Kids,Sleepwear,101.27,2017-11-12,1802,Kids,Sleepwear,101.27,2017-11-12,False,False,False,False,False,False,valid,YYYY-MM-DD,False
1803,1803,Kids,Tops,75.89,2018-06-26,1803,Kids,Tops,75.89,2018/06/26,False,False,False,False,False,False,valid,YYYY-MM-DD,False
1804,1804,Men,Shirts,218.63,2021-03-18,1804,Men,Shirts,218.63,2021-03-18,False,False,False,False,False,False,valid,YYYY-MM-DD,False
1805,1805,Women,Activewear,167.95,2021-01-23,1805,Women,Activewear,167.95,2021-01-23,False,False,False,False,False,False,valid,YYYY-MM-DD,False
1806,1806,Women,Activewear,160.5,2022-12-29,1806,Women,Activewear,160.5,2022.12.29,False,False,False,False,False,False,valid,YYYY-MM-DD,False
1807,1807,Women,Activewear,201.71,2017-12-21,1807,Women,Activewear,201.71,2017-12-21,False,False,False,False,False,False,valid,YYYY-MM-DD,False
1808,1808,Kids,Sleepwear,48.68,,1808,Kids,Sleepwear,48.68,,False,False,False,False,False,False,missing,missing,False
1809,1809,Women,Activewear,144.43,2018-11-20,1809,Women,Activewear,144.43,2018-11-20,False,False,False,False,False,False,valid,YYYY-MM-DD,False
1810,1810,Accessories,Scarves,149.43,2015-06-20,1810,Accessories,Scarves,149.43,2015-06-20,False,False,False,False,False,False,valid,YYYY-MM-DD,False
1811,1811,Men,Activewear,90.5,2022-05-18,1811,Men,Activewear,90.5,2022/05/18,False,False,False,False,False,False,valid,YYYY-MM-DD,False
1812,1812,Shoes,Loafers,281.47,2020-05-09,1812,Shoes,Loafers,281.47,2020-05-09,False,False,False,False,False,False,valid,YYYY-MM-DD,False
1813,1813,Shoes,Boots,303.11,2019-10-04,1813,Shoes,Boots,303.11,04-10-2019,False,False,False,False,False,False,valid,DD-MM-YYYY,True
1814,1814,Kids,Tops,81.69,2024-12-15,1814,Kids,Tops,81.69,2024-12-15,False,False,False,False,False,False,valid,YYYY-MM-DD,False
1815,1815,Accessories,Scarves,128.75,2016-10-15,1815,Accessories,Scarves,128.75,2016-10-15,False,False,False,False,False,False,valid,YYYY-MM-DD,False
1816,1816,Women,Tops,230.36,2024-09-09,1816,Women,Tops,230.36,2024/09/09,False,False,False,False,False,False,valid,YYYY-MM-DD,False
1817,1817,Men,T-Shirts,141.33,2021-10-21,1817,Men,T-Shirts,141.33,2021-10-21,False,False,False,False,False,False,valid,YYYY-MM-DD,False
1818,1818,Men,Outerwear,194.71,2017-03-18,1818,Men,Outerwear,194.71,2017/03/18,False,False,False,False,False,False,valid,YYYY-MM-DD,False
1819,1819,Women,Lingerie,149.8,2021-10-14,1819,Women,Lingerie,149.8,2021-10-14,False,False,False,False,False,False,valid,YYYY-MM-DD,False
1820,1820,Men,Shirts,140.9,2022-07-23,1820,Men,Shirts,140.9,2022-07-23,False,False,False,False,False,False,valid,YYYY-MM-DD,False
1821,1821,Men,Activewear,128.03,2018-08-17,1821,Men,Activewear,128.03,2018-08-17,False,False,False,False,False,False,valid,YYYY-MM-DD,False
1822,1822,Shoes,Heels,238.85,2018-06-14,1822,Shoes,Heels,238.85,2018-06-14,False,False,False,False,False,False,valid,YYYY-MM-DD,False
1823,1823,Men,Outerwear,206.32,2023-05-09,1823,Men,Outerwear,206.32,2023/05/09,False,False,False,False,False,False,valid,YYYY-MM-DD,False
1824,1824,Accessories,Belts,114.48,2016-08-08,1824,Accessories,Belts,114.48,2016/08/08,False,False,False,False,False,False,valid,YYYY-MM-DD,False
1825,1825,Shoes,Loafers,150.08,2015-02-18,1825,Shoes,Loafers,150.08,2015-02-18,False,False,False,False,False,False,valid,YYYY-MM-DD,False
1826,1826,Accessories,Belts,87.52,2021-08-29,1826,Accessories,Belts,87.52,2021/08/29,False,False,False,False,False,False,valid,YYYY-MM-DD,False
1827,1827,Women,Lingerie,197.76,2024-01-25,1827,Women,Lingerie,197.76,2024-01-25,False,False,False,False,False,False,valid,YYYY-MM-DD,False
1828,1828,Accessories,Hats,175.32,2020-01-04,1828,Accessories,Hats,175.32,2020-01-04,False,False,False,False,False,False,valid,YYYY-MM-DD,False
1829,1829,Shoes,Sneakers,241.65,2016-05-08,1829,Shoes,Sneakers,241.65,2016-05-08,False,False,False,False,False,False,valid,YYYY-MM-DD,False
1830,1830,Accessories,Jewelry,108.39,2020-05-23,1830,Accessories,Jewelry,108.39,2020-05-23,False,False,False,False,False,False,valid,YYYY-MM-DD,False
1831,1831,Men,Jeans,190.65,2017-07-09,1831,Men,Jeans,190.65,09-07-2017,False,False,False,False,False,False,valid,DD-MM-YYYY,True
1832,1832,Accessories,Belts,112.82,2023-04-11,1832,Accessories,Belts,112.82,2023-04-11,False,False,False,False,False,False,valid,YYYY-MM-DD,False
1833,1833,Kids,Shoes,81.49,2021-02-14,1833,Kids,Shoes,81.49,2021-02-14,False,False,False,False,False,False,valid,YYYY-MM-DD,False
1834,1834,Women,Lingerie,136.87,2018-05-14,1834,Women,Lingerie,136.87,2018-05-14,False,False,False,False,False,False,valid,YYYY-MM-DD,False
1835,1835,Kids,Shoes,121.69,2021-03-31,1835,Kids,Shoes,121.69,2021-03-31,False,False,False,False,False,False,valid,YYYY-MM-DD,False
1836,1836,Women,Jeans,65.74,2021-09-02,1836,Women,Jeans,65.74,2021-09-02,False,False,False,False,False,False,valid,YYYY-MM-DD,False
1837,1837,Accessories,Scarves,143.94,2021-10-15,1837,Accessories,Scarves,143.94,2021-10-15,False,False,False,False,False,False,valid,YYYY-MM-DD,False
1838,1838,Men,Jeans,141.45,2018-08-30,1838,Men,Jeans,141.45,2018/08/30,False,False,False,False,False,False,valid,YYYY-MM-DD,False
1839,1839,Men,Suits,143.59,2020-09-15,1839,Men,Suits,143.59,15-09-2020,False,False,False,False,False,False,valid,DD-MM-YYYY,False
1840,1840,Kids,Outerwear,128.08,2015-06-06,1840,Kids,Outerwear,128.08,2015-06-06,False,False,False,False,False,False,valid,YYYY-MM-DD,False
1841,1841,Kids,Tops,73.93,2019-01-14,1841,Kids,Tops,73.93,2019-01-14,False,False,False,False,False,False,valid,YYYY-MM-DD,False
1842,1842,Women,Jeans,149.4,2018-10-12,1842,Women,Jeans,149.4,12-10-2018,False,False,False,False,False,False,valid,DD-MM-YYYY,True
1843,1843,Accessories,Hats,116.09,2020-05-07,1843,Accessories,Hats,116.09,2020-05-07,False,False,False,False,False,False,valid,YYYY-MM-DD,False
1844,1844,Accessories,Belts,132.42,2024-07-02,1844,Accessories,Belts,132.42,2024/07/02,False,False,False,False,False,False,valid,YYYY-MM-DD,False
1845,1845,Shoes,Boots,195.7,2024-07-15,1845,Shoes,Boots,195.7,2024.07.15,False,False,False,False,False,False,valid,YYYY-MM-DD,False
1846,1846,Shoes,Heels,133.44,2019-11-01,1846,Shoes,Heels,133.44,01-11-2019,False,False,False,False,False,False,valid,DD-MM-YYYY,True
1847,1847,Kids,Tops,70.52,2021-06-18,1847,Kids,Tops,70.52,2021-06-18,False,False,False,False,False,False,valid,YYYY-MM-DD,False
1848,1848,Kids,Tops,118.83,2016-01-31,1848,Kids,Tops,118.83,31-01-2016,False,False,False,False,False,False,valid,DD-MM-YYYY,False
1849,1849,Kids,Sleepwear,91.68,2019-10-28,1849,Kids,Sleepwear,91.68,2019/10/28,False,False,False,False,False,False,valid,YYYY-MM-DD,False
1850,1850,Women,Jeans,200.3,2021-11-17,1850,Women,Jeans,200.3,2021-11-17,False,False,False,False,False,False,valid,YYYY-MM-DD,False
1851,1851,Women,Outerwear,168.24,2021-10-30,1851,Women,Outerwear,168.24,30-10-2021,False,False,False,False,False,False,valid,DD-MM-YYYY,False
1852,1852,Men,Activewear,133.62,2024-08-20,1852,Men,Activewear,133.62,2024/08/20,False,False,False,False,False,False,valid,YYYY-MM-DD,False
1853,1853,Kids,Outerwear,127.75,2019-08-31,1853,Kids,Outerwear,127.75,2019/08/31,False,False,False,False,False,False,valid,YYYY-MM-DD,False
1854,1854,Women,Jeans,171.53,2024-01-30,1854,Women,Jeans,171.53,2024-01-30,False,False,False,False,False,False,valid,YYYY-MM-DD,False
1855,1855,Women,Jeans,160.05,2024-10-15,1855,Women,Jeans,160.05,2024-10-15,False,False,False,False,False,False,valid,YYYY-MM-DD,False
1856,1856,Accessories,Jewelry,152.88,2020-09-20,1856,Accessories,Jewelry,152.88,2020-09-20,False,False,False,False,False,False,valid,YYYY-MM-DD,False
1857,1857,Men,T-Shirts,131.11,2015-12-01,1857,Men,T-Shirts,131.11,2015-12-01,False,False,False,False,False,False,valid,YYYY-MM-DD,False
1858,1858,Kids,Bottoms,76.62,,1858,Kids,Bottoms,76.62,,False,False,False,False,False,False,missing,missing,False
1859,1859,Kids,Sleepwear,90.23,2022-08-25,1859,Kids,Sleepwear,90.23,2022/08/25,False,False,False,False,False,False,valid,YYYY-MM-DD,False
1860,1860,Shoes,Loafers,220.01,2020-10-22,1860,Shoes,Loafers,220.01,2020-10-22,False,False,False,False,False,False,valid,YYYY-MM-DD,False
1861,1861,Shoes,Sneakers,234.28,2024-05-13,1861,Shoes,Sneakers,234.28,2024-05-13,False,False,False,False,False,False,valid,YYYY-MM-DD,False
1862,1862,Men,Suits,243.67,2023-02-28,1862,Men,Suits,243.67,2023-02-28,False,False,False,False,False,False,valid,YYYY-MM-DD,False
1863,1863,Accessories,Hats,130.09,2015-08-19,1863,Accessories,Hats,130.09,2015-08-19,False,False,False,False,False,False,valid,YYYY-MM-DD,False
1864,1864,Men,T-Shirts,64.88,2023-08-13,1864,Men,T-Shirts,64.88,13-08-2023,False,False,False,False,False,False,valid,DD-MM-YYYY,False
1865,1865,Accessories,Hats,129.79,2018-07-29,1865,Accessories,Hats,129.79,2018-07-29,False,False,False,False,False,False,valid,YYYY-MM-DD,False
1866,1866,Kids,Shoes,90.85,2023-03-11,1866,Kids,Shoes,90.85,2023-03-11,False,False,False,False,False,False,valid,YYYY-MM-DD,False
1867,1867,Women,Dresses,181.96,2020-01-29,1867,Women,Dresses,181.96,2020-01-29,False,False,False,False,False,False,valid,YYYY-MM-DD,False
1868,1868,Shoes,Sneakers,233.53,2019-07-22,1868,Shoes,Sneakers,233.53,2019.07.22,False,False,False,False,False,False,valid,YYYY-MM-DD,False
1869,1869,Women,Lingerie,178.71,2015-09-22,1869,Women,Lingerie,178.71,22-09-2015,False,False,False,False,False,False,valid,DD-MM-YYYY,False
1870,1870,Shoes,Heels,217.11,2016-03-10,1870,Shoes,Heels,217.11,2016-03-10,False,False,False,False,False,False,valid,YYYY-MM-DD,False
1871,1871,Women,Outerwear,207.59,2020-12-14,1871,Women,Outerwear,207.59,2020-12-14,False,False,False,False,False,False,valid,YYYY-MM-DD,False
1872,1872,Men,Jeans,138.32,2020-09-10,1872,Men,Jeans,138.32,2020-09-10,False,False,False,False,False,False,valid,YYYY-MM-DD,False
1873,1873,Shoes,Boots,167.88,2020-07-20,1873,Shoes,Boots,167.88,2020-07-20,False,False,False,False,False,False,valid,YYYY-MM-DD,False
1874,1874,Accessories,Jewelry,210.71,2016-07-25,1874,Accessories,Jewelry,210.71,2016-07-25,False,False,False,False,False,False,valid,YYYY-MM-DD,False
1875,1875,Kids,Bottoms,73.89,2020-02-06,1875,Kids,Bottoms,73.89,2020-02-06,False,False,False,False,False,False,valid,YYYY-MM-DD,False
1876,1876,Women,Outerwear,184.51,2015-08-11,1876,Women,Outerwear,184.51,2015/08/11,False,False,False,False,False,False,valid,YYYY-MM-DD,False
1877,1877,Men,Jeans,100.17,2016-06-10,1877,Men,Jeans,100.17,2016-06-10,False,False,False,False,False,False,valid,YYYY-MM-DD,False
1878,1878,Accessories,Belts,123.49,2019-12-27,1878,Accessories,Belts,123.49,2019-12-27,False,False,False,False,False,False,valid,YYYY-MM-DD,False
1879,1879,Shoes,Sneakers,168.67,2021-03-03,1879,Shoes,Sneakers,168.67,03/03/2021,False,False,False,False,False,False,valid,DD-MM-YYYY,True
1880,1880,Women,Lingerie,160.09,2021-07-22,1880,Women,Lingerie,160.09,2021-07-22,False,False,False,False,False,False,valid,YYYY-MM-DD,False
1881,1881,Men,T-Shirts,201.8,2024-10-27,1881,Men,T-Shirts,201.8,2024-10-27,False,False,False,False,False,False,valid,YYYY-MM-DD,False
1882,1882,Men,Shirts,178.88,2023-07-18,1882,Men,Shirts,178.88,2023-07-18,False,False,False,False,False,False,valid,YYYY-MM-DD,False
1883,1883,Women,Jeans,205.58,2018-10-19,1883,Women,Jeans,205.58,2018-10-19,False,False,False,False,False,False,valid,YYYY-MM-DD,False
1884,1884,Accessories,Hats,66.86,2022-10-30,1884,Accessories,Hats,66.86,30-10-2022,False,False,False,False,False,False,valid,DD-MM-YYYY,False
1885,1885,Shoes,Boots,321.03,2015-12-16,1885,Shoes,Boots,321.03,2015/12/16,False,False,False,False,False,False,valid,YYYY-MM-DD,False
1886,1886,Women,Activewear,126.37,2023-07-29,1886,Women,Activewear,126.37,2023-07-29,False,False,False,False,False,False,valid,YYYY-MM-DD,False
1887,1887,Shoes,Boots,304.07,,1887,Shoes,Boots,304.07,,False,False,False,False,False,False,missing,missing,False
1888,1888,Kids,Tops,112.98,2022-08-08,1888,Kids,Tops,112.98,2022-08-08,False,False,False,False,False,False,valid,YYYY-MM-DD,False
1889,1889,Women,Jeans,205.98,2024-09-15,1889,Women,Jeans,205.98,2024-09-15,False,False,False,False,False,False,valid,YYYY-MM-DD,False
1890,1890,Kids,Outerwear,70.76,2022-01-12,1890,Kids,Outerwear,70.76,2022/01/12,False,False,False,False,False,False,valid,YYYY-MM-DD,False
1891,1891,Women,Tops,186.82,2024-03-15,1891,Women,Tops,186.82,2024/03/15,False,False,False,False,False,False,valid,YYYY-MM-DD,False
1892,1892,Men,Suits,141.16,2015-02-07,1892,Men,Suits,141.16,2015-02-07,False,False,False,False,False,False,valid,YYYY-MM-DD,False
1893,1893,Accessories,Bags,120.87,2016-09-15,1893,Accessories,Bags,120.87,2016.09.15,False,False,False,False,False,False,valid,YYYY-MM-DD,False
1894,1894,Shoes,Sneakers,206.26,2021-04-06,1894,Shoes,Sneakers,206.26,2021/04/06,False,False,False,False,False,False,valid,YYYY-MM-DD,False
1895,1895,Women,Outerwear,88.26,2020-05-28,1895,Women,Outerwear,88.26,2020-05-28,False,False,False,False,False,False,valid,YYYY-MM-DD,False
1896,1896,Accessories,Hats,153.65,,1896,Accessories,Hats,153.65,,False,False,False,False,False,False,missing,missing,False
1897,1897,Kids,Bottoms,88.18,2022-03-09,1897,Kids,Bottoms,88.18,2022/03/09,False,False,False,False,False,False,valid,YYYY-MM-DD,False
1898,1898,Accessories,Belts,105.46,2015-08-03,1898,Accessories,Belts,105.46,2015-08-03,False,False,False,False,False,False,valid,YYYY-MM-DD,False
1899,1899,Shoes,Sneakers,189.18,2024-11-28,1899,Shoes,Sneakers,189.18,2024/11/28,False,False,False,False,False,False,valid,YYYY-MM-DD,False
1900,1900,Men,Activewear,174.34,2016-07-25,1900,Men,Activewear,174.34,25/07/2016,False,False,False,False,False,False,valid,DD-MM-YYYY,False
1901,1901,Kids,Bottoms,69.89,2019-06-16,1901,Kids,Bottoms,69.89,2019-06-16,False,False,False,False,False,False,valid,YYYY-MM-DD,False
1902,1902,Kids,Tops,39.26,,1902,Kids,Tops,39.26,,False,False,False,False,False,False,missing,missing,False
1903,1903,Shoes,Boots,242.39,2020-02-21,1903,Shoes,Boots,242.39,2020-02-21,False,False,False,False,False,False,valid,YYYY-MM-DD,False
1904,1904,Men,T-Shirts,180.76,2022-06-10,1904,Men,T-Shirts,180.76,2022-06-10,False,False,False,False,False,False,valid,YYYY-MM-DD,False
1905,1905,Men,Jeans,152.01,,1905,Men,Jeans,152.01,,False,False,False,False,False,False,missing,missing,False
1906,1906,Men,T-Shirts,114.08,2024-06-27,1906,Men,T-Shirts,114.08,2024/06/27,False,False,False,False,False,False,valid,YYYY-MM-DD,False
1907,1907,Men,Jeans,163.56,2019-08-22,1907,Men,Jeans,163.56,22-08-2019,False,False,False,False,False,False,valid,DD-MM-YYYY,False
1908,1908,Women,Tops,114.1,2024-10-16,1908,Women,Tops,114.1,16-10-2024,False,False,False,False,False,False,valid,DD-MM-YYYY,False
1909,1909,Women,Tops,133.77,2020-03-02,1909,Women,Tops,133.77,2020-03-02,False,False,False,False,False,False,valid,YYYY-MM-DD,False
1910,1910,Accessories,Belts,97.48,2023-12-08,1910,Accessories,Belts,97.48,2023-12-08,False,False,False,False,False,False,valid,YYYY-MM-DD,False
1911,1911,Women,Dresses,217.98,2022-04-30,1911,Women,Dresses,217.98,2022-04-30,False,False,False,False,False,False,valid,YYYY-MM-DD,False
1912,1912,Accessories,Hats,109.12,2016-04-30,1912,Accessories,Hats,109.12,2016-04-30,False,False,False,False,False,False,valid,YYYY-MM-DD,False
1913,1913,Women,Jeans,159.85,2021-06-09,1913,Women,Jeans,159.85,2021-06-09,False,False,False,False,False,False,valid,YYYY-MM-DD,False
1914,1914,Shoes,Sandals,327.51,2023-10-14,1914,Shoes,Sandals,327.51,2023-10-14,False,False,False,False,False,False,valid,YYYY-MM-DD,False
1915,1915,Men,Outerwear,174.1,2016-04-13,1915,Men,Outerwear,174.1,2016-04-13,False,False,False,False,False,False,valid,YYYY-MM-DD,False
1916,1916,Kids,Outerwear,97.63,2023-05-22,1916,Kids,Outerwear,97.63,2023/05/22,False,False,False,False,False,False,valid,YYYY-MM-DD,False
1917,1917,Men,Outerwear,145.21,2016-01-21,1917,Men,Outerwear,145.21,2016-01-21,False,False,False,False,False,False,valid,YYYY-MM-DD,False
1918,1918,Kids,Tops,76.58,2023-09-18,1918,Kids,Tops,76.58,2023-09-18,False,False,False,False,False,False,valid,YYYY-MM-DD,False
1919,1919,Kids,Sleepwear,40.81,2022-11-21,1919,Kids,Sleepwear,40.81,2022/11/21,False,False,False,False,False,False,valid,YYYY-MM-DD,False
1920,1920,Kids,Tops,111.8,2016-07-08,1920,Kids,Tops,111.8,2016/07/08,False,False,False,False,False,False,valid,YYYY-MM-DD,False
1921,1921,Men,Suits,177.93,2022-04-07,1921,Men,Suits,177.93,2022-04-07,False,False,False,False,False,False,valid,YYYY-MM-DD,False
1922,1922,Kids,Shoes,85.97,2016-03-02,1922,Kids,Shoes,85.97,2016/03/02,False,False,False,False,False,False,valid,YYYY-MM-DD,False
1923,1923,Accessories,Scarves,115.88,2020-09-06,1923,Accessories,Scarves,115.88,2020-09-06,False,False,False,False,False,False,valid,YYYY-MM-DD,False
1924,1924,Kids,Outerwear,106.56,2024-03-28,1924,Kids,Outerwear,106.56,28-03-2024,False,False,False,False,False,False,valid,DD-MM-YYYY,False
1925,1925,Men,Jeans,97.81,2017-01-22,1925,Men,Jeans,97.81,2017-01-22,False,False,False,False,False,False,valid,YYYY-MM-DD,False
1926,1926,Women,Lingerie,153.46,2016-09-26,1926,Women,Lingerie,153.46,2016-09-26,False,False,False,False,False,False,valid,YYYY-MM-DD,False
1927,1927,Men,Jeans,114.55,2019-03-25,1927,Men,Jeans,114.55,25/03/2019,False,False,False,False,False,False,valid,DD-MM-YYYY,False
1928,1928,Women,Jeans,259.72,2018-09-08,1928,Women,Jeans,259.72,2018.09.08,False,False,False,False,False,False,valid,YYYY-MM-DD,False
1929,1929,Women,Activewear,219.4,2015-06-27,1929,Women,Activewear,219.4,2015/06/27,False,False,False,False,False,False,valid,YYYY-MM-DD,False
1930,1930,Accessories,Jewelry,53.92,2019-07-24,1930,Accessories,Jewelry,53.92,2019-07-24,False,False,False,False,False,False,valid,YYYY-MM-DD,False
1931,1931,Women,Lingerie,111.88,2017-08-06,1931,Women,Lingerie,111.88,06-08-2017,False,False,False,False,False,False,valid,DD-MM-YYYY,True
1932,1932,Kids,Tops,87.02,2016-03-30,1932,Kids,Tops,87.02,2016-03-30,False,False,False,False,False,False,valid,YYYY-MM-DD,False
1933,1933,Accessories,Jewelry,105.83,2017-10-05,1933,Accessories,Jewelry,105.83,2017-10-05,False,False,False,False,False,False,valid,YYYY-MM-DD,False
1934,1934,Accessories,Bags,80.27,2015-03-17,1934,Accessories,Bags,80.27,2015-03-17,False,False,False,False,False,False,valid,YYYY-MM-DD,False
1935,1935,Women,Outerwear,267.51,2024-02-25,1935,Women,Outerwear,267.51,2024.02.25,False,False,False,False,False,False,valid,YYYY-MM-DD,False
1936,1936,Women,Lingerie,194.06,2024-12-10,1936,Women,Lingerie,194.06,2024-12-10,False,False,False,False,False,False,valid,YYYY-MM-DD,False
1937,1937,Men,Activewear,178.99,2018-09-04,1937,Men,Activewear,178.99,2018-09-04,False,False,False,False,False,False,valid,YYYY-MM-DD,False
1938,1938,Kids,Shoes,74.43,2023-10-08,1938,Kids,Shoes,74.43,2023-10-08,False,False,False,False,False,False,valid,YYYY-MM-DD,False
1939,1939,Accessories,Belts,141.67,2019-08-13,1939,Accessories,Belts,141.67,2019-08-13,False,False,False,False,False,False,valid,YYYY-MM-DD,False
1940,1940,Men,Jeans,144.78,2024-02-15,1940,Men,Jeans,144.78,2024-02-15,False,False,False,False,False,False,valid,YYYY-MM-DD,False
1941,1941,Women,Tops,167.25,2016-09-24,1941,Women,Tops,167.25,2016-09-24,False,False,False,False,False,False,valid,YYYY-MM-DD,False
1942,1942,Men,Outerwear,184.44,2017-11-05,1942,Men,Outerwear,184.44,05-11-2017,False,False,False,False,False,False,valid,DD-MM-YYYY,True
1943,1943,Accessories,Scarves,71.13,2022-05-26,1943,Accessories,Scarves,71.13,2022-05-26,False,False,False,False,False,False,valid,YYYY-MM-DD,False
1944,1944,Women,Jeans,251.87,2017-03-15,1944,Women,Jeans,251.87,2017-03-15,False,False,False,False,False,False,valid,YYYY-MM-DD,False
1945,1945,Men,Suits,167.3,2023-03-28,1945,Men,Suits,167.3,2023/03/28,False,False,False,False,False,False,valid,YYYY-MM-DD,False
1946,1946,Women,Jeans,237.64,2019-04-05,1946,Women,Jeans,237.64,2019-04-05,False,False,False,False,False,False,valid,YYYY-MM-DD,False
1947,1947,Women,Tops,131.61,2019-01-15,1947,Women,Tops,131.61,2019-01-15,False,False,False,False,False,False,valid,YYYY-MM-DD,False
1948,1948,Accessories,Bags,92.31,2019-07-14,1948,Accessories,Bags,92.31,2019-07-14,False,False,False,False,False,False,valid,YYYY-MM-DD,False
1949,1949,Women,Outerwear,127.71,2022-12-24,1949,Women,Outerwear,127.71,2022-12-24,False,False,False,False,False,False,valid,YYYY-MM-DD,False
1950,1950,Men,T-Shirts,170.01,2015-01-21,1950,Men,T-Shirts,170.01,2015-01-21,False,False,False,False,False,False,valid,YYYY-MM-DD,False
1951,1951,Accessories,Jewelry,121.98,2022-07-05,1951,Accessories,Jewelry,121.98,2022-07-05,False,False,False,False,False,False,valid,YYYY-MM-DD,False
1952,1952,Shoes,Boots,194.46,2022-10-17,1952,Shoes,Boots,194.46,2022-10-17,False,False,False,False,False,False,valid,YYYY-MM-DD,False
1953,1953,Women,Jeans,134.37,2023-03-19,1953,Women,Jeans,134.37,2023-03-19,False,False,False,False,False,False,valid,YYYY-MM-DD,False
1954,1954,Kids,Sleepwear,61.5,2024-12-19,1954,Kids,Sleepwear,61.5,2024-12-19,False,False,False,False,False,False,valid,YYYY-MM-DD,False
1955,1955,Accessories,Scarves,118.55,2022-10-28,1955,Accessories,Scarves,118.55,2022-10-28,False,False,False,False,False,False,valid,YYYY-MM-DD,False
1956,1956,Kids,Tops,79.52,2020-04-15,1956,Kids,Tops,79.52,2020-04-15,False,False,False,False,False,False,valid,YYYY-MM-DD,False
1957,1957,Kids,Outerwear,74.57,2019-08-30,1957,Kids,Outerwear,74.57,2019-08-30,False,False,False,False,False,False,valid,YYYY-MM-DD,False
1958,1958,Kids,Tops,124.81,2018-11-19,1958,Kids,Tops,124.81,2018-11-19,False,False,False,False,False,False,valid,YYYY-MM-DD,False
1959,1959,Shoes,Sneakers,215.47,2023-04-10,1959,Shoes,Sneakers,215.47,2023-04-10,False,False,False,False,False,False,valid,YYYY-MM-DD,False
1960,1960,Women,Outerwear,237.15,2018-12-05,1960,Women,Outerwear,237.15,2018.12.05,False,False,False,False,False,False,valid,YYYY-MM-DD,False
1961,1961,Accessories,Bags,104.0,2020-09-22,1961,Accessories,Bags,104.0,22-09-2020,False,False,False,False,False,False,valid,DD-MM-YYYY,False
1962,1962,Accessories,Belts,127.34,2015-12-17,1962,Accessories,Belts,127.34,2015-12-17,False,False,False,False,False,False,valid,YYYY-MM-DD,False
1963,1963,Women,Outerwear,177.5,2018-03-05,1963,Women,Outerwear,177.5,05-03-2018,False,False,False,False,False,False,valid,DD-MM-YYYY,True
1964,1964,Accessories,Scarves,69.07,2017-08-30,1964,Accessories,Scarves,69.07,2017-08-30,False,False,False,False,False,False,valid,YYYY-MM-DD,False
1965,1965,Accessories,Hats,162.85,2019-05-09,1965,Accessories,Hats,162.85,2019-05-09,False,False,False,False,False,False,valid,YYYY-MM-DD,False
1966,1966,Shoes,Sneakers,212.57,2020-01-09,1966,Shoes,Sneakers,212.57,2020-01-09,False,False,False,False,False,False,valid,YYYY-MM-DD,False
1967,1967,Men,Suits,189.86,2022-03-02,1967,Men,Suits,189.86,02-03-2022,False,False,False,False,False,False,valid,DD-MM-YYYY,True
1968,1968,Kids,Shoes,73.08,2019-04-27,1968,Kids,Shoes,73.08,2019-04-27,False,False,False,False,False,False,valid,YYYY-MM-DD,False
1969,1969,Accessories,Jewelry,115.05,2016-07-03,1969,Accessories,Jewelry,115.05,2016-07-03,False,False,False,False,False,False,valid,YYYY-MM-DD,False
1970,1970,Women,Activewear,140.99,2020-06-14,1970,Women,Activewear,140.99,2020-06-14,False,False,False,False,False,False,valid,YYYY-MM-DD,False
1971,1971,Accessories,Hats,157.08,2015-07-19,1971,Accessories,Hats,157.08,2015-07-19,False,False,False,False,False,False,valid,YYYY-MM-DD,False
1972,1972,Accessories,Jewelry,129.34,2023-06-29,1972,Accessories,Jewelry,129.34,2023.06.29,False,False,False,False,False,False,valid,YYYY-MM-DD,False
1973,1973,Shoes,Heels,240.19,2022-09-15,1973,Shoes,Heels,240.19,2022-09-15,False,False,False,False,False,False,valid,YYYY-MM-DD,False
1974,1974,Men,Shirts,214.33,2017-04-02,1974,Men,Shirts,214.33,2017-04-02,False,False,False,False,False,False,valid,YYYY-MM-DD,False
1975,1975,Kids,Shoes,116.02,2017-08-19,1975,Kids,Shoes,116.02,2017-08-19,False,False,False,False,False,False,valid,YYYY-MM-DD,False
1976,1976,Women,Tops,214.44,2015-04-12,1976,Women,Tops,214.44,2015/04/12,False,False,False,False,False,False,valid,YYYY-MM-DD,False
1977,1977,Accessories,Jewelry,77.35,2018-08-24,1977,Accessories,Jewelry,77.35,2018/08/24,False,False,False,False,False,False,valid,YYYY-MM-DD,False
1978,1978,Men,Outerwear,132.17,2015-05-20,1978,Men,Outerwear,132.17,2015-05-20,False,False,False,False,False,False,valid,YYYY-MM-DD,False
1979,1979,Women,Lingerie,134.83,2024-05-13,1979,Women,Lingerie,134.83,2024/05/13,False,False,False,False,False,False,valid,YYYY-MM-DD,False
1980,1980,Shoes,Heels,260.01,2016-05-05,1980,Shoes,Heels,260.01,2016-05-05,False,False,False,False,False,False,valid,YYYY-MM-DD,False
1981,1981,Shoes,Heels,229.39,2021-08-05,1981,Shoes,Heels,229.39,2021-08-05,False,False,False,False,False,False,valid,YYYY-MM-DD,False
1982,1982,Shoes,Boots,143.52,2020-09-14,1982,Shoes,Boots,143.52,2020-09-14,False,False,False,False,False,False,valid,YYYY-MM-DD,False
1983,1983,Women,Lingerie,171.51,2017-05-15,1983,Women,Lingerie,171.51,2017-05-15,False,False,False,False,False,False,valid,YYYY-MM-DD,False
1984,1984,Shoes,Sneakers,137.82,2023-01-31,1984,Shoes,Sneakers,137.82,2023/01/31,False,False,False,False,False,False,valid,YYYY-MM-DD,False
1985,1985,Shoes,Heels,217.08,2016-02-02,1985,Shoes,Heels,217.08,2016/02/02,False,False,False,False,False,False,valid,YYYY-MM-DD,False
1986,1986,Shoes,Boots,128.95,,1986,Shoes,Boots,128.95,,False,False,False,False,False,False,missing,missing,False
1987,1987,Accessories,Hats,135.86,2022-05-28,1987,Accessories,Hats,135.86,2022/05/28,False,False,False,False,False,False,valid,YYYY-MM-DD,False
1988,1988,Men,Jeans,175.12,2021-05-09,1988,Men,Jeans,175.12,2021/05/09,False,False,False,False,False,False,valid,YYYY-MM-DD,False
1989,1989,Men,Activewear,236.32,2023-10-19,1989,Men,Activewear,236.32,2023/10/19,False,False,False,False,False,False,valid,YYYY-MM-DD,False
1990,1990,Accessories,Belts,145.44,2019-01-12,1990,Accessories,Belts,145.44,2019/01/12,False,False,False,False,False,False,valid,YYYY-MM-DD,False
1991,1991,Kids,Tops,80.48,2017-10-25,1991,Kids,Tops,80.48,2017-10-25,False,False,False,False,False,False,valid,YYYY-MM-DD,False
1992,1992,Kids,Tops,108.41,2016-07-18,1992,Kids,Tops,108.41,2016-07-18,False,False,False,False,False,False,valid,YYYY-MM-DD,False
1993,1993,Men,Suits,104.09,2024-03-30,1993,Men,Suits,104.09,2024/03/30,False,False,False,False,False,False,valid,YYYY-MM-DD,False
1994,1994,Shoes,Boots,167.06,2019-01-06,1994,Shoes,Boots,167.06,2019-01-06,False,False,False,False,False,False,valid,YYYY-MM-DD,False
1995,1995,Shoes,Boots,238.32,2023-04-18,1995,Shoes,Boots,238.32,2023-04-18,False,False,False,False,False,False,valid,YYYY-MM-DD,False
1996,1996,Women,Outerwear,82.88,2018-04-29,1996,Women,Outerwear,82.88,2018-04-29,False,False,False,False,False,False,valid,YYYY-MM-DD,False
1997,1997,Kids,Bottoms,89.16,2024-07-20,1997,Kids,Bottoms,89.16,2024-07-20,False,False,False,False,False,False,valid,YYYY-MM-DD,False
1998,1998,Accessories,Belts,89.39,2023-09-14,1998,Accessories,Belts,89.39,2023-09-14,False,False,False,False,False,False,valid,YYYY-MM-DD,False
1999,1999,Men,Jeans,164.05,2018-01-30,1999,Men,Jeans,164.05,2018-01-30,False,False,False,False,False,False,valid,YYYY-MM-DD,False
2000,2000,Men,Outerwear,116.89,2019-11-13,2000,Men,Outerwear,116.89,13-11-2019,False,False,False,False,False,False,valid,DD-MM-YYYY,False
2001,2001,Accessories,Scarves,132.73,2022-12-10,2001,Accessories,Scarves,132.73,2022-12-10,False,False,False,False,False,False,valid,YYYY-MM-DD,False
2002,2002,Women,Outerwear,180.87,2017-04-06,2002,Women,Outerwear,180.87,2017.04.06,False,False,False,False,False,False,valid,YYYY-MM-DD,False
2003,2003,Men,T-Shirts,216.01,2015-03-28,2003,Men,T-Shirts,216.01,28/03/2015,False,False,False,False,False,False,valid,DD-MM-YYYY,False
2004,2004,Kids,Sleepwear,90.15,2017-11-20,2004,Kids,Sleepwear,90.15,2017-11-20,False,False,False,False,False,False,valid,YYYY-MM-DD,False
2005,2005,Shoes,Sneakers,177.72,2020-11-27,2005,Shoes,Sneakers,177.72,2020-11-27,False,False,False,False,False,False,valid,YYYY-MM-DD,False
2006,2006,Women,Jeans,168.89,2016-05-13,2006,Women,Jeans,168.89,2016-05-13,False,False,False,False,False,False,valid,YYYY-MM-DD,False
2007,2007,Kids,Bottoms,59.75,2018-05-02,2007,Kids,Bottoms,59.75,2018.05.02,False,False,False,False,False,False,valid,YYYY-MM-DD,False
2008,2008,Women,Outerwear,198.28,2024-03-09,2008,Women,Outerwear,198.28,09/03/2024,False,False,False,False,False,False,valid,DD-MM-YYYY,True
2009,2009,Shoes,Boots,252.44,2015-10-02,2009,Shoes,Boots,252.44,2015-10-02,False,False,False,False,False,False,valid,YYYY-MM-DD,False
2010,2010,Shoes,Loafers,355.81,2015-07-03,2010,Shoes,Loafers,355.81,2015-07-03,False,False,False,False,False,False,valid,YYYY-MM-DD,False
2011,2011,Kids,Bottoms,76.01,2019-03-29,2011,Kids,Bottoms,76.01,2019-03-29,False,False,False,False,False,False,valid,YYYY-MM-DD,False
2012,2012,Men,Activewear,149.29,2015-02-16,2012,Men,Activewear,149.29,2015-02-16,False,False,False,False,False,False,valid,YYYY-MM-DD,False
2013,2013,Women,Dresses,154.09,2015-04-12,2013,Women,Dresses,154.09,12-04-2015,False,False,False,False,False,False,valid,DD-MM-YYYY,True
2014,2014,Accessories,Jewelry,126.36,2016-10-30,2014,Accessories,Jewelry,126.36,2016-10-30,False,False,False,False,False,False,valid,YYYY-MM-DD,False
2015,2015,Shoes,Loafers,240.99,2016-01-09,2015,Shoes,Loafers,240.99,2016-01-09,False,False,False,False,False,False,valid,YYYY-MM-DD,False
2016,2016,Men,Suits,157.87,2023-02-10,2016,Men,Suits,157.87,2023-02-10,False,False,False,False,False,False,valid,YYYY-MM-DD,False
2017,2017,Kids,Bottoms,114.44,2016-03-24,2017,Kids,Bottoms,114.44,24/03/2016,False,False,False,False,False,False,valid,DD-MM-YYYY,False
2018,2018,Shoes,Sneakers,186.07,2020-03-27,2018,Shoes,Sneakers,186.07,27-03-2020,False,False,False,False,False,False,valid,DD-MM-YYYY,False
2019,2019,Shoes,Sandals,274.24,2022-01-20,2019,Shoes,Sandals,274.24,2022.01.20,False,False,False,False,False,False,valid,YYYY-MM-DD,False
2020,2020,Kids,Outerwear,102.12,2021-04-05,2020,Kids,Outerwear,102.12,2021-04-05,False,False,False,False,False,False,valid,YYYY-MM-DD,False
2021,2021,Men,T-Shirts,159.52,2021-07-16,2021,Men,T-Shirts,159.52,16-07-2021,False,False,False,False,False,False,valid,DD-MM-YYYY,False
2022,2022,Shoes,Sandals,202.68,2018-07-30,2022,Shoes,Sandals,202.68,2018-07-30,False,False,False,False,False,False,valid,YYYY-MM-DD,False
2023,2023,Shoes,Heels,353.47,2023-11-21,2023,Shoes,Heels,353.47,2023/11/21,False,False,False,False,False,False,valid,YYYY-MM-DD,False
2024,2024,Kids,Shoes,71.62,2015-09-08,2024,Kids,Shoes,71.62,2015-09-08,False,False,False,False,False,False,valid,YYYY-MM-DD,False
2025,2025,Women,Activewear,193.41,2016-01-28,2025,Women,Activewear,193.41,2016/01/28,False,False,False,False,False,False,valid,YYYY-MM-DD,False
2026,2026,Kids,Outerwear,73.12,2023-07-25,2026,Kids,Outerwear,73.12,2023-07-25,False,False,False,False,False,False,valid,YYYY-MM-DD,False
2027,2027,Shoes,Sneakers,318.21,2015-09-07,2027,Shoes,Sneakers,318.21,07/09/2015,False,False,False,False,False,False,valid,DD-MM-YYYY,True
2028,2028,Accessories,Bags,146.6,2016-12-01,2028,Accessories,Bags,146.6,2016-12-01,False,False,False,False,False,False,valid,YYYY-MM-DD,False
2029,2029,Kids,Outerwear,74.74,2016-09-24,2029,Kids,Outerwear,74.74,2016-09-24,False,False,False,False,False,False,valid,YYYY-MM-DD,False
2030,2030,Men,Activewear,180.5,2015-05-01,2030,Men,Activewear,180.5,2015/05/01,False,False,False,False,False,False,valid,YYYY-MM-DD,False
2031,2031,Kids,Tops,95.8,2016-03-03,2031,Kids,Tops,95.8,2016-03-03,False,False,False,False,False,False,valid,YYYY-MM-DD,False
2032,2032,Women,Dresses,156.75,2020-09-23,2032,Women,Dresses,156.75,2020-09-23,False,False,False,False,False,False,valid,YYYY-MM-DD,False
2033,2033,Women,Activewear,214.12,,2033,Women,Activewear,214.12,,False,False,False,False,False,False,missing,missing,False
2034,2034,Shoes,Sandals,241.41,2015-11-01,2034,Shoes,Sandals,241.41,2015-11-01,False,False,False,False,False,False,valid,YYYY-MM-DD,False
2035,2035,Accessories,Bags,126.47,2024-06-04,2035,Accessories,Bags,126.47,2024/06/04,False,False,False,False,False,False,valid,YYYY-MM-DD,False
2036,2036,Accessories,Hats,118.74,2015-12-16,2036,Accessories,Hats,118.74,2015-12-16,False,False,False,False,False,False,valid,YYYY-MM-DD,False
2037,2037,Kids,Tops,99.7,2021-11-14,2037,Kids,Tops,99.7,14/11/2021,False,False,False,False,False,False,valid,DD-MM-YYYY,False
2038,2038,Women,Activewear,190.32,2023-01-02,2038,Women,Activewear,190.32,02-01-2023,False,False,False,False,False,False,valid,DD-MM-YYYY,True
2039,2039,Accessories,Jewelry,121.77,2020-03-17,2039,Accessories,Jewelry,121.77,2020-03-17,False,False,False,False,False,False,valid,YYYY-MM-DD,False
2040,2040,Kids,Shoes,75.58,2019-12-01,2040,Kids,Shoes,75.58,2019-12-01,False,False,False,False,False,False,valid,YYYY-MM-DD,False
2041,2041,Men,Activewear,227.75,,2041,Men,Activewear,227.75,,False,False,False,False,False,False,missing,missing,False
2042,2042,Accessories,Scarves,88.49,2017-06-01,2042,Accessories,Scarves,88.49,2017-06-01,False,False,False,False,False,False,valid,YYYY-MM-DD,False
2043,2043,Shoes,Loafers,243.52,2023-07-05,2043,Shoes,Loafers,243.52,05-07-2023,False,False,False,False,False,False,valid,DD-MM-YYYY,True
2044,2044,Shoes,Sandals,202.39,2018-06-27,2044,Shoes,Sandals,202.39,27-06-2018,False,False,False,False,False,False,valid,DD-MM-YYYY,False
2045,2045,Men,Outerwear,230.38,2015-05-06,2045,Men,Outerwear,230.38,2015-05-06,False,False,False,False,False,False,valid,YYYY-MM-DD,False
2046,2046,Accessories,Scarves,92.9,2022-04-17,2046,Accessories,Scarves,92.9,2022.04.17,False,False,False,False,False,False,valid,YYYY-MM-DD,False
2047,2047,Kids,Outerwear,73.46,2021-11-02,2047,Kids,Outerwear,73.46,2021.11.02,False,False,False,False,False,False,valid,YYYY-MM-DD,False
2048,2048,Kids,Shoes,68.18,2015-08-31,2048,Kids,Shoes,68.18,2015/08/31,False,False,False,False,False,False,valid,YYYY-MM-DD,False
2049,2049,Shoes,Heels,237.79,2015-07-06,2049,Shoes,Heels,237.79,06/07/2015,False,False,False,False,False,False,valid,DD-MM-YYYY,True
2050,2050,Shoes,Loafers,144.48,,2050,Shoes,Loafers,144.48,,False,False,False,False,False,False,missing,missing,False
2051,2051,Women,Dresses,158.47,2015-07-05,2051,Women,Dresses,158.47,2015-07-05,False,False,False,False,False,False,valid,YYYY-MM-DD,False
2052,2052,Men,Shirts,73.91,2021-03-01,2052,Men,Shirts,73.91,2021-03-01,False,False,False,False,False,False,valid,YYYY-MM-DD,False
2053,2053,Men,Shirts,169.62,2016-04-29,2053,Men,Shirts,169.62,2016-04-29,False,False,False,False,False,False,valid,YYYY-MM-DD,False
2054,2054,Accessories,Hats,104.99,2021-01-26,2054,Accessories,Hats,104.99,2021-01-26,False,False,False,False,False,False,valid,YYYY-MM-DD,False
2055,2055,Shoes,Sandals,138.16,2016-10-05,2055,Shoes,Sandals,138.16,2016-10-05,False,False,False,False,False,False,valid,YYYY-MM-DD,False
2056,2056,Men,Jeans,203.42,2024-09-22,2056,Men,Jeans,203.42,2024-09-22,False,False,False,False,False,False,valid,YYYY-MM-DD,False
2057,2057,Shoes,Sneakers,148.08,2022-04-05,2057,Shoes,Sneakers,148.08,2022-04-05,False,False,False,False,False,False,valid,YYYY-MM-DD,False
2058,2058,Shoes,Loafers,263.83,2018-09-30,2058,Shoes,Loafers,263.83,2018/09/30,False,False,False,False,False,False,valid,YYYY-MM-DD,False
2059,2059,Men,Suits,131.96,2019-04-16,2059,Men,Suits,131.96,16-04-2019,False,False,False,False,False,False,valid,DD-MM-YYYY,False
2060,2060,Kids,Sleepwear,126.04,2015-08-26,2060,Kids,Sleepwear,126.04,2015-08-26,False,False,False,False,False,False,valid,YYYY-MM-DD,False
2061,2061,Accessories,Hats,142.49,2015-07-20,2061,Accessories,Hats,142.49,2015-07-20,False,False,False,False,False,False,valid,YYYY-MM-DD,False
2062,2062,Kids,Outerwear,67.32,2020-05-17,2062,Kids,Outerwear,67.32,17-05-2020,False,False,False,False,False,False,valid,DD-MM-YYYY,False
2063,2063,Women,Dresses,138.73,2015-03-25,2063,Women,Dresses,138.73,2015-03-25,False,False,False,False,False,False,valid,YYYY-MM-DD,False
2064,2064,Shoes,Sneakers,253.3,2021-05-20,2064,Shoes,Sneakers,253.3,2021-05-20,False,False,False,False,False,False,valid,YYYY-MM-DD,False
2065,2065,Kids,Shoes,84.1,,2065,Kids,Shoes,84.1,,False,False,False,False,False,False,missing,missing,False
2066,2066,Kids,Bottoms,86.19,2016-05-24,2066,Kids,Bottoms,86.19,2016-05-24,False,False,False,False,False,False,valid,YYYY-MM-DD,False
2067,2067,Shoes,Sandals,289.97,2020-05-10,2067,Shoes,Sandals,289.97,2020/05/10,False,False,False,False,False,False,valid,YYYY-MM-DD,False
2068,2068,Accessories,Scarves,97.54,2020-07-12,2068,Accessories,Scarves,97.54,2020-07-12,False,False,False,False,False,False,valid,YYYY-MM-DD,False
2069,2069,Men,Jeans,163.65,2022-06-19,2069,Men,Jeans,163.65,2022-06-19,False,False,False,False,False,False,valid,YYYY-MM-DD,False
2070,2070,Kids,Bottoms,111.48,2016-12-23,2070,Kids,Bottoms,111.48,2016/12/23,False,False,False,False,False,False,valid,YYYY-MM-DD,False
2071,2071,Women,Activewear,216.41,,2071,Women,Activewear,216.41,,False,False,False,False,False,False,missing,missing,False
2072,2072,Shoes,Sneakers,211.22,2023-06-13,2072,Shoes,Sneakers,211.22,2023/06/13,False,False,False,False,False,False,valid,YYYY-MM-DD,False
2073,2073,Kids,Outerwear,83.5,2017-09-13,2073,Kids,Outerwear,83.5,2017/09/13,False,False,False,False,False,False,valid,YYYY-MM-DD,False
2074,2074,Men,T-Shirts,90.45,2023-05-09,2074,Men,T-Shirts,90.45,2023-05-09,False,False,False,False,False,False,valid,YYYY-MM-DD,False
2075,2075,Shoes,Sandals,161.91,2022-03-27,2075,Shoes,Sandals,161.91,2022/03/27,False,False,False,False,False,False,valid,YYYY-MM-DD,False
2076,2076,Kids,Sleepwear,97.16,2019-04-19,2076,Kids,Sleepwear,97.16,2019-04-19,False,False,False,False,False,False,valid,YYYY-MM-DD,False
2077,2077,Kids,Tops,86.9,2023-11-01,2077,Kids,Tops,86.9,2023/11/01,False,False,False,False,False,False,valid,YYYY-MM-DD,False
2078,2078,Kids,Tops,91.69,2024-09-01,2078,Kids,Tops,91.69,2024-09-01,False,False,False,False,False,False,valid,YYYY-MM-DD,False
2079,2079,Men,Jeans,201.57,2017-05-15,2079,Men,Jeans,201.57,2017.05.15,False,False,False,False,False,False,valid,YYYY-MM-DD,False
2080,2080,Women,Tops,126.57,2024-10-19,2080,Women,Tops,126.57,2024.10.19,False,False,False,False,False,False,valid,YYYY-MM-DD,False
2081,2081,Accessories,Bags,112.91,2015-01-09,2081,Accessories,Bags,112.91,2015-01-09,False,False,False,False,False,False,valid,YYYY-MM-DD,False
2082,2082,Women,Lingerie,188.49,2016-04-17,2082,Women,Lingerie,188.49,2016-04-17,False,False,False,False,False,False,valid,YYYY-MM-DD,False
2083,2083,Men,Shirts,131.83,2015-06-07,2083,Men,Shirts,131.83,07-06-2015,False,False,False,False,False,False,valid,DD-MM-YYYY,True
2084,2084,Shoes,Sandals,298.73,2018-09-05,2084,Shoes,Sandals,298.73,2018/09/05,False,False,False,False,False,False,valid,YYYY-MM-DD,False
2085,2085,Women,Outerwear,220.89,2024-05-15,2085,Women,Outerwear,220.89,2024-05-15,False,False,False,False,False,False,valid,YYYY-MM-DD,False
2086,2086,Shoes,Sandals,235.96,,2086,Shoes,Sandals,235.96,,False,False,False,False,False,False,missing,missing,False
2087,2087,Shoes,Boots,318.68,2021-03-02,2087,Shoes,Boots,318.68,2021-03-02,False,False,False,False,False,False,valid,YYYY-MM-DD,False
2088,2088,Shoes,Boots,137.56,2015-11-06,2088,Shoes,Boots,137.56,06/11/2015,False,False,False,False,False,False,valid,DD-MM-YYYY,True
2089,2089,Men,Activewear,159.69,2020-02-29,2089,Men,Activewear,159.69,2020-02-29,False,False,False,False,False,False,valid,YYYY-MM-DD,False
2090,2090,Women,Tops,196.49,,2090,Women,Tops,196.49,,False,False,False,False,False,False,missing,missing,False
2091,2091,Accessories,Scarves,92.56,2019-10-18,2091,Accessories,Scarves,92.56,2019-10-18,False,False,False,False,False,False,valid,YYYY-MM-DD,False
2092,2092,Men,Shirts,172.03,2017-08-12,2092,Men,Shirts,172.03,2017-08-12,False,False,False,False,False,False,valid,YYYY-MM-DD,False
2093,2093,Accessories,Bags,86.8,2017-01-06,2093,Accessories,Bags,86.8,2017/01/06,False,False,False,False,False,False,valid,YYYY-MM-DD,False
2094,2094,Women,Activewear,211.08,2024-07-09,2094,Women,Activewear,211.08,2024-07-09,False,False,False,False,False,False,valid,YYYY-MM-DD,False
2095,2095,Women,Outerwear,227.6,2020-08-01,2095,Women,Outerwear,227.6,2020-08-01,False,False,False,False,False,False,valid,YYYY-MM-DD,False
2096,2096,Shoes,Sneakers,234.98,2019-02-12,2096,Shoes,Sneakers,234.98,2019-02-12,False,False,False,False,False,False,valid,YYYY-MM-DD,False
2097,2097,Accessories,Jewelry,64.42,2015-09-27,2097,Accessories,Jewelry,64.42,2015-09-27,False,False,False,False,False,False,valid,YYYY-MM-DD,False
2098,2098,Accessories,Bags,91.0,2022-08-18,2098,Accessories,Bags,91.0,2022-08-18,False,False,False,False,False,False,valid,YYYY-MM-DD,False
2099,2099,Shoes,Loafers,251.06,2019-09-23,2099,Shoes,Loafers,251.06,2019-09-23,False,False,False,False,False,False,valid,YYYY-MM-DD,False
2100,2100,Men,Suits,160.85,2018-11-13,2100,Men,Suits,160.85,2018.11.13,False,False,False,False,False,False,valid,YYYY-MM-DD,False
2101,2101,Accessories,Jewelry,39.18,2021-09-02,2101,Accessories,Jewelry,39.18,2021-09-02,False,False,False,False,False,False,valid,YYYY-MM-DD,False
2102,2102,Shoes,Loafers,288.36,2016-04-26,2102,Shoes,Loafers,288.36,26/04/2016,False,False,False,False,False,False,valid,DD-MM-YYYY,False
2103,2103,Women,Tops,186.15,2020-05-01,2103,Women,Tops,186.15,2020-05-01,False,False,False,False,False,False,valid,YYYY-MM-DD,False
2104,2104,Women,Activewear,143.14,2023-08-20,2104,Women,Activewear,143.14,20-08-2023,False,False,False,False,False,False,valid,DD-MM-YYYY,False
2105,2105,Accessories,Belts,149.85,2019-08-22,2105,Accessories,Belts,149.85,2019-08-22,False,False,False,False,False,False,valid,YYYY-MM-DD,False
2106,2106,Men,Outerwear,132.9,2015-01-02,2106,Men,Outerwear,132.9,2015-01-02,False,False,False,False,False,False,valid,YYYY-MM-DD,False
2107,2107,Shoes,Boots,182.14,2017-04-19,2107,Shoes,Boots,182.14,19-04-2017,False,False,False,False,False,False,valid,DD-MM-YYYY,False
2108,2108,Women,Jeans,196.13,2015-07-24,2108,Women,Jeans,196.13,2015-07-24,False,False,False,False,False,False,valid,YYYY-MM-DD,False
2109,2109,Men,T-Shirts,231.24,2020-01-02,2109,Men,T-Shirts,231.24,2020-01-02,False,False,False,False,False,False,valid,YYYY-MM-DD,False
2110,2110,Men,Outerwear,224.94,2018-08-24,2110,Men,Outerwear,224.94,2018-08-24,False,False,False,False,False,False,valid,YYYY-MM-DD,False
2111,2111,Men,Shirts,174.39,2016-04-28,2111,Men,Shirts,174.39,28/04/2016,False,False,False,False,False,False,valid,DD-MM-YYYY,False
2112,2112,Shoes,Boots,245.43,2021-11-14,2112,Shoes,Boots,245.43,2021-11-14,False,False,False,False,False,False,valid,YYYY-MM-DD,False
2113,2113,Accessories,Scarves,143.74,2016-10-07,2113,Accessories,Scarves,143.74,2016-10-07,False,False,False,False,False,False,valid,YYYY-MM-DD,False
2114,2114,Accessories,Hats,82.29,2018-06-02,2114,Accessories,Hats,82.29,2018-06-02,False,False,False,False,False,False,valid,YYYY-MM-DD,False
2115,2115,Shoes,Heels,255.43,2024-11-17,2115,Shoes,Heels,255.43,2024-11-17,False,False,False,False,False,False,valid,YYYY-MM-DD,False
2116,2116,Men,Outerwear,130.64,2015-08-31,2116,Men,Outerwear,130.64,2015-08-31,False,False,False,False,False,False,valid,YYYY-MM-DD,False
2117,2117,Accessories,Belts,129.55,2017-06-23,2117,Accessories,Belts,129.55,2017/06/23,False,False,False,False,False,False,valid,YYYY-MM-DD,False
2118,2118,Kids,Outerwear,84.88,2018-03-07,2118,Kids,Outerwear,84.88,2018-03-07,False,False,False,False,False,False,valid,YYYY-MM-DD,False
2119,2119,Kids,Sleepwear,101.28,2020-02-02,2119,Kids,Sleepwear,101.28,2020-02-02,False,False,False,False,False,False,valid,YYYY-MM-DD,False
2120,2120,Shoes,Loafers,226.5,2017-06-13,2120,Shoes,Loafers,226.5,2017-06-13,False,False,False,False,False,False,valid,YYYY-MM-DD,False
2121,2121,Shoes,Sandals,50.98,2024-09-13,2121,Shoes,Sandals,50.98,13/09/2024,False,False,False,False,False,False,valid,DD-MM-YYYY,False
2122,2122,Accessories,Jewelry,125.37,2015-01-20,2122,Accessories,Jewelry,125.37,20-01-2015,False,False,False,False,False,False,valid,DD-MM-YYYY,False
2123,2123,Kids,Shoes,104.45,2024-06-25,2123,Kids,Shoes,104.45,2024-06-25,False,False,False,False,False,False,valid,YYYY-MM-DD,False
2124,2124,Shoes,Sneakers,244.53,2020-05-07,2124,Shoes,Sneakers,244.53,2020-05-07,False,False,False,False,False,False,valid,YYYY-MM-DD,False
2125,2125,Shoes,Boots,214.36,,2125,Shoes,Boots,214.36,not_a_date,False,False,False,False,False,False,invalid,unsupported_or_invalid,False
2126,2126,Men,Outerwear,225.69,2016-03-02,2126,Men,Outerwear,225.69,2016-03-02,False,False,False,False,False,False,valid,YYYY-MM-DD,False
2127,2127,Men,Shirts,172.45,2016-01-12,2127,Men,Shirts,172.45,2016.01.12,False,False,False,False,False,False,valid,YYYY-MM-DD,False
2128,2128,Shoes,Sneakers,244.07,2017-11-16,2128,Shoes,Sneakers,244.07,2017.11.16,False,False,False,False,False,False,valid,YYYY-MM-DD,False
2129,2129,Women,Activewear,227.0,2018-05-01,2129,Women,Activewear,227.0,2018-05-01,False,False,False,False,False,False,valid,YYYY-MM-DD,False
2130,2130,Men,Outerwear,174.5,2021-05-31,2130,Men,Outerwear,174.5,2021/05/31,False,False,False,False,False,False,valid,YYYY-MM-DD,False
2131,2131,Shoes,Sneakers,170.61,2018-02-10,2131,Shoes,Sneakers,170.61,2018-02-10,False,False,False,False,False,False,valid,YYYY-MM-DD,False
2132,2132,Accessories,Belts,46.85,2022-04-02,2132,Accessories,Belts,46.85,2022-04-02,False,False,False,False,False,False,valid,YYYY-MM-DD,False
2133,2133,Kids,Bottoms,79.26,2017-12-09,2133,Kids,Bottoms,79.26,2017/12/09,False,False,False,False,False,False,valid,YYYY-MM-DD,False
2134,2134,Men,Jeans,190.44,2017-08-20,2134,Men,Jeans,190.44,2017-08-20,False,False,False,False,False,False,valid,YYYY-MM-DD,False
2135,2135,Kids,Tops,82.06,2017-10-02,2135,Kids,Tops,82.06,2017-10-02,False,False,False,False,False,False,valid,YYYY-MM-DD,False
2136,2136,Shoes,Sandals,264.06,2018-04-17,2136,Shoes,Sandals,264.06,2018-04-17,False,False,False,False,False,False,valid,YYYY-MM-DD,False
2137,2137,Kids,Shoes,93.35,2023-05-19,2137,Kids,Shoes,93.35,2023-05-19,False,False,False,False,False,False,valid,YYYY-MM-DD,False
2138,2138,Women,Jeans,237.96,2017-06-20,2138,Women,Jeans,237.96,2017.06.20,False,False,False,False,False,False,valid,YYYY-MM-DD,False
2139,2139,Kids,Sleepwear,83.36,2017-09-25,2139,Kids,Sleepwear,83.36,2017-09-25,False,False,False,False,False,False,valid,YYYY-MM-DD,False
2140,2140,Kids,Shoes,100.52,2024-07-27,2140,Kids,Shoes,100.52,2024-07-27,False,False,False,False,False,False,valid,YYYY-MM-DD,False
2141,2141,Shoes,Loafers,247.82,2021-07-16,2141,Shoes,Loafers,247.82,2021.07.16,False,False,False,False,False,False,valid,YYYY-MM-DD,False
2142,2142,Accessories,Bags,165.05,2016-11-26,2142,Accessories,Bags,165.05,2016-11-26,False,False,False,False,False,False,valid,YYYY-MM-DD,False
2143,2143,Accessories,Jewelry,68.8,2023-09-07,2143,Accessories,Jewelry,68.8,07-09-2023,False,False,False,False,False,False,valid,DD-MM-YYYY,True
2144,2144,Shoes,Sneakers,194.79,2016-10-31,2144,Shoes,Sneakers,194.79,31/10/2016,False,False,False,False,False,False,valid,DD-MM-YYYY,False
2145,2145,Men,Shirts,193.94,2016-08-15,2145,Men,Shirts,193.94,2016-08-15,False,False,False,False,False,False,valid,YYYY-MM-DD,False
2146,2146,Kids,Outerwear,124.78,2019-06-14,2146,Kids,Outerwear,124.78,2019/06/14,False,False,False,False,False,False,valid,YYYY-MM-DD,False
2147,2147,Women,Activewear,190.8,2021-11-30,2147,Women,Activewear,190.8,2021-11-30,False,False,False,False,False,False,valid,YYYY-MM-DD,False
2148,2148,Accessories,Bags,111.22,2016-11-22,2148,Accessories,Bags,111.22,2016-11-22,False,False,False,False,False,False,valid,YYYY-MM-DD,False
2149,2149,Accessories,Belts,142.71,2022-07-14,2149,Accessories,Belts,142.71,2022/07/14,False,False,False,False,False,False,valid,YYYY-MM-DD,False
2150,2150,Accessories,Belts,146.06,2016-07-26,2150,Accessories,Belts,146.06,2016-07-26,False,False,False,False,False,False,valid,YYYY-MM-DD,False
2151,2151,Men,Outerwear,145.61,2022-10-26,2151,Men,Outerwear,145.61,2022.10.26,False,False,False,False,False,False,valid,YYYY-MM-DD,False
2152,2152,Men,T-Shirts,173.21,2015-12-17,2152,Men,T-Shirts,173.21,2015-12-17,False,False,False,False,False,False,valid,YYYY-MM-DD,False
2153,2153,Accessories,Belts,155.42,2019-08-24,2153,Accessories,Belts,155.42,2019-08-24,False,False,False,False,False,False,valid,YYYY-MM-DD,False
2154,2154,Kids,Bottoms,132.54,2021-05-27,2154,Kids,Bottoms,132.54,2021-05-27,False,False,False,False,False,False,valid,YYYY-MM-DD,False
2155,2155,Shoes,Sneakers,260.84,2017-08-28,2155,Shoes,Sneakers,260.84,2017-08-28,False,False,False,False,False,False,valid,YYYY-MM-DD,False
2156,2156,Kids,Tops,90.99,2021-02-13,2156,Kids,Tops,90.99,2021.02.13,False,False,False,False,False,False,valid,YYYY-MM-DD,False
2157,2157,Kids,Tops,88.78,2021-11-20,2157,Kids,Tops,88.78,2021.11.20,False,False,False,False,False,False,valid,YYYY-MM-DD,False
2158,2158,Shoes,Heels,250.66,2021-07-03,2158,Shoes,Heels,250.66,2021/07/03,False,False,False,False,False,False,valid,YYYY-MM-DD,False
2159,2159,Accessories,Hats,116.53,2018-12-20,2159,Accessories,Hats,116.53,2018-12-20,False,False,False,False,False,False,valid,YYYY-MM-DD,False
2160,2160,Men,Outerwear,167.59,2022-09-25,2160,Men,Outerwear,167.59,25-09-2022,False,False,False,False,False,False,valid,DD-MM-YYYY,False
2161,2161,Accessories,Jewelry,88.26,2022-04-26,2161,Accessories,Jewelry,88.26,2022-04-26,False,False,False,False,False,False,valid,YYYY-MM-DD,False
2162,2162,Men,Activewear,211.88,2018-04-07,2162,Men,Activewear,211.88,07-04-2018,False,False,False,False,False,False,valid,DD-MM-YYYY,True
2163,2163,Kids,Tops,64.35,2022-05-03,2163,Kids,Tops,64.35,2022/05/03,False,False,False,False,False,False,valid,YYYY-MM-DD,False
2164,2164,Accessories,Belts,107.04,2024-03-09,2164,Accessories,Belts,107.04,2024-03-09,False,False,False,False,False,False,valid,YYYY-MM-DD,False
2165,2165,Accessories,Belts,122.93,2023-03-03,2165,Accessories,Belts,122.93,2023-03-03,False,False,False,False,False,False,valid,YYYY-MM-DD,False
2166,2166,Accessories,Jewelry,179.73,2022-05-02,2166,Accessories,Jewelry,179.73,2022-05-02,False,False,False,False,False,False,valid,YYYY-MM-DD,False
2167,2167,Men,Jeans,143.09,2022-09-01,2167,Men,Jeans,143.09,2022-09-01,False,False,False,False,False,False,valid,YYYY-MM-DD,False
2168,2168,Accessories,Bags,100.02,2023-01-18,2168,Accessories,Bags,100.02,18-01-2023,False,False,False,False,False,False,valid,DD-MM-YYYY,False
2169,2169,Accessories,Scarves,103.48,2017-11-22,2169,Accessories,Scarves,103.48,2017/11/22,False,False,False,False,False,False,valid,YYYY-MM-DD,False
2170,2170,Accessories,Hats,169.77,2022-03-18,2170,Accessories,Hats,169.77,2022-03-18,False,False,False,False,False,False,valid,YYYY-MM-DD,False
2171,2171,Women,Dresses,53.44,2016-12-29,2171,Women,Dresses,53.44,2016/12/29,False,False,False,False,False,False,valid,YYYY-MM-DD,False
2172,2172,Shoes,Sandals,164.85,2018-08-02,2172,Shoes,Sandals,164.85,2018-08-02,False,False,False,False,False,False,valid,YYYY-MM-DD,False
2173,2173,Accessories,Belts,201.94,2024-05-06,2173,Accessories,Belts,201.94,2024-05-06,False,False,False,False,False,False,valid,YYYY-MM-DD,False
2174,2174,Shoes,Loafers,252.5,2017-10-30,2174,Shoes,Loafers,252.5,2017/10/30,False,False,False,False,False,False,valid,YYYY-MM-DD,False
2175,2175,Men,Suits,115.76,2023-06-09,2175,Men,Suits,115.76,2023-06-09,False,False,False,False,False,False,valid,YYYY-MM-DD,False
2176,2176,Shoes,Boots,217.69,2019-03-24,2176,Shoes,Boots,217.69,2019-03-24,False,False,False,False,False,False,valid,YYYY-MM-DD,False
2177,2177,Women,Outerwear,183.04,2017-02-05,2177,Women,Outerwear,183.04,2017/02/05,False,False,False,False,False,False,valid,YYYY-MM-DD,False
2178,2178,Kids,Outerwear,109.04,2015-12-21,2178,Kids,Outerwear,109.04,21-12-2015,False,False,False,False,False,False,valid,DD-MM-YYYY,False
2179,2179,Shoes,Sandals,321.17,2020-06-25,2179,Shoes,Sandals,321.17,2020-06-25,False,False,False,False,False,False,valid,YYYY-MM-DD,False
2180,2180,Kids,Tops,98.74,2019-07-07,2180,Kids,Tops,98.74,2019-07-07,False,False,False,False,False,False,valid,YYYY-MM-DD,False
2181,2181,Shoes,Boots,190.31,2020-02-11,2181,Shoes,Boots,190.31,2020/02/11,False,False,False,False,False,False,valid,YYYY-MM-DD,False
2182,2182,Men,Jeans,191.48,2015-06-07,2182,Men,Jeans,191.48,07-06-2015,False,False,False,False,False,False,valid,DD-MM-YYYY,True
2183,2183,Shoes,Sandals,181.6,2017-09-06,2183,Shoes,Sandals,181.6,2017-09-06,False,False,False,False,False,False,valid,YYYY-MM-DD,False
2184,2184,Shoes,Sneakers,163.17,2015-01-15,2184,Shoes,Sneakers,163.17,2015-01-15,False,False,False,False,False,False,valid,YYYY-MM-DD,False
2185,2185,Shoes,Heels,123.21,2018-01-09,2185,Shoes,Heels,123.21,2018.01.09,False,False,False,False,False,False,valid,YYYY-MM-DD,False
2186,2186,Men,Suits,97.39,2024-04-25,2186,Men,Suits,97.39,2024-04-25,False,False,False,False,False,False,valid,YYYY-MM-DD,False
2187,2187,Men,T-Shirts,124.14,2016-07-10,2187,Men,T-Shirts,124.14,10-07-2016,False,False,False,False,False,False,valid,DD-MM-YYYY,True
2188,2188,Men,Jeans,112.89,2021-11-23,2188,Men,Jeans,112.89,2021-11-23,False,False,False,False,False,False,valid,YYYY-MM-DD,False
2189,2189,Kids,Tops,97.05,2015-01-22,2189,Kids,Tops,97.05,2015-01-22,False,False,False,False,False,False,valid,YYYY-MM-DD,False
2190,2190,Kids,Sleepwear,63.01,2020-08-14,2190,Kids,Sleepwear,63.01,2020.08.14,False,False,False,False,False,False,valid,YYYY-MM-DD,False
2191,2191,Men,Shirts,34.25,2024-03-18,2191,Men,Shirts,34.25,2024-03-18,False,False,False,False,False,False,valid,YYYY-MM-DD,False
2192,2192,Kids,Tops,66.51,2018-05-31,2192,Kids,Tops,66.51,2018.05.31,False,False,False,False,False,False,valid,YYYY-MM-DD,False
2193,2193,Men,T-Shirts,141.13,2016-12-21,2193,Men,T-Shirts,141.13,2016-12-21,False,False,False,False,False,False,valid,YYYY-MM-DD,False
2194,2194,Men,T-Shirts,135.78,2020-09-15,2194,Men,T-Shirts,135.78,2020-09-15,False,False,False,False,False,False,valid,YYYY-MM-DD,False
2195,2195,Shoes,Sandals,303.57,2017-10-15,2195,Shoes,Sandals,303.57,15-10-2017,False,False,False,False,False,False,valid,DD-MM-YYYY,False
2196,2196,Accessories,Jewelry,101.59,2023-12-01,2196,Accessories,Jewelry,101.59,2023-12-01,False,False,False,False,False,False,valid,YYYY-MM-DD,False
2197,2197,Men,Shirts,195.24,2023-06-29,2197,Men,Shirts,195.24,29/06/2023,False,False,False,False,False,False,valid,DD-MM-YYYY,False
2198,2198,Accessories,Bags,119.43,2021-07-11,2198,Accessories,Bags,119.43,2021/07/11,False,False,False,False,False,False,valid,YYYY-MM-DD,False
2199,2199,Kids,Bottoms,89.05,2021-05-23,2199,Kids,Bottoms,89.05,23/05/2021,False,False,False,False,False,False,valid,DD-MM-YYYY,False
2200,2200,Women,Dresses,142.41,2021-01-09,2200,Women,Dresses,142.41,2021-01-09,False,False,False,False,False,False,valid,YYYY-MM-DD,False
2201,2201,Men,T-Shirts,157.65,2022-05-10,2201,Men,T-Shirts,157.65,2022/05/10,False,False,False,False,False,False,valid,YYYY-MM-DD,False
2202,2202,Women,Dresses,145.57,2019-08-09,2202,Women,Dresses,145.57,09-08-2019,False,False,False,False,False,False,valid,DD-MM-YYYY,True
2203,2203,Women,Outerwear,187.65,2024-09-12,2203,Women,Outerwear,187.65,2024/09/12,False,False,False,False,False,False,valid,YYYY-MM-DD,False
2204,2204,Men,T-Shirts,150.55,2018-06-16,2204,Men,T-Shirts,150.55,2018-06-16,False,False,False,False,False,False,valid,YYYY-MM-DD,False
2205,2205,Kids,Sleepwear,68.75,2015-02-02,2205,Kids,Sleepwear,68.75,2015-02-02,False,False,False,False,False,False,valid,YYYY-MM-DD,False
2206,2206,Shoes,Boots,274.55,2021-12-26,2206,Shoes,Boots,274.55,2021/12/26,False,False,False,False,False,False,valid,YYYY-MM-DD,False
2207,2207,Women,Jeans,199.21,2021-08-16,2207,Women,Jeans,199.21,16-08-2021,False,False,False,False,False,False,valid,DD-MM-YYYY,False
2208,2208,Accessories,Hats,106.56,2024-10-23,2208,Accessories,Hats,106.56,2024-10-23,False,False,False,False,False,False,valid,YYYY-MM-DD,False
2209,2209,Men,Suits,165.82,2018-12-15,2209,Men,Suits,165.82,2018/12/15,False,False,False,False,False,False,valid,YYYY-MM-DD,False
2210,2210,Women,Jeans,176.23,2019-04-01,2210,Women,Jeans,176.23,2019-04-01,False,False,False,False,False,False,valid,YYYY-MM-DD,False
2211,2211,Shoes,Boots,172.28,2020-08-14,2211,Shoes,Boots,172.28,2020-08-14,False,False,False,False,False,False,valid,YYYY-MM-DD,False
2212,2212,Shoes,Sandals,223.88,,2212,Shoes,Sandals,223.88,2024-13-40,False,False,False,False,False,False,invalid,unsupported_or_invalid,False
2213,2213,Shoes,Loafers,185.84,2022-11-07,2213,Shoes,Loafers,185.84,2022-11-07,False,False,False,False,False,False,valid,YYYY-MM-DD,False
2214,2214,Women,Jeans,137.48,2019-04-13,2214,Women,Jeans,137.48,2019-04-13,False,False,False,False,False,False,valid,YYYY-MM-DD,False
2215,2215,Women,Dresses,106.98,2022-11-02,2215,Women,Dresses,106.98,2022-11-02,False,False,False,False,False,False,valid,YYYY-MM-DD,False
2216,2216,Men,Activewear,145.66,2019-04-04,2216,Men,Activewear,145.66,2019-04-04,False,False,False,False,False,False,valid,YYYY-MM-DD,False
2217,2217,Kids,Shoes,102.76,2017-04-02,2217,Kids,Shoes,102.76,2017-04-02,False,False,False,False,False,False,valid,YYYY-MM-DD,False
2218,2218,Accessories,Jewelry,99.16,2024-11-27,2218,Accessories,Jewelry,99.16,2024.11.27,False,False,False,False,False,False,valid,YYYY-MM-DD,False
2219,2219,Men,Outerwear,260.83,2020-04-07,2219,Men,Outerwear,260.83,2020-04-07,False,False,False,False,False,False,valid,YYYY-MM-DD,False
2220,2220,Women,Dresses,219.86,2022-01-25,2220,Women,Dresses,219.86,2022-01-25,False,False,False,False,False,False,valid,YYYY-MM-DD,False
2221,2221,Accessories,Hats,159.13,2020-11-29,2221,Accessories,Hats,159.13,2020-11-29,False,False,False,False,False,False,valid,YYYY-MM-DD,False
2222,2222,Women,Activewear,215.79,2018-08-05,2222,Women,Activewear,215.79,05-08-2018,False,False,False,False,False,False,valid,DD-MM-YYYY,True
2223,2223,Women,Lingerie,263.38,2024-09-21,2223,Women,Lingerie,263.38,2024/09/21,False,False,False,False,False,False,valid,YYYY-MM-DD,False
2224,2224,Kids,Tops,72.29,2018-09-19,2224,Kids,Tops,72.29,19-09-2018,False,False,False,False,False,False,valid,DD-MM-YYYY,False
2225,2225,Kids,Bottoms,32.38,2024-12-06,2225,Kids,Bottoms,32.38,2024-12-06,False,False,False,False,False,False,valid,YYYY-MM-DD,False
2226,2226,Shoes,Heels,195.46,2019-04-23,2226,Shoes,Heels,195.46,23-04-2019,False,False,False,False,False,False,valid,DD-MM-YYYY,False
2227,2227,Accessories,Bags,136.75,2015-03-24,2227,Accessories,Bags,136.75,2015-03-24,False,False,False,False,False,False,valid,YYYY-MM-DD,False
2228,2228,Accessories,Jewelry,124.55,2015-05-15,2228,Accessories,Jewelry,124.55,2015/05/15,False,False,False,False,False,False,valid,YYYY-MM-DD,False
2229,2229,Men,Shirts,171.02,2024-09-26,2229,Men,Shirts,171.02,2024-09-26,False,False,False,False,False,False,valid,YYYY-MM-DD,False
2230,2230,Accessories,Scarves,159.63,2020-04-12,2230,Accessories,Scarves,159.63,12-04-2020,False,False,False,False,False,False,valid,DD-MM-YYYY,True
2231,2231,Shoes,Loafers,241.01,2018-11-17,2231,Shoes,Loafers,241.01,2018/11/17,False,False,False,False,False,False,valid,YYYY-MM-DD,False
2232,2232,Women,Activewear,215.95,2023-02-11,2232,Women,Activewear,215.95,2023-02-11,False,False,False,False,False,False,valid,YYYY-MM-DD,False
2233,2233,Accessories,Scarves,91.81,2021-03-04,2233,Accessories,Scarves,91.81,2021-03-04,False,False,False,False,False,False,valid,YYYY-MM-DD,False
2234,2234,Women,Tops,130.71,2021-08-10,2234,Women,Tops,130.71,10/08/2021,False,False,False,False,False,False,valid,DD-MM-YYYY,True
2235,2235,Kids,Shoes,126.32,2021-11-08,2235,Kids,Shoes,126.32,2021/11/08,False,False,False,False,False,False,valid,YYYY-MM-DD,False
2236,2236,Shoes,Heels,225.55,2016-12-25,2236,Shoes,Heels,225.55,25-12-2016,False,False,False,False,False,False,valid,DD-MM-YYYY,False
2237,2237,Men,Shirts,135.07,2015-11-19,2237,Men,Shirts,135.07,2015-11-19,False,False,False,False,False,False,valid,YYYY-MM-DD,False
2238,2238,Men,Outerwear,135.14,2022-04-13,2238,Men,Outerwear,135.14,2022/04/13,False,False,False,False,False,False,valid,YYYY-MM-DD,False
2239,2239,Kids,Bottoms,75.39,2015-03-21,2239,Kids,Bottoms,75.39,2015-03-21,False,False,False,False,False,False,valid,YYYY-MM-DD,False
2240,2240,Accessories,Hats,98.73,2022-03-13,2240,Accessories,Hats,98.73,2022-03-13,False,False,False,False,False,False,valid,YYYY-MM-DD,False
2241,2241,Men,Jeans,108.67,2016-04-19,2241,Men,Jeans,108.67,2016-04-19,False,False,False,False,False,False,valid,YYYY-MM-DD,False
2242,2242,Shoes,Heels,137.48,2017-08-17,2242,Shoes,Heels,137.48,2017-08-17,False,False,False,False,False,False,valid,YYYY-MM-DD,False
2243,2243,Kids,Outerwear,85.61,2022-01-29,2243,Kids,Outerwear,85.61,29/01/2022,False,False,False,False,False,False,valid,DD-MM-YYYY,False
2244,2244,Women,Tops,153.32,2021-03-25,2244,Women,Tops,153.32,2021/03/25,False,False,False,False,False,False,valid,YYYY-MM-DD,False
2245,2245,Shoes,Sandals,280.89,2022-10-25,2245,Shoes,Sandals,280.89,2022/10/25,False,False,False,False,False,False,valid,YYYY-MM-DD,False
2246,2246,Accessories,Belts,128.79,2021-02-09,2246,Accessories,Belts,128.79,2021-02-09,False,False,False,False,False,False,valid,YYYY-MM-DD,False
2247,2247,Kids,Sleepwear,95.97,2015-06-24,2247,Kids,Sleepwear,95.97,2015/06/24,False,False,False,False,False,False,valid,YYYY-MM-DD,False
2248,2248,Women,Tops,146.56,2023-05-26,2248,Women,Tops,146.56,2023-05-26,False,False,False,False,False,False,valid,YYYY-MM-DD,False
2249,2249,Women,Lingerie,174.55,2017-02-27,2249,Women,Lingerie,174.55,2017-02-27,False,False,False,False,False,False,valid,YYYY-MM-DD,False
2250,2250,Kids,Bottoms,98.12,2016-05-12,2250,Kids,Bottoms,98.12,2016/05/12,False,False,False,False,False,False,valid,YYYY-MM-DD,False
2251,2251,Kids,Tops,106.11,2023-10-15,2251,Kids,Tops,106.11,2023.10.15,False,False,False,False,False,False,valid,YYYY-MM-DD,False
2252,2252,Kids,Tops,87.89,2016-12-12,2252,Kids,Tops,87.89,2016-12-12,False,False,False,False,False,False,valid,YYYY-MM-DD,False
2253,2253,Men,Suits,203.16,2020-05-12,2253,Men,Suits,203.16,2020/05/12,False,False,False,False,False,False,valid,YYYY-MM-DD,False
2254,2254,Kids,Shoes,90.18,2019-11-11,2254,Kids,Shoes,90.18,2019-11-11,False,False,False,False,False,False,valid,YYYY-MM-DD,False
2255,2255,Men,Jeans,191.71,2022-09-12,2255,Men,Jeans,191.71,2022-09-12,False,False,False,False,False,False,valid,YYYY-MM-DD,False
2256,2256,Shoes,Sandals,193.06,2015-06-11,2256,Shoes,Sandals,193.06,2015-06-11,False,False,False,False,False,False,valid,YYYY-MM-DD,False
2257,2257,Shoes,Heels,120.31,2016-01-25,2257,Shoes,Heels,120.31,2016/01/25,False,False,False,False,False,False,valid,YYYY-MM-DD,False
2258,2258,Shoes,Sneakers,234.76,2019-02-27,2258,Shoes,Sneakers,234.76,2019/02/27,False,False,False,False,False,False,valid,YYYY-MM-DD,False
2259,2259,Women,Jeans,212.64,2019-09-25,2259,Women,Jeans,212.64,25-09-2019,False,False,False,False,False,False,valid,DD-MM-YYYY,False
2260,2260,Accessories,Scarves,137.26,2022-11-19,2260,Accessories,Scarves,137.26,2022.11.19,False,False,False,False,False,False,valid,YYYY-MM-DD,False
2261,2261,Women,Lingerie,199.0,2021-01-21,2261,Women,Lingerie,199.0,2021-01-21,False,False,False,False,False,False,valid,YYYY-MM-DD,False
2262,2262,Accessories,Jewelry,109.54,2016-06-27,2262,Accessories,Jewelry,109.54,2016-06-27,False,False,False,False,False,False,valid,YYYY-MM-DD,False
2263,2263,Women,Dresses,143.7,2024-10-15,2263,Women,Dresses,143.7,2024/10/15,False,False,False,False,False,False,valid,YYYY-MM-DD,False
2264,2264,Kids,Bottoms,102.41,2019-08-08,2264,Kids,Bottoms,102.41,2019-08-08,False,False,False,False,False,False,valid,YYYY-MM-DD,False
2265,2265,Women,Jeans,199.19,2024-08-24,2265,Women,Jeans,199.19,24-08-2024,False,False,False,False,False,False,valid,DD-MM-YYYY,False
2266,2266,Women,Dresses,154.76,2024-11-24,2266,Women,Dresses,154.76,2024-11-24,False,False,False,False,False,False,valid,YYYY-MM-DD,False
2267,2267,Shoes,Heels,281.02,2015-07-08,2267,Shoes,Heels,281.02,2015-07-08,False,False,False,False,False,False,valid,YYYY-MM-DD,False
2268,2268,Shoes,Sneakers,171.44,2020-01-23,2268,Shoes,Sneakers,171.44,2020-01-23,False,False,False,False,False,False,valid,YYYY-MM-DD,False
2269,2269,Women,Dresses,153.74,2019-03-22,2269,Women,Dresses,153.74,22-03-2019,False,False,False,False,False,False,valid,DD-MM-YYYY,False
2270,2270,Accessories,Bags,169.09,2019-12-26,2270,Accessories,Bags,169.09,2019/12/26,False,False,False,False,False,False,valid,YYYY-MM-DD,False
2271,2271,Men,Jeans,194.74,2018-02-06,2271,Men,Jeans,194.74,2018-02-06,False,False,False,False,False,False,valid,YYYY-MM-DD,False
2272,2272,Men,Suits,145.68,2020-08-03,2272,Men,Suits,145.68,2020-08-03,False,False,False,False,False,False,valid,YYYY-MM-DD,False
2273,2273,Men,Jeans,171.5,2019-12-03,2273,Men,Jeans,171.5,03/12/2019,False,False,False,False,False,False,valid,DD-MM-YYYY,True
2274,2274,Kids,Shoes,93.48,2016-11-10,2274,Kids,Shoes,93.48,2016/11/10,False,False,False,False,False,False,valid,YYYY-MM-DD,False
2275,2275,Women,Tops,56.45,2017-11-19,2275,Women,Tops,56.45,2017-11-19,False,False,False,False,False,False,valid,YYYY-MM-DD,False
2276,2276,Kids,Tops,69.6,2016-06-21,2276,Kids,Tops,69.6,2016.06.21,False,False,False,False,False,False,valid,YYYY-MM-DD,False
2277,2277,Men,Outerwear,157.97,2023-06-09,2277,Men,Outerwear,157.97,2023-06-09,False,False,False,False,False,False,valid,YYYY-MM-DD,False
2278,2278,Women,Activewear,163.95,2021-10-10,2278,Women,Activewear,163.95,2021-10-10,False,False,False,False,False,False,valid,YYYY-MM-DD,False
2279,2279,Men,Shirts,169.88,2018-11-16,2279,Men,Shirts,169.88,2018-11-16,False,False,False,False,False,False,valid,YYYY-MM-DD,False
2280,2280,Shoes,Sneakers,282.12,2018-12-16,2280,Shoes,Sneakers,282.12,2018.12.16,False,False,False,False,False,False,valid,YYYY-MM-DD,False
2281,2281,Shoes,Loafers,202.32,2015-10-16,2281,Shoes,Loafers,202.32,2015-10-16,False,False,False,False,False,False,valid,YYYY-MM-DD,False
2282,2282,Men,Activewear,117.69,2017-11-25,2282,Men,Activewear,117.69,2017-11-25,False,False,False,False,False,False,valid,YYYY-MM-DD,False
2283,2283,Men,Outerwear,172.99,2024-03-30,2283,Men,Outerwear,172.99,2024-03-30,False,False,False,False,False,False,valid,YYYY-MM-DD,False
2284,2284,Shoes,Sandals,202.04,2015-04-25,2284,Shoes,Sandals,202.04,2015-04-25,False,False,False,False,False,False,valid,YYYY-MM-DD,False
2285,2285,Shoes,Loafers,211.42,2016-06-17,2285,Shoes,Loafers,211.42,2016-06-17,False,False,False,False,False,False,valid,YYYY-MM-DD,False
2286,2286,Accessories,Belts,111.25,2023-06-18,2286,Accessories,Belts,111.25,2023-06-18,False,False,False,False,False,False,valid,YYYY-MM-DD,False
2287,2287,Accessories,Hats,187.26,2020-03-15,2287,Accessories,Hats,187.26,2020-03-15,False,False,False,False,False,False,valid,YYYY-MM-DD,False
2288,2288,Accessories,Bags,52.78,2015-04-29,2288,Accessories,Bags,52.78,2015-04-29,False,False,False,False,False,False,valid,YYYY-MM-DD,False
2289,2289,Accessories,Belts,108.35,2019-11-25,2289,Accessories,Belts,108.35,2019/11/25,False,False,False,False,False,False,valid,YYYY-MM-DD,False
2290,2290,Kids,Outerwear,89.92,2022-07-02,2290,Kids,Outerwear,89.92,2022-07-02,False,False,False,False,False,False,valid,YYYY-MM-DD,False
2291,2291,Men,Jeans,128.75,2018-06-14,2291,Men,Jeans,128.75,2018.06.14,False,False,False,False,False,False,valid,YYYY-MM-DD,False
2292,2292,Men,T-Shirts,195.99,2018-10-27,2292,Men,T-Shirts,195.99,2018-10-27,False,False,False,False,False,False,valid,YYYY-MM-DD,False
2293,2293,Men,T-Shirts,192.53,2021-04-25,2293,Men,T-Shirts,192.53,2021-04-25,False,False,False,False,False,False,valid,YYYY-MM-DD,False
2294,2294,Shoes,Boots,217.37,2020-12-27,2294,Shoes,Boots,217.37,2020/12/27,False,False,False,False,False,False,valid,YYYY-MM-DD,False
2295,2295,Shoes,Boots,205.11,2024-01-12,2295,Shoes,Boots,205.11,2024/01/12,False,False,False,False,False,False,valid,YYYY-MM-DD,False
2296,2296,Accessories,Bags,116.64,2017-06-23,2296,Accessories,Bags,116.64,2017/06/23,False,False,False,False,False,False,valid,YYYY-MM-DD,False
2297,2297,Women,Outerwear,175.28,2017-10-05,2297,Women,Outerwear,175.28,2017-10-05,False,False,False,False,False,False,valid,YYYY-MM-DD,False
2298,2298,Kids,Tops,88.24,2016-07-21,2298,Kids,Tops,88.24,2016-07-21,False,False,False,False,False,False,valid,YYYY-MM-DD,False
2299,2299,Men,Outerwear,152.48,2021-08-25,2299,Men,Outerwear,152.48,2021-08-25,False,False,False,False,False,False,valid,YYYY-MM-DD,False
2300,2300,Accessories,Hats,127.57,2020-05-02,2300,Accessories,Hats,127.57,2020-05-02,False,False,False,False,False,False,valid,YYYY-MM-DD,False
2301,2301,Men,Activewear,190.13,2018-06-21,2301,Men,Activewear,190.13,2018/06/21,False,False,False,False,False,False,valid,YYYY-MM-DD,False
2302,2302,Women,Outerwear,124.64,2021-12-16,2302,Women,Outerwear,124.64,2021-12-16,False,False,False,False,False,False,valid,YYYY-MM-DD,False
2303,2303,Kids,Bottoms,66.36,2018-10-08,2303,Kids,Bottoms,66.36,2018-10-08,False,False,False,False,False,False,valid,YYYY-MM-DD,False
2304,2304,Accessories,Scarves,67.54,2016-12-15,2304,Accessories,Scarves,67.54,2016/12/15,False,False,False,False,False,False,valid,YYYY-MM-DD,False
2305,2305,Accessories,Scarves,145.99,2020-05-26,2305,Accessories,Scarves,145.99,26-05-2020,False,False,False,False,False,False,valid,DD-MM-YYYY,False
2306,2306,Women,Activewear,191.26,2019-05-14,2306,Women,Activewear,191.26,2019-05-14,False,False,False,False,False,False,valid,YYYY-MM-DD,False
2307,2307,Men,Outerwear,180.21,2019-01-20,2307,Men,Outerwear,180.21,2019/01/20,False,False,False,False,False,False,valid,YYYY-MM-DD,False
2308,2308,Women,Lingerie,115.67,2019-06-13,2308,Women,Lingerie,115.67,13-06-2019,False,False,False,False,False,False,valid,DD-MM-YYYY,False
2309,2309,Men,Outerwear,231.4,2024-02-22,2309,Men,Outerwear,231.4,2024/02/22,False,False,False,False,False,False,valid,YYYY-MM-DD,False
2310,2310,Kids,Shoes,76.3,2017-02-27,2310,Kids,Shoes,76.3,2017/02/27,False,False,False,False,False,False,valid,YYYY-MM-DD,False
2311,2311,Men,Jeans,166.73,2017-10-04,2311,Men,Jeans,166.73,2017-10-04,False,False,False,False,False,False,valid,YYYY-MM-DD,False
2312,2312,Women,Tops,218.45,2020-08-26,2312,Women,Tops,218.45,2020-08-26,False,False,False,False,False,False,valid,YYYY-MM-DD,False
2313,2313,Kids,Outerwear,67.79,2015-06-20,2313,Kids,Outerwear,67.79,2015-06-20,False,False,False,False,False,False,valid,YYYY-MM-DD,False
2314,2314,Women,Outerwear,155.42,2016-06-17,2314,Women,Outerwear,155.42,2016-06-17,False,False,False,False,False,False,valid,YYYY-MM-DD,False
2315,2315,Men,Suits,167.17,2020-08-30,2315,Men,Suits,167.17,2020/08/30,False,False,False,False,False,False,valid,YYYY-MM-DD,False
2316,2316,Women,Tops,308.59,2020-02-06,2316,Women,Tops,308.59,2020-02-06,False,False,False,False,False,False,valid,YYYY-MM-DD,False
2317,2317,Women,Lingerie,193.55,2021-07-12,2317,Women,Lingerie,193.55,12-07-2021,False,False,False,False,False,False,valid,DD-MM-YYYY,True
2318,2318,Kids,Bottoms,126.14,,2318,Kids,Bottoms,126.14,not_a_date,False,False,False,False,False,False,invalid,unsupported_or_invalid,False
2319,2319,Accessories,Hats,156.17,2023-07-17,2319,Accessories,Hats,156.17,2023-07-17,False,False,False,False,False,False,valid,YYYY-MM-DD,False
2320,2320,Shoes,Loafers,240.24,2019-11-09,2320,Shoes,Loafers,240.24,2019-11-09,False,False,False,False,False,False,valid,YYYY-MM-DD,False
2321,2321,Women,Outerwear,135.49,2016-07-20,2321,Women,Outerwear,135.49,2016-07-20,False,False,False,False,False,False,valid,YYYY-MM-DD,False
2322,2322,Women,Activewear,227.69,2018-02-12,2322,Women,Activewear,227.69,2018/02/12,False,False,False,False,False,False,valid,YYYY-MM-DD,False
2323,2323,Men,T-Shirts,100.08,2017-04-10,2323,Men,T-Shirts,100.08,10-04-2017,False,False,False,False,False,False,valid,DD-MM-YYYY,True
2324,2324,Shoes,Loafers,308.05,2019-07-11,2324,Shoes,Loafers,308.05,2019-07-11,False,False,False,False,False,False,valid,YYYY-MM-DD,False
2325,2325,Shoes,Heels,231.0,2019-09-11,2325,Shoes,Heels,231.0,2019-09-11,False,False,False,False,False,False,valid,YYYY-MM-DD,False
2326,2326,Accessories,Hats,40.49,2019-05-04,2326,Accessories,Hats,40.49,2019-05-04,False,False,False,False,False,False,valid,YYYY-MM-DD,False
2327,2327,Men,Jeans,146.38,2019-08-12,2327,Men,Jeans,146.38,12-08-2019,False,False,False,False,False,False,valid,DD-MM-YYYY,True
2328,2328,Women,Outerwear,209.43,2024-01-30,2328,Women,Outerwear,209.43,2024/01/30,False,False,False,False,False,False,valid,YYYY-MM-DD,False
2329,2329,Women,Lingerie,169.33,2024-08-04,2329,Women,Lingerie,169.33,2024-08-04,False,False,False,False,False,False,valid,YYYY-MM-DD,False
2330,2330,Women,Jeans,212.18,2019-11-25,2330,Women,Jeans,212.18,2019-11-25,False,False,False,False,False,False,valid,YYYY-MM-DD,False
2331,2331,Women,Jeans,141.75,2024-08-18,2331,Women,Jeans,141.75,2024-08-18,False,False,False,False,False,False,valid,YYYY-MM-DD,False
2332,2332,Accessories,Bags,80.82,2023-03-09,2332,Accessories,Bags,80.82,2023-03-09,False,False,False,False,False,False,valid,YYYY-MM-DD,False
2333,2333,Men,Outerwear,157.14,2023-03-15,2333,Men,Outerwear,157.14,2023-03-15,False,False,False,False,False,False,valid,YYYY-MM-DD,False
2334,2334,Accessories,Belts,120.95,2017-04-04,2334,Accessories,Belts,120.95,2017/04/04,False,False,False,False,False,False,valid,YYYY-MM-DD,False
2335,2335,Kids,Shoes,82.16,,2335,Kids,Shoes,82.16,,False,False,False,False,False,False,missing,missing,False
2336,2336,Kids,Outerwear,117.61,2018-07-10,2336,Kids,Outerwear,117.61,2018.07.10,False,False,False,False,False,False,valid,YYYY-MM-DD,False
2337,2337,Kids,Tops,70.87,2015-12-19,2337,Kids,Tops,70.87,2015-12-19,False,False,False,False,False,False,valid,YYYY-MM-DD,False
2338,2338,Accessories,Bags,129.39,2015-10-02,2338,Accessories,Bags,129.39,2015/10/02,False,False,False,False,False,False,valid,YYYY-MM-DD,False
2339,2339,Women,Lingerie,183.06,2021-03-23,2339,Women,Lingerie,183.06,23/03/2021,False,False,False,False,False,False,valid,DD-MM-YYYY,False
2340,2340,Women,Lingerie,109.95,2019-03-17,2340,Women,Lingerie,109.95,2019/03/17,False,False,False,False,False,False,valid,YYYY-MM-DD,False
2341,2341,Kids,Sleepwear,60.32,2023-04-05,2341,Kids,Sleepwear,60.32,2023-04-05,False,False,False,False,False,False,valid,YYYY-MM-DD,False
2342,2342,Men,Shirts,160.48,2021-09-08,2342,Men,Shirts,160.48,2021/09/08,False,False,False,False,False,False,valid,YYYY-MM-DD,False
2343,2343,Kids,Tops,134.58,2015-11-08,2343,Kids,Tops,134.58,2015-11-08,False,False,False,False,False,False,valid,YYYY-MM-DD,False
2344,2344,Shoes,Sneakers,251.86,2023-05-20,2344,Shoes,Sneakers,251.86,2023-05-20,False,False,False,False,False,False,valid,YYYY-MM-DD,False
2345,2345,Kids,Sleepwear,51.17,2019-12-18,2345,Kids,Sleepwear,51.17,2019.12.18,False,False,False,False,False,False,valid,YYYY-MM-DD,False
2346,2346,Men,Suits,35.58,2020-08-29,2346,Men,Suits,35.58,2020-08-29,False,False,False,False,False,False,valid,YYYY-MM-DD,False
2347,2347,Men,T-Shirts,189.32,2024-08-28,2347,Men,T-Shirts,189.32,28-08-2024,False,False,False,False,False,False,valid,DD-MM-YYYY,False
2348,2348,Shoes,Sneakers,214.71,2021-05-27,2348,Shoes,Sneakers,214.71,2021-05-27,False,False,False,False,False,False,valid,YYYY-MM-DD,False
2349,2349,Men,Shirts,205.65,2015-03-23,2349,Men,Shirts,205.65,2015-03-23,False,False,False,False,False,False,valid,YYYY-MM-DD,False
2350,2350,Kids,Shoes,70.18,2016-10-09,2350,Kids,Shoes,70.18,2016/10/09,False,False,False,False,False,False,valid,YYYY-MM-DD,False
2351,2351,Kids,Shoes,97.88,2019-04-07,2351,Kids,Shoes,97.88,2019.04.07,False,False,False,False,False,False,valid,YYYY-MM-DD,False
2352,2352,Shoes,Sandals,266.54,2015-05-16,2352,Shoes,Sandals,266.54,2015.05.16,False,False,False,False,False,False,valid,YYYY-MM-DD,False
2353,2353,Shoes,Sneakers,195.39,2016-09-03,2353,Shoes,Sneakers,195.39,2016-09-03,False,False,False,False,False,False,valid,YYYY-MM-DD,False
2354,2354,Kids,Tops,80.41,2022-12-02,2354,Kids,Tops,80.41,2022.12.02,False,False,False,False,False,False,valid,YYYY-MM-DD,False
2355,2355,Men,Shirts,161.01,2016-06-05,2355,Men,Shirts,161.01,05-06-2016,False,False,False,False,False,False,valid,DD-MM-YYYY,True
2356,2356,Men,Suits,181.71,2016-09-02,2356,Men,Suits,181.71,2016-09-02,False,False,False,False,False,False,valid,YYYY-MM-DD,False
2357,2357,Kids,Shoes,89.68,2020-01-18,2357,Kids,Shoes,89.68,2020.01.18,False,False,False,False,False,False,valid,YYYY-MM-DD,False
2358,2358,Men,Activewear,198.96,2015-11-30,2358,Men,Activewear,198.96,2015/11/30,False,False,False,False,False,False,valid,YYYY-MM-DD,False
2359,2359,Shoes,Boots,194.59,2017-07-23,2359,Shoes,Boots,194.59,23/07/2017,False,False,False,False,False,False,valid,DD-MM-YYYY,False
2360,2360,Men,Suits,106.86,2024-05-17,2360,Men,Suits,106.86,2024-05-17,False,False,False,False,False,False,valid,YYYY-MM-DD,False
2361,2361,Shoes,Sneakers,328.73,2021-04-25,2361,Shoes,Sneakers,328.73,25/04/2021,False,False,False,False,False,False,valid,DD-MM-YYYY,False
2362,2362,Shoes,Loafers,186.75,2024-08-20,2362,Shoes,Loafers,186.75,2024-08-20,False,False,False,False,False,False,valid,YYYY-MM-DD,False
2363,2363,Accessories,Jewelry,102.95,2018-07-18,2363,Accessories,Jewelry,102.95,2018/07/18,False,False,False,False,False,False,valid,YYYY-MM-DD,False
2364,2364,Women,Activewear,177.04,2021-03-01,2364,Women,Activewear,177.04,2021-03-01,False,False,False,False,False,False,valid,YYYY-MM-DD,False
2365,2365,Shoes,Loafers,223.69,2017-05-21,2365,Shoes,Loafers,223.69,2017.05.21,False,False,False,False,False,False,valid,YYYY-MM-DD,False
2366,2366,Women,Outerwear,162.6,2018-10-15,2366,Women,Outerwear,162.6,2018-10-15,False,False,False,False,False,False,valid,YYYY-MM-DD,False
2367,2367,Men,Outerwear,159.3,2016-09-30,2367,Men,Outerwear,159.3,30-09-2016,False,False,False,False,False,False,valid,DD-MM-YYYY,False
2368,2368,Women,Tops,178.21,2023-05-02,2368,Women,Tops,178.21,2023-05-02,False,False,False,False,False,False,valid,YYYY-MM-DD,False
2369,2369,Women,Lingerie,187.87,2016-11-03,2369,Women,Lingerie,187.87,2016-11-03,False,False,False,False,False,False,valid,YYYY-MM-DD,False
2370,2370,Women,Activewear,73.91,2017-01-17,2370,Women,Activewear,73.91,2017-01-17,False,False,False,False,False,False,valid,YYYY-MM-DD,False
2371,2371,Women,Tops,264.64,2019-08-22,2371,Women,Tops,264.64,2019-08-22,False,False,False,False,False,False,valid,YYYY-MM-DD,False
2372,2372,Accessories,Jewelry,115.58,2019-04-18,2372,Accessories,Jewelry,115.58,2019-04-18,False,False,False,False,False,False,valid,YYYY-MM-DD,False
2373,2373,Women,Dresses,206.13,2018-02-20,2373,Women,Dresses,206.13,2018-02-20,False,False,False,False,False,False,valid,YYYY-MM-DD,False
2374,2374,Men,Activewear,104.88,2018-07-28,2374,Men,Activewear,104.88,2018-07-28,False,False,False,False,False,False,valid,YYYY-MM-DD,False
2375,2375,Shoes,Sneakers,194.09,,2375,Shoes,Sneakers,194.09,not_a_date,False,False,False,False,False,False,invalid,unsupported_or_invalid,False
2376,2376,Accessories,Scarves,99.83,2024-02-17,2376,Accessories,Scarves,99.83,17-02-2024,False,False,False,False,False,False,valid,DD-MM-YYYY,False
2377,2377,Accessories,Hats,164.09,2020-10-21,2377,Accessories,Hats,164.09,2020/10/21,False,False,False,False,False,False,valid,YYYY-MM-DD,False
2378,2378,Women,Jeans,153.64,2024-03-13,2378,Women,Jeans,153.64,2024-03-13,False,False,False,False,False,False,valid,YYYY-MM-DD,False
2379,2379,Accessories,Scarves,142.74,2024-11-13,2379,Accessories,Scarves,142.74,13-11-2024,False,False,False,False,False,False,valid,DD-MM-YYYY,False
2380,2380,Shoes,Sandals,184.23,2021-07-05,2380,Shoes,Sandals,184.23,2021/07/05,False,False,False,False,False,False,valid,YYYY-MM-DD,False
2381,2381,Women,Jeans,159.63,2023-04-05,2381,Women,Jeans,159.63,2023.04.05,False,False,False,False,False,False,valid,YYYY-MM-DD,False
2382,2382,Kids,Shoes,84.48,2016-02-09,2382,Kids,Shoes,84.48,2016-02-09,False,False,False,False,False,False,valid,YYYY-MM-DD,False
2383,2383,Accessories,Hats,158.52,2024-06-30,2383,Accessories,Hats,158.52,30/06/2024,False,False,False,False,False,False,valid,DD-MM-YYYY,False
2384,2384,Men,Shirts,84.41,2019-10-28,2384,Men,Shirts,84.41,2019-10-28,False,False,False,False,False,False,valid,YYYY-MM-DD,False
2385,2385,Women,Dresses,120.8,2022-02-19,2385,Women,Dresses,120.8,2022/02/19,False,False,False,False,False,False,valid,YYYY-MM-DD,False
2386,2386,Accessories,Belts,61.58,2017-06-15,2386,Accessories,Belts,61.58,15-06-2017,False,False,False,False,False,False,valid,DD-MM-YYYY,False
2387,2387,Accessories,Scarves,87.37,2015-12-15,2387,Accessories,Scarves,87.37,15-12-2015,False,False,False,False,False,False,valid,DD-MM-YYYY,False
2388,2388,Accessories,Hats,95.65,2023-11-07,2388,Accessories,Hats,95.65,2023-11-07,False,False,False,False,False,False,valid,YYYY-MM-DD,False
2389,2389,Accessories,Belts,71.57,2019-06-30,2389,Accessories,Belts,71.57,2019-06-30,False,False,False,False,False,False,valid,YYYY-MM-DD,False
2390,2390,Accessories,Hats,97.98,2016-05-20,2390,Accessories,Hats,97.98,2016-05-20,False,False,False,False,False,False,valid,YYYY-MM-DD,False
2391,2391,Kids,Shoes,44.67,2021-08-02,2391,Kids,Shoes,44.67,2021/08/02,False,False,False,False,False,False,valid,YYYY-MM-DD,False
2392,2392,Women,Outerwear,134.19,2015-07-18,2392,Women,Outerwear,134.19,2015.07.18,False,False,False,False,False,False,valid,YYYY-MM-DD,False
2393,2393,Shoes,Sneakers,286.02,2019-07-04,2393,Shoes,Sneakers,286.02,2019/07/04,False,False,False,False,False,False,valid,YYYY-MM-DD,False
2394,2394,Men,Shirts,176.14,2022-01-17,2394,Men,Shirts,176.14,2022/01/17,False,False,False,False,False,False,valid,YYYY-MM-DD,False
2395,2395,Kids,Outerwear,94.22,,2395,Kids,Outerwear,94.22,,False,False,False,False,False,False,missing,missing,False
2396,2396,Shoes,Heels,164.85,2019-07-14,2396,Shoes,Heels,164.85,2019-07-14,False,False,False,False,False,False,valid,YYYY-MM-DD,False
2397,2397,Accessories,Jewelry,73.92,2018-09-13,2397,Accessories,Jewelry,73.92,2018-09-13,False,False,False,False,False,False,valid,YYYY-MM-DD,False
2398,2398,Men,Activewear,114.43,,2398,Men,Activewear,114.43,2024-13-40,False,False,False,False,False,False,invalid,unsupported_or_invalid,False
2399,2399,Men,Suits,158.27,2016-11-05,2399,Men,Suits,158.27,05-11-2016,False,False,False,False,False,False,valid,DD-MM-YYYY,True
2400,2400,Shoes,Heels,267.75,2015-09-30,2400,Shoes,Heels,267.75,2015-09-30,False,False,False,False,False,False,valid,YYYY-MM-DD,False
2401,2401,Women,Jeans,220.61,2016-07-26,2401,Women,Jeans,220.61,2016-07-26,False,False,False,False,False,False,valid,YYYY-MM-DD,False
2402,2402,Kids,Sleepwear,104.19,2023-01-05,2402,Kids,Sleepwear,104.19,05/01/2023,False,False,False,False,False,False,valid,DD-MM-YYYY,True
2403,2403,Shoes,Sandals,179.43,2019-09-13,2403,Shoes,Sandals,179.43,2019/09/13,False,False,False,False,False,False,valid,YYYY-MM-DD,False
2404,2404,Kids,Sleepwear,90.55,2015-05-17,2404,Kids,Sleepwear,90.55,2015/05/17,False,False,False,False,False,False,valid,YYYY-MM-DD,False
2405,2405,Men,Jeans,147.15,2016-09-08,2405,Men,Jeans,147.15,08-09-2016,False,False,False,False,False,False,valid,DD-MM-YYYY,True
2406,2406,Accessories,Scarves,113.96,2015-04-13,2406,Accessories,Scarves,113.96,2015-04-13,False,False,False,False,False,False,valid,YYYY-MM-DD,False
2407,2407,Men,Jeans,241.49,2023-02-23,2407,Men,Jeans,241.49,2023-02-23,False,False,False,False,False,False,valid,YYYY-MM-DD,False
2408,2408,Shoes,Sandals,123.09,2019-08-13,2408,Shoes,Sandals,123.09,13-08-2019,False,False,False,False,False,False,valid,DD-MM-YYYY,False
2409,2409,Kids,Sleepwear,84.72,2015-09-06,2409,Kids,Sleepwear,84.72,2015-09-06,False,False,False,False,False,False,valid,YYYY-MM-DD,False
2410,2410,Women,Outerwear,234.53,2017-03-19,2410,Women,Outerwear,234.53,2017-03-19,False,False,False,False,False,False,valid,YYYY-MM-DD,False
2411,2411,Kids,Shoes,57.02,2021-03-01,2411,Kids,Shoes,57.02,2021.03.01,False,False,False,False,False,False,valid,YYYY-MM-DD,False
2412,2412,Women,Outerwear,151.03,2020-12-08,2412,Women,Outerwear,151.03,2020-12-08,False,False,False,False,False,False,valid,YYYY-MM-DD,False
2413,2413,Accessories,Bags,104.13,2023-03-12,2413,Accessories,Bags,104.13,2023-03-12,False,False,False,False,False,False,valid,YYYY-MM-DD,False
2414,2414,Shoes,Sandals,207.72,2015-04-05,2414,Shoes,Sandals,207.72,2015-04-05,False,False,False,False,False,False,valid,YYYY-MM-DD,False
2415,2415,Men,Suits,96.16,2015-09-11,2415,Men,Suits,96.16,11-09-2015,False,False,False,False,False,False,valid,DD-MM-YYYY,True
2416,2416,Kids,Tops,103.39,2015-05-10,2416,Kids,Tops,103.39,2015-05-10,False,False,False,False,False,False,valid,YYYY-MM-DD,False
2417,2417,Shoes,Sneakers,256.65,2018-12-10,2417,Shoes,Sneakers,256.65,10/12/2018,False,False,False,False,False,False,valid,DD-MM-YYYY,True
2418,2418,Men,Jeans,180.34,2022-04-10,2418,Men,Jeans,180.34,10-04-2022,False,False,False,False,False,False,valid,DD-MM-YYYY,True
2419,2419,Men,T-Shirts,125.19,2021-08-18,2419,Men,T-Shirts,125.19,2021.08.18,False,False,False,False,False,False,valid,YYYY-MM-DD,False
2420,2420,Kids,Outerwear,91.95,2017-02-06,2420,Kids,Outerwear,91.95,2017-02-06,False,False,False,False,False,False,valid,YYYY-MM-DD,False
2421,2421,Men,T-Shirts,124.02,2021-07-28,2421,Men,T-Shirts,124.02,2021-07-28,False,False,False,False,False,False,valid,YYYY-MM-DD,False
2422,2422,Shoes,Loafers,201.71,2021-07-25,2422,Shoes,Loafers,201.71,2021/07/25,False,False,False,False,False,False,valid,YYYY-MM-DD,False
2423,2423,Women,Outerwear,276.91,2016-11-30,2423,Women,Outerwear,276.91,2016-11-30,False,False,False,False,False,False,valid,YYYY-MM-DD,False
2424,2424,Accessories,Scarves,122.87,2022-07-02,2424,Accessories,Scarves,122.87,2022-07-02,False,False,False,False,False,False,valid,YYYY-MM-DD,False
2425,2425,Men,Jeans,112.5,2019-03-23,2425,Men,Jeans,112.5,2019/03/23,False,False,False,False,False,False,valid,YYYY-MM-DD,False
2426,2426,Kids,Tops,94.06,2015-08-05,2426,Kids,Tops,94.06,05-08-2015,False,False,False,False,False,False,valid,DD-MM-YYYY,True
2427,2427,Women,Jeans,119.17,2018-11-27,2427,Women,Jeans,119.17,2018-11-27,False,False,False,False,False,False,valid,YYYY-MM-DD,False
2428,2428,Men,Activewear,112.04,2022-09-12,2428,Men,Activewear,112.04,2022/09/12,False,False,False,False,False,False,valid,YYYY-MM-DD,False
2429,2429,Shoes,Sneakers,162.74,2021-12-18,2429,Shoes,Sneakers,162.74,2021-12-18,False,False,False,False,False,False,valid,YYYY-MM-DD,False
2430,2430,Men,Jeans,142.23,2017-09-07,2430,Men,Jeans,142.23,2017-09-07,False,False,False,False,False,False,valid,YYYY-MM-DD,False
2431,2431,Women,Dresses,222.16,2022-07-27,2431,Women,Dresses,222.16,2022-07-27,False,False,False,False,False,False,valid,YYYY-MM-DD,False
2432,2432,Kids,Sleepwear,103.01,2018-11-24,2432,Kids,Sleepwear,103.01,24-11-2018,False,False,False,False,False,False,valid,DD-MM-YYYY,False
2433,2433,Women,Lingerie,203.53,2019-08-09,2433,Women,Lingerie,203.53,2019/08/09,False,False,False,False,False,False,valid,YYYY-MM-DD,False
2434,2434,Men,Suits,116.04,2015-11-13,2434,Men,Suits,116.04,13-11-2015,False,False,False,False,False,False,valid,DD-MM-YYYY,False
2435,2435,Kids,Bottoms,77.82,2024-12-21,2435,Kids,Bottoms,77.82,21-12-2024,False,False,False,False,False,False,valid,DD-MM-YYYY,False
2436,2436,Kids,Outerwear,96.12,2023-05-22,2436,Kids,Outerwear,96.12,2023-05-22,False,False,False,False,False,False,valid,YYYY-MM-DD,False
2437,2437,Shoes,Loafers,185.44,2016-12-13,2437,Shoes,Loafers,185.44,2016-12-13,False,False,False,False,False,False,valid,YYYY-MM-DD,False
2438,2438,Shoes,Heels,204.69,2020-08-10,2438,Shoes,Heels,204.69,2020-08-10,False,False,False,False,False,False,valid,YYYY-MM-DD,False
2439,2439,Accessories,Belts,133.24,2022-10-21,2439,Accessories,Belts,133.24,2022/10/21,False,False,False,False,False,False,valid,YYYY-MM-DD,False
2440,2440,Women,Jeans,164.31,2020-01-18,2440,Women,Jeans,164.31,2020-01-18,False,False,False,False,False,False,valid,YYYY-MM-DD,False
2441,2441,Men,Suits,169.04,2017-02-09,2441,Men,Suits,169.04,2017-02-09,False,False,False,False,False,False,valid,YYYY-MM-DD,False
2442,2442,Women,Jeans,251.67,2024-09-08,2442,Women,Jeans,251.67,2024.09.08,False,False,False,False,False,False,valid,YYYY-MM-DD,False
2443,2443,Women,Lingerie,172.27,2017-09-08,2443,Women,Lingerie,172.27,2017/09/08,False,False,False,False,False,False,valid,YYYY-MM-DD,False
2444,2444,Men,T-Shirts,207.17,2018-05-06,2444,Men,T-Shirts,207.17,2018.05.06,False,False,False,False,False,False,valid,YYYY-MM-DD,False
2445,2445,Kids,Tops,102.59,2018-09-19,2445,Kids,Tops,102.59,2018-09-19,False,False,False,False,False,False,valid,YYYY-MM-DD,False
2446,2446,Accessories,Scarves,75.98,2023-11-29,2446,Accessories,Scarves,75.98,2023-11-29,False,False,False,False,False,False,valid,YYYY-MM-DD,False
2447,2447,Shoes,Boots,159.38,2020-01-01,2447,Shoes,Boots,159.38,2020-01-01,False,False,False,False,False,False,valid,YYYY-MM-DD,False
2448,2448,Shoes,Heels,174.15,2022-03-14,2448,Shoes,Heels,174.15,2022-03-14,False,False,False,False,False,False,valid,YYYY-MM-DD,False
2449,2449,Shoes,Boots,172.98,2024-01-06,2449,Shoes,Boots,172.98,06-01-2024,False,False,False,False,False,False,valid,DD-MM-YYYY,True
2450,2450,Women,Jeans,175.94,2024-04-14,2450,Women,Jeans,175.94,14-04-2024,False,False,False,False,False,False,valid,DD-MM-YYYY,False
2451,2451,Accessories,Belts,138.44,2023-07-26,2451,Accessories,Belts,138.44,2023-07-26,False,False,False,False,False,False,valid,YYYY-MM-DD,False
2452,2452,Accessories,Bags,157.65,2024-01-30,2452,Accessories,Bags,157.65,2024-01-30,False,False,False,False,False,False,valid,YYYY-MM-DD,False
2453,2453,Women,Activewear,193.87,2024-06-25,2453,Women,Activewear,193.87,2024/06/25,False,False,False,False,False,False,valid,YYYY-MM-DD,False
2454,2454,Kids,Tops,79.97,,2454,Kids,Tops,79.97,,False,False,False,False,False,False,missing,missing,False
2455,2455,Accessories,Belts,57.53,2021-06-07,2455,Accessories,Belts,57.53,2021/06/07,False,False,False,False,False,False,valid,YYYY-MM-DD,False
2456,2456,Kids,Tops,91.59,2016-04-26,2456,Kids,Tops,91.59,2016-04-26,False,False,False,False,False,False,valid,YYYY-MM-DD,False
2457,2457,Accessories,Bags,120.77,2016-02-18,2457,Accessories,Bags,120.77,2016/02/18,False,False,False,False,False,False,valid,YYYY-MM-DD,False
2458,2458,Accessories,Belts,125.49,2022-12-17,2458,Accessories,Belts,125.49,2022-12-17,False,False,False,False,False,False,valid,YYYY-MM-DD,False
2459,2459,Kids,Shoes,137.39,2018-02-28,2459,Kids,Shoes,137.39,2018/02/28,False,False,False,False,False,False,valid,YYYY-MM-DD,False
2460,2460,Women,Lingerie,235.83,2023-01-17,2460,Women,Lingerie,235.83,2023-01-17,False,False,False,False,False,False,valid,YYYY-MM-DD,False
2461,2461,Men,Outerwear,191.4,2024-05-07,2461,Men,Outerwear,191.4,07-05-2024,False,False,False,False,False,False,valid,DD-MM-YYYY,True
2462,2462,Men,Activewear,121.52,2021-06-11,2462,Men,Activewear,121.52,2021-06-11,False,False,False,False,False,False,valid,YYYY-MM-DD,False
2463,2463,Kids,Shoes,78.46,2022-08-23,2463,Kids,Shoes,78.46,2022/08/23,False,False,False,False,False,False,valid,YYYY-MM-DD,False
2464,2464,Kids,Bottoms,87.87,2017-10-15,2464,Kids,Bottoms,87.87,2017.10.15,False,False,False,False,False,False,valid,YYYY-MM-DD,False
2465,2465,Kids,Shoes,72.55,2019-05-07,2465,Kids,Shoes,72.55,2019-05-07,False,False,False,False,False,False,valid,YYYY-MM-DD,False
2466,2466,Women,Dresses,202.52,,2466,Women,Dresses,202.52,,False,False,False,False,False,False,missing,missing,False
2467,2467,Men,Jeans,174.28,2023-03-03,2467,Men,Jeans,174.28,2023/03/03,False,False,False,False,False,False,valid,YYYY-MM-DD,False
2468,2468,Shoes,Boots,160.14,2017-01-16,2468,Shoes,Boots,160.14,2017-01-16,False,False,False,False,False,False,valid,YYYY-MM-DD,False
2469,2469,Women,Dresses,233.86,2024-05-13,2469,Women,Dresses,233.86,13-05-2024,False,False,False,False,False,False,valid,DD-MM-YYYY,False
2470,2470,Men,Suits,164.09,2019-12-30,2470,Men,Suits,164.09,2019-12-30,False,False,False,False,False,False,valid,YYYY-MM-DD,False
2471,2471,Accessories,Jewelry,68.13,2023-06-10,2471,Accessories,Jewelry,68.13,2023-06-10,False,False,False,False,False,False,valid,YYYY-MM-DD,False
2472,2472,Women,Jeans,177.69,2020-03-19,2472,Women,Jeans,177.69,2020.03.19,False,False,False,False,False,False,valid,YYYY-MM-DD,False
2473,2473,Kids,Shoes,96.33,2021-01-15,2473,Kids,Shoes,96.33,2021-01-15,False,False,False,False,False,False,valid,YYYY-MM-DD,False
2474,2474,Men,Suits,198.91,,2474,Men,Suits,198.91,,False,False,False,False,False,False,missing,missing,False
2475,2475,Women,Activewear,164.81,2018-05-22,2475,Women,Activewear,164.81,22-05-2018,False,False,False,False,False,False,valid,DD-MM-YYYY,False
2476,2476,Kids,Shoes,108.63,2022-03-24,2476,Kids,Shoes,108.63,2022-03-24,False,False,False,False,False,False,valid,YYYY-MM-DD,False
2477,2477,Kids,Outerwear,94.21,2023-06-05,2477,Kids,Outerwear,94.21,2023-06-05,False,False,False,False,False,False,valid,YYYY-MM-DD,False
2478,2478,Women,Dresses,120.82,2015-11-21,2478,Women,Dresses,120.82,2015-11-21,False,False,False,False,False,False,valid,YYYY-MM-DD,False
2479,2479,Women,Lingerie,116.32,2015-10-08,2479,Women,Lingerie,116.32,2015-10-08,False,False,False,False,False,False,valid,YYYY-MM-DD,False
2480,2480,Women,Outerwear,230.52,2021-12-06,2480,Women,Outerwear,230.52,2021-12-06,False,False,False,False,False,False,valid,YYYY-MM-DD,False
2481,2481,Shoes,Loafers,285.78,2019-06-22,2481,Shoes,Loafers,285.78,2019/06/22,False,False,False,False,False,False,valid,YYYY-MM-DD,False
2482,2482,Accessories,Jewelry,129.69,,2482,Accessories,Jewelry,129.69,,False,False,False,False,False,False,missing,missing,False
2483,2483,Women,Tops,247.31,2015-09-07,2483,Women,Tops,247.31,2015-09-07,False,False,False,False,False,False,valid,YYYY-MM-DD,False
2484,2484,Men,Outerwear,202.26,2018-06-30,2484,Men,Outerwear,202.26,2018/06/30,False,False,False,False,False,False,valid,YYYY-MM-DD,False
2485,2485,Men,Jeans,187.35,2015-05-10,2485,Men,Jeans,187.35,2015/05/10,False,False,False,False,False,False,valid,YYYY-MM-DD,False
2486,2486,Men,Shirts,123.55,2022-02-04,2486,Men,Shirts,123.55,2022-02-04,False,False,False,False,False,False,valid,YYYY-MM-DD,False
2487,2487,Men,T-Shirts,229.26,2023-07-31,2487,Men,T-Shirts,229.26,2023-07-31,False,False,False,False,False,False,valid,YYYY-MM-DD,False
2488,2488,Women,Lingerie,204.13,2016-07-26,2488,Women,Lingerie,204.13,26-07-2016,False,False,False,False,False,False,valid,DD-MM-YYYY,False
2489,2489,Kids,Shoes,81.32,2018-03-29,2489,Kids,Shoes,81.32,2018/03/29,False,False,False,False,False,False,valid,YYYY-MM-DD,False
2490,2490,Men,T-Shirts,133.27,2023-06-18,2490,Men,T-Shirts,133.27,2023-06-18,False,False,False,False,False,False,valid,YYYY-MM-DD,False
2491,2491,Men,Activewear,170.27,2015-06-01,2491,Men,Activewear,170.27,2015-06-01,False,False,False,False,False,False,valid,YYYY-MM-DD,False
2492,2492,Men,Activewear,93.16,2024-07-09,2492,Men,Activewear,93.16,09-07-2024,False,False,False,False,False,False,valid,DD-MM-YYYY,True
2493,2493,Accessories,Jewelry,140.99,2023-11-15,2493,Accessories,Jewelry,140.99,2023-11-15,False,False,False,False,False,False,valid,YYYY-MM-DD,False
2494,2494,Shoes,Heels,167.55,2016-07-11,2494,Shoes,Heels,167.55,2016-07-11,False,False,False,False,False,False,valid,YYYY-MM-DD,False
2495,2495,Kids,Sleepwear,98.34,2016-05-22,2495,Kids,Sleepwear,98.34,2016-05-22,False,False,False,False,False,False,valid,YYYY-MM-DD,False
2496,2496,Men,Jeans,139.14,2021-12-02,2496,Men,Jeans,139.14,2021-12-02,False,False,False,False,False,False,valid,YYYY-MM-DD,False
2497,2497,Accessories,Scarves,112.07,2015-02-06,2497,Accessories,Scarves,112.07,2015-02-06,False,False,False,False,False,False,valid,YYYY-MM-DD,False
2498,2498,Accessories,Jewelry,97.29,2020-01-22,2498,Accessories,Jewelry,97.29,2020/01/22,False,False,False,False,False,False,valid,YYYY-MM-DD,False
2499,2499,Women,Activewear,172.74,2015-08-29,2499,Women,Activewear,172.74,2015-08-29,False,False,False,False,False,False,valid,YYYY-MM-DD,False
2500,2500,Accessories,Hats,176.68,2020-04-25,2500,Accessories,Hats,176.68,2020-04-25,False,False,False,False,False,False,valid,YYYY-MM-DD,False
